# Tabulated 12-6-4 potentials: Mg2+ -- O pairs
# Li-Merz JCTC 2014 [APPROX] — verify before production
# U(r) = eps_ij[(Rmin_ij/r)^12 - 2(Rmin_ij/r)^6] - C4/r^4
# Units: real (kcal/mol, Angstrom)

MG_OW
N 3000 R 1.5000 9.0000

     1  1.500000  303.11848040  2476.27350562
     2  1.502501  296.99286136  2422.79684127
     3  1.505002  290.99942640  2370.55633386
     4  1.507503  285.13512243  2319.52147323
     5  1.510003  279.39697162  2269.66255050
     6  1.512504  273.78206950  2220.95063570
     7  1.515005  268.28758297  2173.35755618
     8  1.517506  262.91074847  2126.85587553
     9  1.520007  257.64887015  2081.41887322
    10  1.522508  252.49931810  2037.02052478
    11  1.525008  247.45952667  1993.63548258
    12  1.527509  242.52699275  1951.23905715
    13  1.530010  237.69927418  1909.80719908
    14  1.532511  232.97398815  1869.31648142
    15  1.535012  228.34880970  1829.74408257
    16  1.537513  223.82147018  1791.06776976
    17  1.540013  219.38975583  1753.26588286
    18  1.542514  215.05150636  1716.31731880
    19  1.545015  210.80461357  1680.20151637
    20  1.547516  206.64702002  1644.89844145
    21  1.550017  202.57671773  1610.38857269
    22  1.552518  198.59174693  1576.65288759
    23  1.555018  194.69019476  1543.67284902
    24  1.557519  190.87019419  1511.43039204
    25  1.560020  187.12992275  1479.90791116
    26  1.562521  183.46760143  1449.08824797
    27  1.565022  179.88149363  1418.95467909
    28  1.567523  176.36990399  1389.49090447
    29  1.570023  172.93117742  1360.68103604
    30  1.572524  169.56369807  1332.50958665
    31  1.575025  166.26588830  1304.96145939
    32  1.577526  163.03620778  1278.02193709
    33  1.580027  159.87315250  1251.67667226
    34  1.582528  156.77525389  1225.91167722
    35  1.585028  153.74107791  1200.71331451
    36  1.587529  150.76922420  1176.06828765
    37  1.590030  147.85832525  1151.96363203
    38  1.592531  145.00704555  1128.38670618
    39  1.595032  142.21408081  1105.32518323
    40  1.597533  139.47815719  1082.76704256
    41  1.600033  136.79803054  1060.70056180
    42  1.602534  134.17248564  1039.11430893
    43  1.605035  131.60033554  1017.99713469
    44  1.607536  129.08042079  997.33816513
    45  1.610037  126.61160881  977.12679445
    46  1.612538  124.19279323  957.35267796
    47  1.615038  121.82289322  938.00572524
    48  1.617539  119.50085287  919.07609359
    49  1.620040  117.22564057  900.55418149
    50  1.622541  114.99624847  882.43062240
    51  1.625042  112.81169181  864.69627865
    52  1.627543  110.67100842  847.34223549
    53  1.630043  108.57325815  830.35979533
    54  1.632544  106.51752235  813.74047217
    55  1.635045  104.50290332  797.47598608
    56  1.637546  102.52852380  781.55825795
    57  1.640047  100.59352651  765.97940430
    58  1.642548  98.69707365  750.73173224
    59  1.645048  96.83834640  735.80773464
    60  1.647549  95.01654451  721.20008533
    61  1.650050  93.23088583  706.90163448
    62  1.652551  91.48060585  692.90540411
    63  1.655052  89.76495733  679.20458371
    64  1.657553  88.08320983  665.79252599
    65  1.660053  86.43464937  652.66274271
    66  1.662554  84.81857796  639.80890066
    67  1.665055  83.23431329  627.22481772
    68  1.667556  81.68118831  614.90445907
    69  1.670057  80.15855088  602.84193344
    70  1.672558  78.66576344  591.03148948
    71  1.675058  77.20220260  579.46751228
    72  1.677559  75.76725889  568.14451992
    73  1.680060  74.36033636  557.05716010
    74  1.682561  72.98085229  546.20020693
    75  1.685062  71.62823687  535.56855775
    76  1.687563  70.30193293  525.15723006
    77  1.690063  69.00139557  514.96135851
    78  1.692564  67.72609194  504.97619198
    79  1.695065  66.47550092  495.19709072
    80  1.697566  65.24911288  485.61952364
    81  1.700067  64.04642936  476.23906555
    82  1.702568  62.86696285  467.05139456
    83  1.705068  61.71023652  458.05228955
    84  1.707569  60.57578397  449.23762761
    85  1.710070  59.46314901  440.60338172
    86  1.712571  58.37188537  432.14561828
    87  1.715072  57.30155652  423.86049489
    88  1.717573  56.25173544  415.74425806
    89  1.720073  55.22200437  407.79324107
    90  1.722574  54.21195461  400.00386181
    91  1.725075  53.22118634  392.37262073
    92  1.727576  52.24930836  384.89609882
    93  1.730077  51.29593795  377.57095564
    94  1.732578  50.36070062  370.39392739
    95  1.735078  49.44322997  363.36182511
    96  1.737579  48.54316748  356.47153277
    97  1.740080  47.66016232  349.72000558
    98  1.742581  46.79387119  343.10426822
    99  1.745082  45.94395817  336.62141317
   100  1.747583  45.11009450  330.26859908
   101  1.750083  44.29195846  324.04304918
   102  1.752584  43.48923518  317.94204968
   103  1.755085  42.70161652  311.96294832
   104  1.757586  41.92880088  306.10315286
   105  1.760087  41.17049307  300.36012963
   106  1.762588  40.42640418  294.73140214
   107  1.765088  39.69625142  289.21454972
   108  1.767589  38.97975796  283.80720616
   109  1.770090  38.27665286  278.50705845
   110  1.772591  37.58667086  273.31184549
   111  1.775092  36.90955233  268.21935685
   112  1.777593  36.24504307  263.22743156
   113  1.780093  35.59289424  258.33395698
   114  1.782594  34.95286224  253.53686761
   115  1.785095  34.32470854  248.83414400
   116  1.787596  33.70819964  244.22381163
   117  1.790097  33.10310690  239.70393990
   118  1.792598  32.50920647  235.27264106
   119  1.795098  31.92627915  230.92806921
   120  1.797599  31.35411032  226.66841932
   121  1.800100  30.79248982  222.49192625
   122  1.802601  30.24121187  218.39686387
   123  1.805102  29.70007492  214.38154409
   124  1.807603  29.16888163  210.44431598
   125  1.810103  28.64743873  206.58356494
   126  1.812604  28.13555695  202.79771182
   127  1.815105  27.63305091  199.08521211
   128  1.817606  27.13973908  195.44455511
   129  1.820107  26.65544363  191.87426318
   130  1.822608  26.17999041  188.37289096
   131  1.825108  25.71320884  184.93902462
   132  1.827609  25.25493184  181.57128113
   133  1.830110  24.80499573  178.26830754
   134  1.832611  24.36324020  175.02878032
   135  1.835112  23.92950820  171.85140464
   136  1.837613  23.50364591  168.73491376
   137  1.840113  23.08550260  165.67806831
   138  1.842614  22.67493063  162.67965576
   139  1.845115  22.27178537  159.73848972
   140  1.847616  21.87592511  156.85340938
   141  1.850117  21.48721101  154.02327893
   142  1.852618  21.10550705  151.24698698
   143  1.855118  20.73067994  148.52344600
   144  1.857619  20.36259911  145.85159179
   145  1.860120  20.00113660  143.23038294
   146  1.862621  19.64616703  140.65880032
   147  1.865122  19.29756755  138.13584655
   148  1.867623  18.95521777  135.66054556
   149  1.870123  18.61899972  133.23194205
   150  1.872624  18.28879778  130.84910105
   151  1.875125  17.96449867  128.51110749
   152  1.877626  17.64599135  126.21706569
   153  1.880127  17.33316700  123.96609896
   154  1.882628  17.02591899  121.75734918
   155  1.885128  16.72414277  119.58997637
   156  1.887629  16.42773591  117.46315828
   157  1.890130  16.13659801  115.37609002
   158  1.892631  15.85063063  113.32798362
   159  1.895132  15.56973731  111.31806772
   160  1.897633  15.29382349  109.34558714
   161  1.900133  15.02279648  107.40980256
   162  1.902634  14.75656542  105.50999013
   163  1.905135  14.49504123  103.64544119
   164  1.907636  14.23813659  101.81546185
   165  1.910137  13.98576592  100.01937273
   166  1.912638  13.73784528  98.25650861
   167  1.915138  13.49429240  96.52621812
   168  1.917639  13.25502664  94.82786344
   169  1.920140  13.01996889  93.16082000
   170  1.922641  12.78904162  91.52447617
   171  1.925142  12.56216882  89.91823301
   172  1.927643  12.33927594  88.34150398
   173  1.930143  12.12028989  86.79371464
   174  1.932644  11.90513901  85.27430243
   175  1.935145  11.69375301  83.78271638
   176  1.937646  11.48606300  82.31841685
   177  1.940147  11.28200138  80.88087531
   178  1.942648  11.08150190  79.46957411
   179  1.945148  10.88449957  78.08400617
   180  1.947649  10.69093065  76.72367485
   181  1.950150  10.50073265  75.38809363
   182  1.952651  10.31384426  74.07678596
   183  1.955152  10.13020537  72.78928502
   184  1.957653  9.94975701  71.52513349
   185  1.960153  9.77244136  70.28388337
   186  1.962654  9.59820169  69.06509579
   187  1.965155  9.42698237  67.86834077
   188  1.967656  9.25872882  66.69319707
   189  1.970157  9.09338752  65.53925198
   190  1.972658  8.93090596  64.40610115
   191  1.975158  8.77123263  63.29334838
   192  1.977659  8.61431701  62.20060551
   193  1.980160  8.46010954  61.12749219
   194  1.982661  8.30856159  60.07363571
   195  1.985162  8.15962546  59.03867089
   196  1.987663  8.01325435  58.02223987
   197  1.990163  7.86940236  57.02399198
   198  1.992664  7.72802445  56.04358359
   199  1.995165  7.58907642  55.08067792
   200  1.997666  7.45251491  54.13494495
   201  2.000167  7.31829739  53.20606125
   202  2.002668  7.18638212  52.29370984
   203  2.005168  7.05672814  51.39758005
   204  2.007669  6.92929526  50.51736740
   205  2.010170  6.80404406  49.65277347
   206  2.012671  6.68093583  48.80350574
   207  2.015172  6.55993262  47.96927753
   208  2.017673  6.44099717  47.14980780
   209  2.020173  6.32409290  46.34482111
   210  2.022674  6.20918395  45.55404742
   211  2.025175  6.09623509  44.77722206
   212  2.027676  5.98521177  44.01408556
   213  2.030177  5.87608008  43.26438356
   214  2.032678  5.76880673  42.52786671
   215  2.035178  5.66335906  41.80429055
   216  2.037679  5.55970499  41.09341543
   217  2.040180  5.45781308  40.39500639
   218  2.042681  5.35765241  39.70883306
   219  2.045182  5.25919270  39.03466960
   220  2.047683  5.16240416  38.37229457
   221  2.050183  5.06725760  37.72149084
   222  2.052684  4.97372435  37.08204553
   223  2.055185  4.88177626  36.45374990
   224  2.057686  4.79138570  35.83639924
   225  2.060187  4.70252556  35.22979287
   226  2.062688  4.61516921  34.63373396
   227  2.065188  4.52929051  34.04802951
   228  2.067689  4.44486382  33.47249026
   229  2.070190  4.36186394  32.90693060
   230  2.072691  4.28026613  32.35116850
   231  2.075192  4.20004614  31.80502546
   232  2.077693  4.12118011  31.26832640
   233  2.080193  4.04364465  30.74089963
   234  2.082694  3.96741677  30.22257674
   235  2.085195  3.89247392  29.71319257
   236  2.087696  3.81879395  29.21258512
   237  2.090197  3.74635511  28.72059549
   238  2.092698  3.67513604  28.23706784
   239  2.095198  3.60511577  27.76184928
   240  2.097699  3.53627370  27.29478987
   241  2.100200  3.46858963  26.83574251
   242  2.102701  3.40204369  26.38456290
   243  2.105202  3.33661639  25.94110951
   244  2.107703  3.27228857  25.50524348
   245  2.110203  3.20904144  25.07682858
   246  2.112704  3.14685652  24.65573120
   247  2.115205  3.08571568  24.24182022
   248  2.117706  3.02560112  23.83496703
   249  2.120207  2.96649533  23.43504544
   250  2.122708  2.90838114  23.04193165
   251  2.125208  2.85124168  22.65550417
   252  2.127709  2.79506038  22.27564384
   253  2.130210  2.73982095  21.90223372
   254  2.132711  2.68550741  21.53515907
   255  2.135212  2.63210406  21.17430731
   256  2.137713  2.57959548  20.81956796
   257  2.140213  2.52796651  20.47083262
   258  2.142714  2.47720227  20.12799493
   259  2.145215  2.42728814  19.79095051
   260  2.147716  2.37820978  19.45959691
   261  2.150217  2.32995306  19.13383363
   262  2.152718  2.28250413  18.81356201
   263  2.155218  2.23584938  18.49868525
   264  2.157719  2.18997544  18.18910834
   265  2.160220  2.14486918  17.88473803
   266  2.162721  2.10051767  17.58548281
   267  2.165222  2.05690825  17.29125287
   268  2.167723  2.01402846  17.00196005
   269  2.170223  1.97186606  16.71751784
   270  2.172724  1.93040903  16.43784130
   271  2.175225  1.88964555  16.16284709
   272  2.177726  1.84956401  15.89245340
   273  2.180227  1.81015302  15.62657990
   274  2.182728  1.77140136  15.36514777
   275  2.185228  1.73329802  15.10807963
   276  2.187729  1.69583220  14.85529951
   277  2.190230  1.65899325  14.60673286
   278  2.192731  1.62277073  14.36230646
   279  2.195232  1.58715438  14.12194846
   280  2.197733  1.55213411  13.88558831
   281  2.200233  1.51770001  13.65315675
   282  2.202734  1.48384234  13.42458580
   283  2.205235  1.45055154  13.19980869
   284  2.207736  1.41781819  12.97875989
   285  2.210237  1.38563305  12.76137506
   286  2.212738  1.35398703  12.54759101
   287  2.215238  1.32287122  12.33734573
   288  2.217739  1.29227684  12.13057830
   289  2.220240  1.26219526  11.92722892
   290  2.222741  1.23261801  11.72723889
   291  2.225242  1.20353676  11.53055054
   292  2.227743  1.17494332  11.33710725
   293  2.230243  1.14682966  11.14685344
   294  2.232744  1.11918786  10.95973452
   295  2.235245  1.09201015  10.77569687
   296  2.237746  1.06528888  10.59468786
   297  2.240247  1.03901656  10.41665578
   298  2.242748  1.01318580  10.24154988
   299  2.245248  0.98778934  10.06932029
   300  2.247749  0.96282005  9.89991804
   301  2.250250  0.93827093  9.73329506
   302  2.252751  0.91413507  9.56940410
   303  2.255252  0.89040571  9.40819880
   304  2.257753  0.86707619  9.24963358
   305  2.260253  0.84413996  9.09366371
   306  2.262754  0.82159059  8.94024524
   307  2.265255  0.79942174  8.78933500
   308  2.267756  0.77762720  8.64089061
   309  2.270257  0.75620086  8.49487040
   310  2.272758  0.73513670  8.35123347
   311  2.275258  0.71442882  8.20993966
   312  2.277759  0.69407139  8.07094947
   313  2.280260  0.67405872  7.93422415
   314  2.282761  0.65438519  7.79972561
   315  2.285262  0.63504527  7.66741643
   316  2.287763  0.61603353  7.53725986
   317  2.290263  0.59734464  7.40921979
   318  2.292764  0.57897334  7.28326075
   319  2.295265  0.56091448  7.15934790
   320  2.297766  0.54316299  7.03744701
   321  2.300267  0.52571387  6.91752442
   322  2.302768  0.50856221  6.79954712
   323  2.305268  0.49170320  6.68348262
   324  2.307769  0.47513209  6.56929903
   325  2.310270  0.45884421  6.45696501
   326  2.312771  0.44283498  6.34644978
   327  2.315272  0.42709989  6.23772307
   328  2.317773  0.41163450  6.13075516
   329  2.320273  0.39643445  6.02551684
   330  2.322774  0.38149545  5.92197941
   331  2.325275  0.36681329  5.82011467
   332  2.327776  0.35238381  5.71989491
   333  2.330277  0.33820293  5.62129289
   334  2.332778  0.32426664  5.52428186
   335  2.335278  0.31057100  5.42883552
   336  2.337779  0.29711213  5.33492803
   337  2.340280  0.28388621  5.24253400
   338  2.342781  0.27088948  5.15162848
   339  2.345282  0.25811826  5.06218693
   340  2.347783  0.24556891  4.97418525
   341  2.350283  0.23323786  4.88759977
   342  2.352784  0.22112160  4.80240720
   343  2.355285  0.20921667  4.71858467
   344  2.357786  0.19751968  4.63610968
   345  2.360287  0.18602729  4.55496014
   346  2.362788  0.17473620  4.47511432
   347  2.365288  0.16364319  4.39655089
   348  2.367789  0.15274507  4.31924885
   349  2.370290  0.14203871  4.24318758
   350  2.372791  0.13152104  4.16834681
   351  2.375292  0.12118902  4.09470661
   352  2.377793  0.11103969  4.02224740
   353  2.380293  0.10107011  3.95094992
   354  2.382794  0.09127740  3.88079526
   355  2.385295  0.08165873  3.81176479
   356  2.387796  0.07221130  3.74384025
   357  2.390297  0.06293238  3.67700365
   358  2.392798  0.05381926  3.61123732
   359  2.395298  0.04486929  3.54652388
   360  2.397799  0.03607986  3.48284627
   361  2.400300  0.02744841  3.42018769
   362  2.402801  0.01897239  3.35853163
   363  2.405302  0.01064933  3.29786188
   364  2.407803  0.00247677  3.23816247
   365  2.410303  -0.00554768  3.17941772
   366  2.412804  -0.01342640  3.12161221
   367  2.415305  -0.02116172  3.06473079
   368  2.417806  -0.02875592  3.00875854
   369  2.420307  -0.03621127  2.95368082
   370  2.422808  -0.04352998  2.89948321
   371  2.425308  -0.05071424  2.84615154
   372  2.427809  -0.05776620  2.79367189
   373  2.430310  -0.06468796  2.74203056
   374  2.432811  -0.07148161  2.69121407
   375  2.435312  -0.07814919  2.64120920
   376  2.437813  -0.08469272  2.59200291
   377  2.440313  -0.09111418  2.54358241
   378  2.442814  -0.09741552  2.49593509
   379  2.445315  -0.10359866  2.44904859
   380  2.447816  -0.10966547  2.40291072
   381  2.450317  -0.11561783  2.35750952
   382  2.452818  -0.12145755  2.31283320
   383  2.455318  -0.12718645  2.26887019
   384  2.457819  -0.13280627  2.22560911
   385  2.460320  -0.13831878  2.18303876
   386  2.462821  -0.14372567  2.14114812
   387  2.465322  -0.14902865  2.09992636
   388  2.467823  -0.15422935  2.05936284
   389  2.470323  -0.15932943  2.01944707
   390  2.472824  -0.16433049  1.98016877
   391  2.475325  -0.16923410  1.94151779
   392  2.477826  -0.17404183  1.90348416
   393  2.480327  -0.17875520  1.86605810
   394  2.482828  -0.18337573  1.82922995
   395  2.485328  -0.18790489  1.79299024
   396  2.487829  -0.19234415  1.75732964
   397  2.490330  -0.19669495  1.72223898
   398  2.492831  -0.20095869  1.68770923
   399  2.495332  -0.20513677  1.65373153
   400  2.497833  -0.20923055  1.62029714
   401  2.500333  -0.21324140  1.58739747
   402  2.502834  -0.21717063  1.55502408
   403  2.505335  -0.22101954  1.52316867
   404  2.507836  -0.22478943  1.49182305
   405  2.510337  -0.22848156  1.46097919
   406  2.512838  -0.23209718  1.43062919
   407  2.515338  -0.23563750  1.40076525
   408  2.517839  -0.23910374  1.37137974
   409  2.520340  -0.24249708  1.34246511
   410  2.522841  -0.24581869  1.31401397
   411  2.525342  -0.24906972  1.28601903
   412  2.527843  -0.25225130  1.25847312
   413  2.530343  -0.25536455  1.23136919
   414  2.532844  -0.25841056  1.20470029
   415  2.535345  -0.26139042  1.17845962
   416  2.537846  -0.26430518  1.15264044
   417  2.540347  -0.26715589  1.12723616
   418  2.542848  -0.26994358  1.10224027
   419  2.545348  -0.27266926  1.07764638
   420  2.547849  -0.27533394  1.05344820
   421  2.550350  -0.27793858  1.02963954
   422  2.552851  -0.28048417  1.00621431
   423  2.555352  -0.28297165  0.98316651
   424  2.557853  -0.28540195  0.96049024
   425  2.560353  -0.28777601  0.93817971
   426  2.562854  -0.29009471  0.91622921
   427  2.565355  -0.29235897  0.89463312
   428  2.567856  -0.29456966  0.87338591
   429  2.570357  -0.29672765  0.85248214
   430  2.572858  -0.29883378  0.83191647
   431  2.575358  -0.30088889  0.81168362
   432  2.577859  -0.30289382  0.79177842
   433  2.580360  -0.30484937  0.77219576
   434  2.582861  -0.30675635  0.75293063
   435  2.585362  -0.30861554  0.73397809
   436  2.587863  -0.31042772  0.71533329
   437  2.590363  -0.31219365  0.69699143
   438  2.592864  -0.31391409  0.67894781
   439  2.595365  -0.31558977  0.66119780
   440  2.597866  -0.31722142  0.64373686
   441  2.600367  -0.31880977  0.62656048
   442  2.602868  -0.32035550  0.60966426
   443  2.605368  -0.32185933  0.59304385
   444  2.607869  -0.32332194  0.57669498
   445  2.610370  -0.32474399  0.56061344
   446  2.612871  -0.32612616  0.54479509
   447  2.615372  -0.32746909  0.52923585
   448  2.617873  -0.32877343  0.51393172
   449  2.620373  -0.33003982  0.49887875
   450  2.622874  -0.33126886  0.48407305
   451  2.625375  -0.33246119  0.46951080
   452  2.627876  -0.33361740  0.45518823
   453  2.630377  -0.33473809  0.44110164
   454  2.632878  -0.33582384  0.42724739
   455  2.635378  -0.33687523  0.41362188
   456  2.637879  -0.33789283  0.40022158
   457  2.640380  -0.33887719  0.38704302
   458  2.642881  -0.33982887  0.37408277
   459  2.645382  -0.34074841  0.36133747
   460  2.647883  -0.34163633  0.34880380
   461  2.650383  -0.34249318  0.33647850
   462  2.652884  -0.34331946  0.32435835
   463  2.655385  -0.34411568  0.31244019
   464  2.657886  -0.34488235  0.30072091
   465  2.660387  -0.34561995  0.28919744
   466  2.662888  -0.34632898  0.27786677
   467  2.665388  -0.34700990  0.26672592
   468  2.667889  -0.34766321  0.25577199
   469  2.670390  -0.34828934  0.24500208
   470  2.672891  -0.34888878  0.23441336
   471  2.675392  -0.34946195  0.22400305
   472  2.677893  -0.35000931  0.21376840
   473  2.680393  -0.35053129  0.20370671
   474  2.682894  -0.35102833  0.19381532
   475  2.685395  -0.35150083  0.18409161
   476  2.687896  -0.35194923  0.17453300
   477  2.690397  -0.35237392  0.16513695
   478  2.692898  -0.35277532  0.15590097
   479  2.695398  -0.35315382  0.14682258
   480  2.697899  -0.35350981  0.13789938
   481  2.700400  -0.35384367  0.12912897
   482  2.702901  -0.35415580  0.12050901
   483  2.705402  -0.35444654  0.11203719
   484  2.707903  -0.35471629  0.10371123
   485  2.710403  -0.35496539  0.09552888
   486  2.712904  -0.35519421  0.08748795
   487  2.715405  -0.35540309  0.07958626
   488  2.717906  -0.35559239  0.07182168
   489  2.720407  -0.35576244  0.06419209
   490  2.722908  -0.35591357  0.05669542
   491  2.725408  -0.35604612  0.04932964
   492  2.727909  -0.35616041  0.04209273
   493  2.730410  -0.35625676  0.03498271
   494  2.732911  -0.35633548  0.02799763
   495  2.735412  -0.35639689  0.02113559
   496  2.737913  -0.35644130  0.01439468
   497  2.740413  -0.35646899  0.00777304
   498  2.742914  -0.35648027  0.00126885
   499  2.745415  -0.35647543  -0.00511970
   500  2.747916  -0.35645476  -0.01139438
   501  2.750417  -0.35641854  -0.01755695
   502  2.752918  -0.35636704  -0.02360913
   503  2.755418  -0.35630054  -0.02955260
   504  2.757919  -0.35621931  -0.03538905
   505  2.760420  -0.35612362  -0.04112012
   506  2.762921  -0.35601373  -0.04674742
   507  2.765422  -0.35588989  -0.05227255
   508  2.767923  -0.35575237  -0.05769708
   509  2.770423  -0.35560140  -0.06302256
   510  2.772924  -0.35543723  -0.06825050
   511  2.775425  -0.35526011  -0.07338242
   512  2.777926  -0.35507027  -0.07841977
   513  2.780427  -0.35486796  -0.08336403
   514  2.782928  -0.35465339  -0.08821662
   515  2.785428  -0.35442680  -0.09297896
   516  2.787929  -0.35418842  -0.09765242
   517  2.790430  -0.35393845  -0.10223838
   518  2.792931  -0.35367712  -0.10673818
   519  2.795432  -0.35340465  -0.11115316
   520  2.797933  -0.35312124  -0.11548462
   521  2.800433  -0.35282711  -0.11973384
   522  2.802934  -0.35252244  -0.12390209
   523  2.805435  -0.35220745  -0.12799062
   524  2.807936  -0.35188234  -0.13200066
   525  2.810437  -0.35154730  -0.13593342
   526  2.812938  -0.35120251  -0.13979010
   527  2.815438  -0.35084817  -0.14357185
   528  2.817939  -0.35048447  -0.14727985
   529  2.820440  -0.35011159  -0.15091523
   530  2.822941  -0.34972971  -0.15447911
   531  2.825442  -0.34933900  -0.15797260
   532  2.827943  -0.34893964  -0.16139678
   533  2.830443  -0.34853180  -0.16475273
   534  2.832944  -0.34811565  -0.16804150
   535  2.835445  -0.34769137  -0.17126414
   536  2.837946  -0.34725910  -0.17442165
   537  2.840447  -0.34681902  -0.17751507
   538  2.842948  -0.34637128  -0.18054536
   539  2.845448  -0.34591605  -0.18351353
   540  2.847949  -0.34545346  -0.18642052
   541  2.850450  -0.34498368  -0.18926729
   542  2.852951  -0.34450686  -0.19205477
   543  2.855452  -0.34402314  -0.19478389
   544  2.857953  -0.34353266  -0.19745555
   545  2.860453  -0.34303558  -0.20007064
   546  2.862954  -0.34253202  -0.20263004
   547  2.865455  -0.34202213  -0.20513463
   548  2.867956  -0.34150605  -0.20758524
   549  2.870457  -0.34098391  -0.20998274
   550  2.872958  -0.34045583  -0.21232793
   551  2.875458  -0.33992196  -0.21462165
   552  2.877959  -0.33938241  -0.21686468
   553  2.880460  -0.33883731  -0.21905783
   554  2.882961  -0.33828679  -0.22120188
   555  2.885462  -0.33773097  -0.22329758
   556  2.887963  -0.33716997  -0.22534571
   557  2.890463  -0.33660391  -0.22734700
   558  2.892964  -0.33603290  -0.22930218
   559  2.895465  -0.33545705  -0.23121199
   560  2.897966  -0.33487649  -0.23307712
   561  2.900467  -0.33429132  -0.23489830
   562  2.902968  -0.33370164  -0.23667619
   563  2.905468  -0.33310758  -0.23841150
   564  2.907969  -0.33250922  -0.24010488
   565  2.910470  -0.33190669  -0.24175700
   566  2.912971  -0.33130007  -0.24336850
   567  2.915472  -0.33068947  -0.24494004
   568  2.917973  -0.33007499  -0.24647224
   569  2.920473  -0.32945673  -0.24796571
   570  2.922974  -0.32883478  -0.24942109
   571  2.925475  -0.32820924  -0.25083896
   572  2.927976  -0.32758020  -0.25221993
   573  2.930477  -0.32694775  -0.25356458
   574  2.932978  -0.32631198  -0.25487348
   575  2.935478  -0.32567299  -0.25614721
   576  2.937979  -0.32503085  -0.25738633
   577  2.940480  -0.32438566  -0.25859138
   578  2.942981  -0.32373749  -0.25976291
   579  2.945482  -0.32308644  -0.26090146
   580  2.947983  -0.32243258  -0.26200755
   581  2.950483  -0.32177599  -0.26308170
   582  2.952984  -0.32111675  -0.26412442
   583  2.955485  -0.32045495  -0.26513623
   584  2.957986  -0.31979066  -0.26611761
   585  2.960487  -0.31912394  -0.26706905
   586  2.962988  -0.31845489  -0.26799104
   587  2.965488  -0.31778357  -0.26888405
   588  2.967989  -0.31711005  -0.26974854
   589  2.970490  -0.31643440  -0.27058499
   590  2.972991  -0.31575669  -0.27139384
   591  2.975492  -0.31507700  -0.27217554
   592  2.977993  -0.31439538  -0.27293053
   593  2.980493  -0.31371191  -0.27365925
   594  2.982994  -0.31302665  -0.27436212
   595  2.985495  -0.31233967  -0.27503956
   596  2.987996  -0.31165102  -0.27569200
   597  2.990497  -0.31096077  -0.27631983
   598  2.992998  -0.31026898  -0.27692345
   599  2.995498  -0.30957571  -0.27750328
   600  2.997999  -0.30888102  -0.27805970
   601  3.000500  -0.30818496  -0.27859308
   602  3.003001  -0.30748761  -0.27910382
   603  3.005502  -0.30678900  -0.27959229
   604  3.008003  -0.30608920  -0.28005884
   605  3.010504  -0.30538826  -0.28050386
   606  3.013004  -0.30468623  -0.28092769
   607  3.015505  -0.30398317  -0.28133068
   608  3.018006  -0.30327912  -0.28171319
   609  3.020507  -0.30257415  -0.28207555
   610  3.023008  -0.30186829  -0.28241810
   611  3.025509  -0.30116160  -0.28274117
   612  3.028009  -0.30045413  -0.28304509
   613  3.030510  -0.29974592  -0.28333018
   614  3.033011  -0.29903702  -0.28359676
   615  3.035512  -0.29832748  -0.28384513
   616  3.038013  -0.29761734  -0.28407562
   617  3.040514  -0.29690664  -0.28428851
   618  3.043014  -0.29619544  -0.28448411
   619  3.045515  -0.29548376  -0.28466271
   620  3.048016  -0.29477166  -0.28482461
   621  3.050517  -0.29405918  -0.28497008
   622  3.053018  -0.29334635  -0.28509941
   623  3.055519  -0.29263322  -0.28521288
   624  3.058019  -0.29191982  -0.28531076
   625  3.060520  -0.29120620  -0.28539331
   626  3.063021  -0.29049239  -0.28546081
   627  3.065522  -0.28977843  -0.28551350
   628  3.068023  -0.28906436  -0.28555166
   629  3.070524  -0.28835021  -0.28557553
   630  3.073024  -0.28763602  -0.28558536
   631  3.075525  -0.28692182  -0.28558140
   632  3.078026  -0.28620765  -0.28556390
   633  3.080527  -0.28549354  -0.28553307
   634  3.083028  -0.28477952  -0.28548918
   635  3.085529  -0.28406562  -0.28543243
   636  3.088029  -0.28335189  -0.28536307
   637  3.090530  -0.28263834  -0.28528132
   638  3.093031  -0.28192502  -0.28518739
   639  3.095532  -0.28121194  -0.28508151
   640  3.098033  -0.28049914  -0.28496389
   641  3.100534  -0.27978666  -0.28483475
   642  3.103034  -0.27907451  -0.28469428
   643  3.105535  -0.27836272  -0.28454270
   644  3.108036  -0.27765133  -0.28438020
   645  3.110537  -0.27694035  -0.28420699
   646  3.113038  -0.27622983  -0.28402327
   647  3.115539  -0.27551977  -0.28382922
   648  3.118039  -0.27481022  -0.28362503
   649  3.120540  -0.27410118  -0.28341090
   650  3.123041  -0.27339270  -0.28318701
   651  3.125542  -0.27268478  -0.28295354
   652  3.128043  -0.27197747  -0.28271066
   653  3.130544  -0.27127077  -0.28245856
   654  3.133044  -0.27056471  -0.28219741
   655  3.135545  -0.26985932  -0.28192738
   656  3.138046  -0.26915461  -0.28164864
   657  3.140547  -0.26845061  -0.28136135
   658  3.143048  -0.26774734  -0.28106568
   659  3.145549  -0.26704482  -0.28076180
   660  3.148049  -0.26634307  -0.28044985
   661  3.150550  -0.26564211  -0.28012999
   662  3.153051  -0.26494196  -0.27980238
   663  3.155552  -0.26424264  -0.27946718
   664  3.158053  -0.26354416  -0.27912452
   665  3.160554  -0.26284656  -0.27877456
   666  3.163054  -0.26214983  -0.27841744
   667  3.165555  -0.26145401  -0.27805331
   668  3.168056  -0.26075911  -0.27768230
   669  3.170557  -0.26006514  -0.27730455
   670  3.173058  -0.25937213  -0.27692020
   671  3.175559  -0.25868008  -0.27652939
   672  3.178059  -0.25798903  -0.27613224
   673  3.180560  -0.25729897  -0.27572889
   674  3.183061  -0.25660993  -0.27531947
   675  3.185562  -0.25592192  -0.27490409
   676  3.188063  -0.25523495  -0.27448289
   677  3.190564  -0.25454905  -0.27405599
   678  3.193064  -0.25386422  -0.27362351
   679  3.195565  -0.25318048  -0.27318556
   680  3.198066  -0.25249784  -0.27274227
   681  3.200567  -0.25181632  -0.27229375
   682  3.203068  -0.25113592  -0.27184011
   683  3.205569  -0.25045667  -0.27138147
   684  3.208069  -0.24977857  -0.27091793
   685  3.210570  -0.24910163  -0.27044960
   686  3.213071  -0.24842587  -0.26997660
   687  3.215572  -0.24775130  -0.26949902
   688  3.218073  -0.24707793  -0.26901696
   689  3.220574  -0.24640577  -0.26853054
   690  3.223074  -0.24573483  -0.26803985
   691  3.225575  -0.24506513  -0.26754499
   692  3.228076  -0.24439667  -0.26704605
   693  3.230577  -0.24372946  -0.26654314
   694  3.233078  -0.24306351  -0.26603634
   695  3.235579  -0.24239884  -0.26552576
   696  3.238079  -0.24173544  -0.26501147
   697  3.240580  -0.24107334  -0.26449358
   698  3.243081  -0.24041254  -0.26397217
   699  3.245582  -0.23975304  -0.26344732
   700  3.248083  -0.23909486  -0.26291912
   701  3.250584  -0.23843801  -0.26238767
   702  3.253084  -0.23778249  -0.26185303
   703  3.255585  -0.23712831  -0.26131529
   704  3.258086  -0.23647548  -0.26077454
   705  3.260587  -0.23582401  -0.26023085
   706  3.263088  -0.23517389  -0.25968431
   707  3.265589  -0.23452515  -0.25913498
   708  3.268089  -0.23387779  -0.25858294
   709  3.270590  -0.23323181  -0.25802827
   710  3.273091  -0.23258722  -0.25747104
   711  3.275592  -0.23194403  -0.25691133
   712  3.278093  -0.23130224  -0.25634920
   713  3.280594  -0.23066186  -0.25578473
   714  3.283094  -0.23002289  -0.25521798
   715  3.285595  -0.22938534  -0.25464902
   716  3.288096  -0.22874922  -0.25407792
   717  3.290597  -0.22811453  -0.25350474
   718  3.293098  -0.22748128  -0.25292956
   719  3.295599  -0.22684946  -0.25235242
   720  3.298099  -0.22621910  -0.25177340
   721  3.300600  -0.22559018  -0.25119256
   722  3.303101  -0.22496272  -0.25060995
   723  3.305602  -0.22433671  -0.25002564
   724  3.308103  -0.22371217  -0.24943969
   725  3.310604  -0.22308910  -0.24885214
   726  3.313104  -0.22246750  -0.24826307
   727  3.315605  -0.22184737  -0.24767253
   728  3.318106  -0.22122872  -0.24708057
   729  3.320607  -0.22061156  -0.24648724
   730  3.323108  -0.21999588  -0.24589260
   731  3.325609  -0.21938169  -0.24529670
   732  3.328109  -0.21876899  -0.24469959
   733  3.330610  -0.21815778  -0.24410133
   734  3.333111  -0.21754807  -0.24350196
   735  3.335612  -0.21693987  -0.24290154
   736  3.338113  -0.21633316  -0.24230010
   737  3.340614  -0.21572796  -0.24169770
   738  3.343114  -0.21512427  -0.24109439
   739  3.345615  -0.21452209  -0.24049021
   740  3.348116  -0.21392142  -0.23988520
   741  3.350617  -0.21332226  -0.23927942
   742  3.353118  -0.21272462  -0.23867290
   743  3.355619  -0.21212850  -0.23806568
   744  3.358119  -0.21153390  -0.23745782
   745  3.360620  -0.21094082  -0.23684935
   746  3.363121  -0.21034926  -0.23624031
   747  3.365622  -0.20975922  -0.23563074
   748  3.368123  -0.20917071  -0.23502068
   749  3.370624  -0.20858373  -0.23441018
   750  3.373124  -0.20799827  -0.23379926
   751  3.375625  -0.20741434  -0.23318798
   752  3.378126  -0.20683194  -0.23257635
   753  3.380627  -0.20625107  -0.23196443
   754  3.383128  -0.20567173  -0.23135224
   755  3.385629  -0.20509393  -0.23073982
   756  3.388129  -0.20451765  -0.23012721
   757  3.390630  -0.20394291  -0.22951443
   758  3.393131  -0.20336969  -0.22890153
   759  3.395632  -0.20279802  -0.22828854
   760  3.398133  -0.20222787  -0.22767548
   761  3.400634  -0.20165926  -0.22706240
   762  3.403134  -0.20109218  -0.22644931
   763  3.405635  -0.20052664  -0.22583625
   764  3.408136  -0.19996262  -0.22522326
   765  3.410637  -0.19940014  -0.22461036
   766  3.413138  -0.19883920  -0.22399757
   767  3.415639  -0.19827978  -0.22338494
   768  3.418139  -0.19772190  -0.22277248
   769  3.420640  -0.19716555  -0.22216022
   770  3.423141  -0.19661073  -0.22154820
   771  3.425642  -0.19605744  -0.22093643
   772  3.428143  -0.19550568  -0.22032495
   773  3.430644  -0.19495545  -0.21971377
   774  3.433144  -0.19440674  -0.21910293
   775  3.435645  -0.19385957  -0.21849245
   776  3.438146  -0.19331391  -0.21788235
   777  3.440647  -0.19276979  -0.21727266
   778  3.443148  -0.19222719  -0.21666340
   779  3.445649  -0.19168611  -0.21605459
   780  3.448149  -0.19114656  -0.21544625
   781  3.450650  -0.19060852  -0.21483842
   782  3.453151  -0.19007200  -0.21423110
   783  3.455652  -0.18953701  -0.21362433
   784  3.458153  -0.18900353  -0.21301812
   785  3.460654  -0.18847156  -0.21241248
   786  3.463154  -0.18794111  -0.21180746
   787  3.465655  -0.18741217  -0.21120305
   788  3.468156  -0.18688474  -0.21059928
   789  3.470657  -0.18635882  -0.20999618
   790  3.473158  -0.18583441  -0.20939375
   791  3.475659  -0.18531150  -0.20879202
   792  3.478159  -0.18479010  -0.20819101
   793  3.480660  -0.18427020  -0.20759073
   794  3.483161  -0.18375180  -0.20699120
   795  3.485662  -0.18323490  -0.20639244
   796  3.488163  -0.18271949  -0.20579446
   797  3.490664  -0.18220558  -0.20519728
   798  3.493164  -0.18169316  -0.20460092
   799  3.495665  -0.18118224  -0.20400539
   800  3.498166  -0.18067280  -0.20341070
   801  3.500667  -0.18016484  -0.20281688
   802  3.503168  -0.17965837  -0.20222393
   803  3.505669  -0.17915339  -0.20163187
   804  3.508169  -0.17864988  -0.20104072
   805  3.510670  -0.17814785  -0.20045049
   806  3.513171  -0.17764729  -0.19986119
   807  3.515672  -0.17714821  -0.19927283
   808  3.518173  -0.17665059  -0.19868544
   809  3.520674  -0.17615445  -0.19809901
   810  3.523174  -0.17565977  -0.19751357
   811  3.525675  -0.17516655  -0.19692912
   812  3.528176  -0.17467479  -0.19634569
   813  3.530677  -0.17418449  -0.19576327
   814  3.533178  -0.17369565  -0.19518188
   815  3.535679  -0.17320826  -0.19460153
   816  3.538179  -0.17272232  -0.19402224
   817  3.540680  -0.17223782  -0.19344401
   818  3.543181  -0.17175477  -0.19286685
   819  3.545682  -0.17127316  -0.19229078
   820  3.548183  -0.17079300  -0.19171580
   821  3.550684  -0.17031426  -0.19114192
   822  3.553184  -0.16983697  -0.19056916
   823  3.555685  -0.16936110  -0.18999752
   824  3.558186  -0.16888666  -0.18942701
   825  3.560687  -0.16841365  -0.18885764
   826  3.563188  -0.16794206  -0.18828942
   827  3.565689  -0.16747189  -0.18772235
   828  3.568189  -0.16700313  -0.18715646
   829  3.570690  -0.16653579  -0.18659173
   830  3.573191  -0.16606986  -0.18602819
   831  3.575692  -0.16560534  -0.18546584
   832  3.578193  -0.16514222  -0.18490468
   833  3.580694  -0.16468051  -0.18434472
   834  3.583194  -0.16422019  -0.18378598
   835  3.585695  -0.16376127  -0.18322845
   836  3.588196  -0.16330374  -0.18267215
   837  3.590697  -0.16284760  -0.18211708
   838  3.593198  -0.16239285  -0.18156325
   839  3.595699  -0.16193948  -0.18101066
   840  3.598199  -0.16148750  -0.18045931
   841  3.600700  -0.16103688  -0.17990923
   842  3.603201  -0.16058765  -0.17936040
   843  3.605702  -0.16013978  -0.17881284
   844  3.608203  -0.15969328  -0.17826655
   845  3.610704  -0.15924815  -0.17772154
   846  3.613204  -0.15880438  -0.17717781
   847  3.615705  -0.15836197  -0.17663537
   848  3.618206  -0.15792091  -0.17609421
   849  3.620707  -0.15748120  -0.17555436
   850  3.623208  -0.15704284  -0.17501580
   851  3.625709  -0.15660583  -0.17447855
   852  3.628209  -0.15617016  -0.17394260
   853  3.630710  -0.15573582  -0.17340797
   854  3.633211  -0.15530283  -0.17287466
   855  3.635712  -0.15487116  -0.17234266
   856  3.638213  -0.15444083  -0.17181199
   857  3.640714  -0.15401181  -0.17128265
   858  3.643214  -0.15358413  -0.17075464
   859  3.645715  -0.15315775  -0.17022796
   860  3.648216  -0.15273270  -0.16970262
   861  3.650717  -0.15230896  -0.16917862
   862  3.653218  -0.15188652  -0.16865596
   863  3.655719  -0.15146540  -0.16813465
   864  3.658219  -0.15104557  -0.16761468
   865  3.660720  -0.15062704  -0.16709607
   866  3.663221  -0.15020981  -0.16657881
   867  3.665722  -0.14979387  -0.16606290
   868  3.668223  -0.14937922  -0.16554835
   869  3.670724  -0.14896585  -0.16503516
   870  3.673224  -0.14855376  -0.16452334
   871  3.675725  -0.14814296  -0.16401287
   872  3.678226  -0.14773343  -0.16350377
   873  3.680727  -0.14732517  -0.16299604
   874  3.683228  -0.14691817  -0.16248968
   875  3.685729  -0.14651244  -0.16198468
   876  3.688229  -0.14610798  -0.16148106
   877  3.690730  -0.14570477  -0.16097881
   878  3.693231  -0.14530281  -0.16047793
   879  3.695732  -0.14490211  -0.15997843
   880  3.698233  -0.14450265  -0.15948030
   881  3.700734  -0.14410444  -0.15898355
   882  3.703234  -0.14370747  -0.15848818
   883  3.705735  -0.14331174  -0.15799419
   884  3.708236  -0.14291723  -0.15750157
   885  3.710737  -0.14252396  -0.15701033
   886  3.713238  -0.14213192  -0.15652048
   887  3.715739  -0.14174110  -0.15603200
   888  3.718239  -0.14135150  -0.15554490
   889  3.720740  -0.14096311  -0.15505919
   890  3.723241  -0.14057594  -0.15457485
   891  3.725742  -0.14018998  -0.15409190
   892  3.728243  -0.13980523  -0.15361032
   893  3.730744  -0.13942167  -0.15313013
   894  3.733244  -0.13903932  -0.15265132
   895  3.735745  -0.13865816  -0.15217389
   896  3.738246  -0.13827819  -0.15169784
   897  3.740747  -0.13789942  -0.15122317
   898  3.743248  -0.13752183  -0.15074988
   899  3.745749  -0.13714542  -0.15027797
   900  3.748249  -0.13677018  -0.14980744
   901  3.750750  -0.13639613  -0.14933829
   902  3.753251  -0.13602324  -0.14887051
   903  3.755752  -0.13565153  -0.14840411
   904  3.758253  -0.13528097  -0.14793909
   905  3.760754  -0.13491158  -0.14747544
   906  3.763254  -0.13454335  -0.14701317
   907  3.765755  -0.13417627  -0.14655227
   908  3.768256  -0.13381034  -0.14609274
   909  3.770757  -0.13344556  -0.14563458
   910  3.773258  -0.13308193  -0.14517780
   911  3.775759  -0.13271943  -0.14472238
   912  3.778259  -0.13235807  -0.14426834
   913  3.780760  -0.13199785  -0.14381565
   914  3.783261  -0.13163875  -0.14336434
   915  3.785762  -0.13128078  -0.14291439
   916  3.788263  -0.13092394  -0.14246580
   917  3.790764  -0.13056822  -0.14201857
   918  3.793264  -0.13021361  -0.14157270
   919  3.795765  -0.12986012  -0.14112819
   920  3.798266  -0.12950773  -0.14068504
   921  3.800767  -0.12915646  -0.14024325
   922  3.803268  -0.12880628  -0.13980280
   923  3.805769  -0.12845721  -0.13936371
   924  3.808269  -0.12810923  -0.13892597
   925  3.810770  -0.12776234  -0.13848958
   926  3.813271  -0.12741655  -0.13805453
   927  3.815772  -0.12707184  -0.13762083
   928  3.818273  -0.12672821  -0.13718847
   929  3.820774  -0.12638567  -0.13675745
   930  3.823274  -0.12604420  -0.13632777
   931  3.825775  -0.12570380  -0.13589943
   932  3.828276  -0.12536447  -0.13547242
   933  3.830777  -0.12502621  -0.13504675
   934  3.833278  -0.12468901  -0.13462240
   935  3.835779  -0.12435287  -0.13419939
   936  3.838279  -0.12401779  -0.13377770
   937  3.840780  -0.12368376  -0.13335734
   938  3.843281  -0.12335078  -0.13293829
   939  3.845782  -0.12301885  -0.13252057
   940  3.848283  -0.12268796  -0.13210417
   941  3.850784  -0.12235811  -0.13168908
   942  3.853284  -0.12202929  -0.13127530
   943  3.855785  -0.12170151  -0.13086283
   944  3.858286  -0.12137476  -0.13045167
   945  3.860787  -0.12104903  -0.13004182
   946  3.863288  -0.12072433  -0.12963327
   947  3.865789  -0.12040065  -0.12922602
   948  3.868289  -0.12007798  -0.12882007
   949  3.870790  -0.11975633  -0.12841541
   950  3.873291  -0.11943569  -0.12801205
   951  3.875792  -0.11911606  -0.12760998
   952  3.878293  -0.11879743  -0.12720920
   953  3.880794  -0.11847980  -0.12680970
   954  3.883294  -0.11816317  -0.12641148
   955  3.885795  -0.11784753  -0.12601455
   956  3.888296  -0.11753288  -0.12561889
   957  3.890797  -0.11721922  -0.12522451
   958  3.893298  -0.11690655  -0.12483140
   959  3.895799  -0.11659486  -0.12443956
   960  3.898299  -0.11628414  -0.12404898
   961  3.900800  -0.11597440  -0.12365967
   962  3.903301  -0.11566564  -0.12327162
   963  3.905802  -0.11535784  -0.12288483
   964  3.908303  -0.11505101  -0.12249929
   965  3.910804  -0.11474514  -0.12211500
   966  3.913304  -0.11444023  -0.12173197
   967  3.915805  -0.11413627  -0.12135018
   968  3.918306  -0.11383327  -0.12096964
   969  3.920807  -0.11353122  -0.12059033
   970  3.923308  -0.11323012  -0.12021227
   971  3.925809  -0.11292996  -0.11983544
   972  3.928309  -0.11263074  -0.11945984
   973  3.930810  -0.11233246  -0.11908547
   974  3.933311  -0.11203512  -0.11871233
   975  3.935812  -0.11173870  -0.11834041
   976  3.938313  -0.11144322  -0.11796972
   977  3.940814  -0.11114865  -0.11760024
   978  3.943314  -0.11085502  -0.11723197
   979  3.945815  -0.11056230  -0.11686491
   980  3.948316  -0.11027050  -0.11649907
   981  3.950817  -0.10997961  -0.11613443
   982  3.953318  -0.10968963  -0.11577099
   983  3.955819  -0.10940056  -0.11540875
   984  3.958319  -0.10911239  -0.11504770
   985  3.960820  -0.10882513  -0.11468785
   986  3.963321  -0.10853876  -0.11432919
   987  3.965822  -0.10825329  -0.11397171
   988  3.968323  -0.10796871  -0.11361542
   989  3.970824  -0.10768502  -0.11326031
   990  3.973324  -0.10740222  -0.11290638
   991  3.975825  -0.10712030  -0.11255362
   992  3.978326  -0.10683926  -0.11220204
   993  3.980827  -0.10655910  -0.11185162
   994  3.983328  -0.10627982  -0.11150236
   995  3.985829  -0.10600140  -0.11115427
   996  3.988329  -0.10572386  -0.11080734
   997  3.990830  -0.10544718  -0.11046156
   998  3.993331  -0.10517137  -0.11011693
   999  3.995832  -0.10489641  -0.10977345
  1000  3.998333  -0.10462232  -0.10943112
  1001  4.000834  -0.10434907  -0.10908994
  1002  4.003334  -0.10407668  -0.10874989
  1003  4.005835  -0.10380514  -0.10841097
  1004  4.008336  -0.10353445  -0.10807319
  1005  4.010837  -0.10326460  -0.10773655
  1006  4.013338  -0.10299558  -0.10740102
  1007  4.015839  -0.10272741  -0.10706662
  1008  4.018339  -0.10246007  -0.10673335
  1009  4.020840  -0.10219356  -0.10640119
  1010  4.023341  -0.10192789  -0.10607014
  1011  4.025842  -0.10166304  -0.10574020
  1012  4.028343  -0.10139901  -0.10541137
  1013  4.030844  -0.10113580  -0.10508365
  1014  4.033344  -0.10087341  -0.10475702
  1015  4.035845  -0.10061184  -0.10443150
  1016  4.038346  -0.10035108  -0.10410707
  1017  4.040847  -0.10009113  -0.10378373
  1018  4.043348  -0.09983199  -0.10346148
  1019  4.045849  -0.09957365  -0.10314031
  1020  4.048349  -0.09931611  -0.10282023
  1021  4.050850  -0.09905938  -0.10250122
  1022  4.053351  -0.09880344  -0.10218329
  1023  4.055852  -0.09854829  -0.10186643
  1024  4.058353  -0.09829393  -0.10155064
  1025  4.060854  -0.09804037  -0.10123592
  1026  4.063354  -0.09778758  -0.10092225
  1027  4.065855  -0.09753559  -0.10060965
  1028  4.068356  -0.09728437  -0.10029811
  1029  4.070857  -0.09703393  -0.09998761
  1030  4.073358  -0.09678426  -0.09967817
  1031  4.075859  -0.09653537  -0.09936977
  1032  4.078359  -0.09628725  -0.09906242
  1033  4.080860  -0.09603989  -0.09875610
  1034  4.083361  -0.09579330  -0.09845082
  1035  4.085862  -0.09554747  -0.09814658
  1036  4.088363  -0.09530240  -0.09784337
  1037  4.090864  -0.09505809  -0.09754118
  1038  4.093364  -0.09481453  -0.09724001
  1039  4.095865  -0.09457173  -0.09693987
  1040  4.098366  -0.09432967  -0.09664075
  1041  4.100867  -0.09408836  -0.09634264
  1042  4.103368  -0.09384780  -0.09604554
  1043  4.105869  -0.09360797  -0.09574945
  1044  4.108369  -0.09336889  -0.09545436
  1045  4.110870  -0.09313054  -0.09516027
  1046  4.113371  -0.09289293  -0.09486719
  1047  4.115872  -0.09265605  -0.09457509
  1048  4.118373  -0.09241990  -0.09428400
  1049  4.120874  -0.09218447  -0.09399388
  1050  4.123374  -0.09194977  -0.09370476
  1051  4.125875  -0.09171579  -0.09341662
  1052  4.128376  -0.09148253  -0.09312945
  1053  4.130877  -0.09124999  -0.09284327
  1054  4.133378  -0.09101816  -0.09255805
  1055  4.135879  -0.09078704  -0.09227381
  1056  4.138379  -0.09055663  -0.09199053
  1057  4.140880  -0.09032693  -0.09170822
  1058  4.143381  -0.09009794  -0.09142686
  1059  4.145882  -0.08986965  -0.09114647
  1060  4.148383  -0.08964205  -0.09086703
  1061  4.150884  -0.08941516  -0.09058854
  1062  4.153384  -0.08918896  -0.09031100
  1063  4.155885  -0.08896345  -0.09003440
  1064  4.158386  -0.08873864  -0.08975874
  1065  4.160887  -0.08851451  -0.08948403
  1066  4.163388  -0.08829107  -0.08921025
  1067  4.165889  -0.08806831  -0.08893740
  1068  4.168389  -0.08784623  -0.08866548
  1069  4.170890  -0.08762483  -0.08839449
  1070  4.173391  -0.08740411  -0.08812442
  1071  4.175892  -0.08718406  -0.08785527
  1072  4.178393  -0.08696469  -0.08758704
  1073  4.180894  -0.08674598  -0.08731972
  1074  4.183394  -0.08652794  -0.08705331
  1075  4.185895  -0.08631057  -0.08678782
  1076  4.188396  -0.08609386  -0.08652322
  1077  4.190897  -0.08587781  -0.08625953
  1078  4.193398  -0.08566241  -0.08599674
  1079  4.195899  -0.08544768  -0.08573484
  1080  4.198399  -0.08523360  -0.08547384
  1081  4.200900  -0.08502017  -0.08521373
  1082  4.203401  -0.08480738  -0.08495450
  1083  4.205902  -0.08459525  -0.08469616
  1084  4.208403  -0.08438376  -0.08443870
  1085  4.210904  -0.08417292  -0.08418212
  1086  4.213404  -0.08396271  -0.08392641
  1087  4.215905  -0.08375314  -0.08367157
  1088  4.218406  -0.08354421  -0.08341761
  1089  4.220907  -0.08333591  -0.08316451
  1090  4.223408  -0.08312825  -0.08291227
  1091  4.225909  -0.08292121  -0.08266089
  1092  4.228409  -0.08271481  -0.08241037
  1093  4.230910  -0.08250902  -0.08216071
  1094  4.233411  -0.08230387  -0.08191189
  1095  4.235912  -0.08209933  -0.08166393
  1096  4.238413  -0.08189541  -0.08141681
  1097  4.240914  -0.08169211  -0.08117053
  1098  4.243414  -0.08148942  -0.08092509
  1099  4.245915  -0.08128735  -0.08068049
  1100  4.248416  -0.08108588  -0.08043673
  1101  4.250917  -0.08088503  -0.08019379
  1102  4.253418  -0.08068478  -0.07995169
  1103  4.255919  -0.08048514  -0.07971041
  1104  4.258419  -0.08028609  -0.07946995
  1105  4.260920  -0.08008765  -0.07923031
  1106  4.263421  -0.07988981  -0.07899149
  1107  4.265922  -0.07969256  -0.07875348
  1108  4.268423  -0.07949591  -0.07851629
  1109  4.270924  -0.07929985  -0.07827990
  1110  4.273424  -0.07910438  -0.07804432
  1111  4.275925  -0.07890950  -0.07780954
  1112  4.278426  -0.07871520  -0.07757556
  1113  4.280927  -0.07852149  -0.07734238
  1114  4.283428  -0.07832836  -0.07711000
  1115  4.285929  -0.07813581  -0.07687840
  1116  4.288429  -0.07794384  -0.07664760
  1117  4.290930  -0.07775244  -0.07641758
  1118  4.293431  -0.07756162  -0.07618834
  1119  4.295932  -0.07737137  -0.07595989
  1120  4.298433  -0.07718170  -0.07573221
  1121  4.300934  -0.07699259  -0.07550531
  1122  4.303434  -0.07680404  -0.07527918
  1123  4.305935  -0.07661606  -0.07505382
  1124  4.308436  -0.07642865  -0.07482923
  1125  4.310937  -0.07624179  -0.07460540
  1126  4.313438  -0.07605550  -0.07438234
  1127  4.315939  -0.07586976  -0.07416003
  1128  4.318439  -0.07568457  -0.07393848
  1129  4.320940  -0.07549994  -0.07371769
  1130  4.323441  -0.07531586  -0.07349764
  1131  4.325942  -0.07513233  -0.07327835
  1132  4.328443  -0.07494935  -0.07305980
  1133  4.330944  -0.07476691  -0.07284199
  1134  4.333444  -0.07458501  -0.07262492
  1135  4.335945  -0.07440366  -0.07240859
  1136  4.338446  -0.07422285  -0.07219300
  1137  4.340947  -0.07404258  -0.07197814
  1138  4.343448  -0.07386284  -0.07176401
  1139  4.345949  -0.07368363  -0.07155061
  1140  4.348449  -0.07350496  -0.07133793
  1141  4.350950  -0.07332683  -0.07112597
  1142  4.353451  -0.07314922  -0.07091474
  1143  4.355952  -0.07297213  -0.07070422
  1144  4.358453  -0.07279558  -0.07049442
  1145  4.360954  -0.07261954  -0.07028533
  1146  4.363454  -0.07244403  -0.07007695
  1147  4.365955  -0.07226904  -0.06986927
  1148  4.368456  -0.07209457  -0.06966230
  1149  4.370957  -0.07192061  -0.06945604
  1150  4.373458  -0.07174717  -0.06925047
  1151  4.375959  -0.07157424  -0.06904560
  1152  4.378459  -0.07140183  -0.06884142
  1153  4.380960  -0.07122992  -0.06863794
  1154  4.383461  -0.07105852  -0.06843514
  1155  4.385962  -0.07088763  -0.06823304
  1156  4.388463  -0.07071724  -0.06803161
  1157  4.390964  -0.07054736  -0.06783087
  1158  4.393464  -0.07037798  -0.06763081
  1159  4.395965  -0.07020909  -0.06743143
  1160  4.398466  -0.07004071  -0.06723272
  1161  4.400967  -0.06987282  -0.06703469
  1162  4.403468  -0.06970542  -0.06683732
  1163  4.405969  -0.06953852  -0.06664063
  1164  4.408469  -0.06937211  -0.06644460
  1165  4.410970  -0.06920618  -0.06624923
  1166  4.413471  -0.06904075  -0.06605452
  1167  4.415972  -0.06887580  -0.06586047
  1168  4.418473  -0.06871134  -0.06566708
  1169  4.420974  -0.06854735  -0.06547433
  1170  4.423474  -0.06838385  -0.06528225
  1171  4.425975  -0.06822083  -0.06509081
  1172  4.428476  -0.06805829  -0.06490001
  1173  4.430977  -0.06789622  -0.06470986
  1174  4.433478  -0.06773463  -0.06452035
  1175  4.435979  -0.06757351  -0.06433149
  1176  4.438479  -0.06741287  -0.06414325
  1177  4.440980  -0.06725269  -0.06395566
  1178  4.443481  -0.06709298  -0.06376869
  1179  4.445982  -0.06693374  -0.06358236
  1180  4.448483  -0.06677496  -0.06339666
  1181  4.450984  -0.06661665  -0.06321158
  1182  4.453484  -0.06645880  -0.06302712
  1183  4.455985  -0.06630141  -0.06284329
  1184  4.458486  -0.06614448  -0.06266007
  1185  4.460987  -0.06598800  -0.06247747
  1186  4.463488  -0.06583199  -0.06229549
  1187  4.465989  -0.06567642  -0.06211412
  1188  4.468489  -0.06552131  -0.06193336
  1189  4.470990  -0.06536665  -0.06175321
  1190  4.473491  -0.06521244  -0.06157366
  1191  4.475992  -0.06505868  -0.06139471
  1192  4.478493  -0.06490537  -0.06121637
  1193  4.480994  -0.06475250  -0.06103863
  1194  4.483494  -0.06460007  -0.06086148
  1195  4.485995  -0.06444809  -0.06068493
  1196  4.488496  -0.06429654  -0.06050897
  1197  4.490997  -0.06414544  -0.06033361
  1198  4.493498  -0.06399478  -0.06015883
  1199  4.495999  -0.06384455  -0.05998463
  1200  4.498499  -0.06369475  -0.05981102
  1201  4.501000  -0.06354539  -0.05963800
  1202  4.503501  -0.06339646  -0.05946555
  1203  4.506002  -0.06324796  -0.05929368
  1204  4.508503  -0.06309989  -0.05912239
  1205  4.511004  -0.06295225  -0.05895167
  1206  4.513505  -0.06280504  -0.05878152
  1207  4.516005  -0.06265825  -0.05861194
  1208  4.518506  -0.06251188  -0.05844293
  1209  4.521007  -0.06236593  -0.05827449
  1210  4.523508  -0.06222041  -0.05810661
  1211  4.526009  -0.06207530  -0.05793928
  1212  4.528510  -0.06193062  -0.05777252
  1213  4.531010  -0.06178634  -0.05760632
  1214  4.533511  -0.06164249  -0.05744067
  1215  4.536012  -0.06149904  -0.05727558
  1216  4.538513  -0.06135601  -0.05711103
  1217  4.541014  -0.06121339  -0.05694704
  1218  4.543515  -0.06107118  -0.05678359
  1219  4.546015  -0.06092938  -0.05662069
  1220  4.548516  -0.06078798  -0.05645833
  1221  4.551017  -0.06064699  -0.05629651
  1222  4.553518  -0.06050641  -0.05613523
  1223  4.556019  -0.06036622  -0.05597449
  1224  4.558520  -0.06022644  -0.05581428
  1225  4.561020  -0.06008706  -0.05565461
  1226  4.563521  -0.05994808  -0.05549547
  1227  4.566022  -0.05980949  -0.05533686
  1228  4.568523  -0.05967130  -0.05517877
  1229  4.571024  -0.05953350  -0.05502121
  1230  4.573525  -0.05939610  -0.05486418
  1231  4.576025  -0.05925909  -0.05470767
  1232  4.578526  -0.05912247  -0.05455167
  1233  4.581027  -0.05898624  -0.05439620
  1234  4.583528  -0.05885040  -0.05424124
  1235  4.586029  -0.05871494  -0.05408680
  1236  4.588530  -0.05857987  -0.05393287
  1237  4.591030  -0.05844519  -0.05377945
  1238  4.593531  -0.05831089  -0.05362654
  1239  4.596032  -0.05817697  -0.05347413
  1240  4.598533  -0.05804343  -0.05332223
  1241  4.601034  -0.05791027  -0.05317083
  1242  4.603535  -0.05777748  -0.05301994
  1243  4.606035  -0.05764508  -0.05286954
  1244  4.608536  -0.05751305  -0.05271965
  1245  4.611037  -0.05738139  -0.05257025
  1246  4.613538  -0.05725011  -0.05242134
  1247  4.616039  -0.05711920  -0.05227292
  1248  4.618540  -0.05698865  -0.05212500
  1249  4.621040  -0.05685848  -0.05197756
  1250  4.623541  -0.05672868  -0.05183061
  1251  4.626042  -0.05659924  -0.05168415
  1252  4.628543  -0.05647017  -0.05153817
  1253  4.631044  -0.05634147  -0.05139267
  1254  4.633545  -0.05621312  -0.05124765
  1255  4.636045  -0.05608514  -0.05110311
  1256  4.638546  -0.05595752  -0.05095905
  1257  4.641047  -0.05583026  -0.05081546
  1258  4.643548  -0.05570336  -0.05067235
  1259  4.646049  -0.05557681  -0.05052970
  1260  4.648550  -0.05545063  -0.05038753
  1261  4.651050  -0.05532479  -0.05024582
  1262  4.653551  -0.05519931  -0.05010458
  1263  4.656052  -0.05507419  -0.04996381
  1264  4.658553  -0.05494941  -0.04982349
  1265  4.661054  -0.05482499  -0.04968364
  1266  4.663555  -0.05470091  -0.04954425
  1267  4.666055  -0.05457718  -0.04940531
  1268  4.668556  -0.05445380  -0.04926683
  1269  4.671057  -0.05433076  -0.04912881
  1270  4.673558  -0.05420807  -0.04899124
  1271  4.676059  -0.05408573  -0.04885412
  1272  4.678560  -0.05396372  -0.04871745
  1273  4.681060  -0.05384206  -0.04858123
  1274  4.683561  -0.05372073  -0.04844545
  1275  4.686062  -0.05359975  -0.04831012
  1276  4.688563  -0.05347910  -0.04817523
  1277  4.691064  -0.05335879  -0.04804078
  1278  4.693565  -0.05323882  -0.04790677
  1279  4.696065  -0.05311918  -0.04777321
  1280  4.698566  -0.05299987  -0.04764007
  1281  4.701067  -0.05288090  -0.04750738
  1282  4.703568  -0.05276226  -0.04737511
  1283  4.706069  -0.05264394  -0.04724328
  1284  4.708570  -0.05252596  -0.04711188
  1285  4.711070  -0.05240830  -0.04698091
  1286  4.713571  -0.05229098  -0.04685036
  1287  4.716072  -0.05217397  -0.04672024
  1288  4.718573  -0.05205730  -0.04659054
  1289  4.721074  -0.05194094  -0.04646127
  1290  4.723575  -0.05182491  -0.04633242
  1291  4.726075  -0.05170920  -0.04620399
  1292  4.728576  -0.05159382  -0.04607597
  1293  4.731077  -0.05147875  -0.04594837
  1294  4.733578  -0.05136400  -0.04582119
  1295  4.736079  -0.05124956  -0.04569442
  1296  4.738580  -0.05113545  -0.04556806
  1297  4.741080  -0.05102165  -0.04544212
  1298  4.743581  -0.05090816  -0.04531658
  1299  4.746082  -0.05079499  -0.04519145
  1300  4.748583  -0.05068213  -0.04506673
  1301  4.751084  -0.05056958  -0.04494241
  1302  4.753585  -0.05045734  -0.04481849
  1303  4.756085  -0.05034541  -0.04469497
  1304  4.758586  -0.05023379  -0.04457186
  1305  4.761087  -0.05012248  -0.04444914
  1306  4.763588  -0.05001147  -0.04432682
  1307  4.766089  -0.04990077  -0.04420490
  1308  4.768590  -0.04979037  -0.04408337
  1309  4.771090  -0.04968028  -0.04396224
  1310  4.773591  -0.04957049  -0.04384150
  1311  4.776092  -0.04946100  -0.04372114
  1312  4.778593  -0.04935181  -0.04360118
  1313  4.781094  -0.04924292  -0.04348160
  1314  4.783595  -0.04913433  -0.04336241
  1315  4.786095  -0.04902603  -0.04324360
  1316  4.788596  -0.04891804  -0.04312518
  1317  4.791097  -0.04881034  -0.04300714
  1318  4.793598  -0.04870293  -0.04288948
  1319  4.796099  -0.04859582  -0.04277219
  1320  4.798600  -0.04848900  -0.04265529
  1321  4.801100  -0.04838247  -0.04253876
  1322  4.803601  -0.04827623  -0.04242261
  1323  4.806102  -0.04817029  -0.04230683
  1324  4.808603  -0.04806463  -0.04219142
  1325  4.811104  -0.04795926  -0.04207639
  1326  4.813605  -0.04785417  -0.04196172
  1327  4.816105  -0.04774938  -0.04184742
  1328  4.818606  -0.04764487  -0.04173349
  1329  4.821107  -0.04754064  -0.04161993
  1330  4.823608  -0.04743670  -0.04150672
  1331  4.826109  -0.04733304  -0.04139389
  1332  4.828610  -0.04722966  -0.04128141
  1333  4.831110  -0.04712656  -0.04116929
  1334  4.833611  -0.04702374  -0.04105754
  1335  4.836112  -0.04692121  -0.04094614
  1336  4.838613  -0.04681894  -0.04083509
  1337  4.841114  -0.04671696  -0.04072441
  1338  4.843615  -0.04661525  -0.04061407
  1339  4.846115  -0.04651382  -0.04050409
  1340  4.848616  -0.04641267  -0.04039446
  1341  4.851117  -0.04631178  -0.04028518
  1342  4.853618  -0.04621117  -0.04017625
  1343  4.856119  -0.04611083  -0.04006767
  1344  4.858620  -0.04601077  -0.03995943
  1345  4.861120  -0.04591097  -0.03985154
  1346  4.863621  -0.04581144  -0.03974399
  1347  4.866122  -0.04571218  -0.03963679
  1348  4.868623  -0.04561319  -0.03952993
  1349  4.871124  -0.04551447  -0.03942340
  1350  4.873625  -0.04541601  -0.03931722
  1351  4.876125  -0.04531782  -0.03921137
  1352  4.878626  -0.04521989  -0.03910586
  1353  4.881127  -0.04512222  -0.03900069
  1354  4.883628  -0.04502482  -0.03889585
  1355  4.886129  -0.04492768  -0.03879134
  1356  4.888630  -0.04483080  -0.03868717
  1357  4.891130  -0.04473418  -0.03858332
  1358  4.893631  -0.04463782  -0.03847981
  1359  4.896132  -0.04454171  -0.03837662
  1360  4.898633  -0.04444587  -0.03827376
  1361  4.901134  -0.04435028  -0.03817122
  1362  4.903635  -0.04425495  -0.03806902
  1363  4.906135  -0.04415987  -0.03796713
  1364  4.908636  -0.04406505  -0.03786557
  1365  4.911137  -0.04397048  -0.03776432
  1366  4.913638  -0.04387616  -0.03766340
  1367  4.916139  -0.04378210  -0.03756280
  1368  4.918640  -0.04368829  -0.03746251
  1369  4.921140  -0.04359472  -0.03736254
  1370  4.923641  -0.04350141  -0.03726289
  1371  4.926142  -0.04340835  -0.03716355
  1372  4.928643  -0.04331553  -0.03706453
  1373  4.931144  -0.04322296  -0.03696581
  1374  4.933645  -0.04313064  -0.03686741
  1375  4.936145  -0.04303856  -0.03676932
  1376  4.938646  -0.04294673  -0.03667154
  1377  4.941147  -0.04285515  -0.03657406
  1378  4.943648  -0.04276380  -0.03647689
  1379  4.946149  -0.04267270  -0.03638003
  1380  4.948650  -0.04258184  -0.03628347
  1381  4.951150  -0.04249122  -0.03618722
  1382  4.953651  -0.04240084  -0.03609126
  1383  4.956152  -0.04231071  -0.03599561
  1384  4.958653  -0.04222081  -0.03590026
  1385  4.961154  -0.04213114  -0.03580521
  1386  4.963655  -0.04204172  -0.03571045
  1387  4.966155  -0.04195253  -0.03561600
  1388  4.968656  -0.04186358  -0.03552184
  1389  4.971157  -0.04177486  -0.03542797
  1390  4.973658  -0.04168638  -0.03533440
  1391  4.976159  -0.04159813  -0.03524112
  1392  4.978660  -0.04151012  -0.03514813
  1393  4.981160  -0.04142233  -0.03505543
  1394  4.983661  -0.04133478  -0.03496302
  1395  4.986162  -0.04124746  -0.03487091
  1396  4.988663  -0.04116037  -0.03477907
  1397  4.991164  -0.04107351  -0.03468753
  1398  4.993665  -0.04098687  -0.03459627
  1399  4.996165  -0.04090047  -0.03450530
  1400  4.998666  -0.04081429  -0.03441461
  1401  5.001167  -0.04072834  -0.03432420
  1402  5.003668  -0.04064261  -0.03423407
  1403  5.006169  -0.04055711  -0.03414423
  1404  5.008670  -0.04047183  -0.03405466
  1405  5.011170  -0.04038678  -0.03396537
  1406  5.013671  -0.04030195  -0.03387636
  1407  5.016172  -0.04021734  -0.03378763
  1408  5.018673  -0.04013295  -0.03369917
  1409  5.021174  -0.04004879  -0.03361099
  1410  5.023675  -0.03996484  -0.03352308
  1411  5.026175  -0.03988112  -0.03343544
  1412  5.028676  -0.03979761  -0.03334808
  1413  5.031177  -0.03971432  -0.03326098
  1414  5.033678  -0.03963125  -0.03317416
  1415  5.036179  -0.03954839  -0.03308760
  1416  5.038680  -0.03946575  -0.03300132
  1417  5.041180  -0.03938333  -0.03291530
  1418  5.043681  -0.03930112  -0.03282954
  1419  5.046182  -0.03921913  -0.03274405
  1420  5.048683  -0.03913735  -0.03265883
  1421  5.051184  -0.03905578  -0.03257387
  1422  5.053685  -0.03897442  -0.03248917
  1423  5.056185  -0.03889328  -0.03240473
  1424  5.058686  -0.03881235  -0.03232056
  1425  5.061187  -0.03873162  -0.03223664
  1426  5.063688  -0.03865111  -0.03215298
  1427  5.066189  -0.03857080  -0.03206958
  1428  5.068690  -0.03849071  -0.03198644
  1429  5.071190  -0.03841082  -0.03190355
  1430  5.073691  -0.03833114  -0.03182092
  1431  5.076192  -0.03825166  -0.03173854
  1432  5.078693  -0.03817239  -0.03165641
  1433  5.081194  -0.03809332  -0.03157454
  1434  5.083695  -0.03801446  -0.03149292
  1435  5.086195  -0.03793581  -0.03141155
  1436  5.088696  -0.03785735  -0.03133043
  1437  5.091197  -0.03777910  -0.03124956
  1438  5.093698  -0.03770105  -0.03116894
  1439  5.096199  -0.03762321  -0.03108856
  1440  5.098700  -0.03754556  -0.03100843
  1441  5.101200  -0.03746811  -0.03092855
  1442  5.103701  -0.03739086  -0.03084891
  1443  5.106202  -0.03731382  -0.03076951
  1444  5.108703  -0.03723697  -0.03069036
  1445  5.111204  -0.03716031  -0.03061145
  1446  5.113705  -0.03708386  -0.03053278
  1447  5.116205  -0.03700760  -0.03045435
  1448  5.118706  -0.03693153  -0.03037616
  1449  5.121207  -0.03685567  -0.03029820
  1450  5.123708  -0.03677999  -0.03022049
  1451  5.126209  -0.03670451  -0.03014301
  1452  5.128710  -0.03662923  -0.03006577
  1453  5.131210  -0.03655413  -0.02998877
  1454  5.133711  -0.03647923  -0.02991200
  1455  5.136212  -0.03640452  -0.02983546
  1456  5.138713  -0.03633001  -0.02975916
  1457  5.141214  -0.03625568  -0.02968309
  1458  5.143715  -0.03618154  -0.02960725
  1459  5.146215  -0.03610759  -0.02953164
  1460  5.148716  -0.03603383  -0.02945626
  1461  5.151217  -0.03596026  -0.02938111
  1462  5.153718  -0.03588688  -0.02930618
  1463  5.156219  -0.03581368  -0.02923149
  1464  5.158720  -0.03574067  -0.02915702
  1465  5.161220  -0.03566785  -0.02908278
  1466  5.163721  -0.03559521  -0.02900876
  1467  5.166222  -0.03552276  -0.02893496
  1468  5.168723  -0.03545049  -0.02886139
  1469  5.171224  -0.03537840  -0.02878805
  1470  5.173725  -0.03530650  -0.02871492
  1471  5.176225  -0.03523478  -0.02864201
  1472  5.178726  -0.03516324  -0.02856933
  1473  5.181227  -0.03509188  -0.02849686
  1474  5.183728  -0.03502071  -0.02842462
  1475  5.186229  -0.03494971  -0.02835259
  1476  5.188730  -0.03487890  -0.02828078
  1477  5.191230  -0.03480826  -0.02820918
  1478  5.193731  -0.03473780  -0.02813781
  1479  5.196232  -0.03466753  -0.02806664
  1480  5.198733  -0.03459742  -0.02799569
  1481  5.201234  -0.03452750  -0.02792496
  1482  5.203735  -0.03445775  -0.02785444
  1483  5.206235  -0.03438818  -0.02778413
  1484  5.208736  -0.03431879  -0.02771403
  1485  5.211237  -0.03424956  -0.02764414
  1486  5.213738  -0.03418052  -0.02757446
  1487  5.216239  -0.03411165  -0.02750499
  1488  5.218740  -0.03404295  -0.02743573
  1489  5.221240  -0.03397442  -0.02736668
  1490  5.223741  -0.03390607  -0.02729783
  1491  5.226242  -0.03383789  -0.02722919
  1492  5.228743  -0.03376988  -0.02716076
  1493  5.231244  -0.03370204  -0.02709253
  1494  5.233745  -0.03363437  -0.02702450
  1495  5.236245  -0.03356687  -0.02695668
  1496  5.238746  -0.03349954  -0.02688906
  1497  5.241247  -0.03343238  -0.02682165
  1498  5.243748  -0.03336539  -0.02675443
  1499  5.246249  -0.03329856  -0.02668742
  1500  5.248750  -0.03323191  -0.02662060
  1501  5.251250  -0.03316541  -0.02655399
  1502  5.253751  -0.03309909  -0.02648757
  1503  5.256252  -0.03303293  -0.02642136
  1504  5.258753  -0.03296694  -0.02635534
  1505  5.261254  -0.03290111  -0.02628951
  1506  5.263755  -0.03283545  -0.02622388
  1507  5.266255  -0.03276995  -0.02615845
  1508  5.268756  -0.03270461  -0.02609321
  1509  5.271257  -0.03263944  -0.02602817
  1510  5.273758  -0.03257443  -0.02596332
  1511  5.276259  -0.03250958  -0.02589866
  1512  5.278760  -0.03244489  -0.02583420
  1513  5.281260  -0.03238036  -0.02576992
  1514  5.283761  -0.03231600  -0.02570584
  1515  5.286262  -0.03225179  -0.02564194
  1516  5.288763  -0.03218775  -0.02557824
  1517  5.291264  -0.03212386  -0.02551472
  1518  5.293765  -0.03206013  -0.02545140
  1519  5.296265  -0.03199656  -0.02538826
  1520  5.298766  -0.03193315  -0.02532530
  1521  5.301267  -0.03186989  -0.02526254
  1522  5.303768  -0.03180679  -0.02519996
  1523  5.306269  -0.03174385  -0.02513756
  1524  5.308770  -0.03168106  -0.02507535
  1525  5.311270  -0.03161843  -0.02501332
  1526  5.313771  -0.03155595  -0.02495147
  1527  5.316272  -0.03149363  -0.02488981
  1528  5.318773  -0.03143146  -0.02482833
  1529  5.321274  -0.03136945  -0.02476703
  1530  5.323775  -0.03130759  -0.02470591
  1531  5.326275  -0.03124588  -0.02464497
  1532  5.328776  -0.03118432  -0.02458421
  1533  5.331277  -0.03112291  -0.02452363
  1534  5.333778  -0.03106166  -0.02446323
  1535  5.336279  -0.03100056  -0.02440301
  1536  5.338780  -0.03093960  -0.02434296
  1537  5.341280  -0.03087880  -0.02428309
  1538  5.343781  -0.03081815  -0.02422339
  1539  5.346282  -0.03075764  -0.02416387
  1540  5.348783  -0.03069729  -0.02410452
  1541  5.351284  -0.03063708  -0.02404535
  1542  5.353785  -0.03057702  -0.02398635
  1543  5.356285  -0.03051711  -0.02392753
  1544  5.358786  -0.03045734  -0.02386887
  1545  5.361287  -0.03039772  -0.02381039
  1546  5.363788  -0.03033825  -0.02375208
  1547  5.366289  -0.03027892  -0.02369394
  1548  5.368790  -0.03021974  -0.02363597
  1549  5.371290  -0.03016071  -0.02357817
  1550  5.373791  -0.03010181  -0.02352054
  1551  5.376292  -0.03004306  -0.02346307
  1552  5.378793  -0.02998446  -0.02340578
  1553  5.381294  -0.02992599  -0.02334865
  1554  5.383795  -0.02986768  -0.02329168
  1555  5.386295  -0.02980950  -0.02323489
  1556  5.388796  -0.02975146  -0.02317826
  1557  5.391297  -0.02969357  -0.02312179
  1558  5.393798  -0.02963581  -0.02306549
  1559  5.396299  -0.02957820  -0.02300935
  1560  5.398800  -0.02952073  -0.02295337
  1561  5.401300  -0.02946340  -0.02289756
  1562  5.403801  -0.02940620  -0.02284191
  1563  5.406302  -0.02934915  -0.02278642
  1564  5.408803  -0.02929223  -0.02273110
  1565  5.411304  -0.02923545  -0.02267593
  1566  5.413805  -0.02917882  -0.02262092
  1567  5.416305  -0.02912231  -0.02256607
  1568  5.418806  -0.02906595  -0.02251138
  1569  5.421307  -0.02900972  -0.02245685
  1570  5.423808  -0.02895363  -0.02240248
  1571  5.426309  -0.02889767  -0.02234827
  1572  5.428810  -0.02884185  -0.02229421
  1573  5.431310  -0.02878616  -0.02224031
  1574  5.433811  -0.02873061  -0.02218656
  1575  5.436312  -0.02867519  -0.02213297
  1576  5.438813  -0.02861991  -0.02207953
  1577  5.441314  -0.02856476  -0.02202625
  1578  5.443815  -0.02850974  -0.02197312
  1579  5.446315  -0.02845485  -0.02192015
  1580  5.448816  -0.02840010  -0.02186732
  1581  5.451317  -0.02834548  -0.02181465
  1582  5.453818  -0.02829099  -0.02176214
  1583  5.456319  -0.02823663  -0.02170977
  1584  5.458820  -0.02818241  -0.02165755
  1585  5.461320  -0.02812831  -0.02160548
  1586  5.463821  -0.02807434  -0.02155357
  1587  5.466322  -0.02802050  -0.02150180
  1588  5.468823  -0.02796680  -0.02145018
  1589  5.471324  -0.02791322  -0.02139871
  1590  5.473825  -0.02785977  -0.02134738
  1591  5.476325  -0.02780645  -0.02129621
  1592  5.478826  -0.02775325  -0.02124518
  1593  5.481327  -0.02770018  -0.02119430
  1594  5.483828  -0.02764724  -0.02114356
  1595  5.486329  -0.02759443  -0.02109297
  1596  5.488830  -0.02754174  -0.02104252
  1597  5.491330  -0.02748918  -0.02099221
  1598  5.493831  -0.02743675  -0.02094206
  1599  5.496332  -0.02738444  -0.02089204
  1600  5.498833  -0.02733225  -0.02084217
  1601  5.501334  -0.02728019  -0.02079244
  1602  5.503835  -0.02722826  -0.02074285
  1603  5.506335  -0.02717644  -0.02069340
  1604  5.508836  -0.02712475  -0.02064409
  1605  5.511337  -0.02707319  -0.02059493
  1606  5.513838  -0.02702174  -0.02054590
  1607  5.516339  -0.02697042  -0.02049701
  1608  5.518840  -0.02691923  -0.02044827
  1609  5.521340  -0.02686815  -0.02039966
  1610  5.523841  -0.02681719  -0.02035119
  1611  5.526342  -0.02676636  -0.02030286
  1612  5.528843  -0.02671564  -0.02025466
  1613  5.531344  -0.02666505  -0.02020660
  1614  5.533845  -0.02661458  -0.02015868
  1615  5.536345  -0.02656422  -0.02011090
  1616  5.538846  -0.02651399  -0.02006325
  1617  5.541347  -0.02646387  -0.02001573
  1618  5.543848  -0.02641388  -0.01996835
  1619  5.546349  -0.02636400  -0.01992111
  1620  5.548850  -0.02631424  -0.01987399
  1621  5.551350  -0.02626460  -0.01982701
  1622  5.553851  -0.02621507  -0.01978017
  1623  5.556352  -0.02616566  -0.01973345
  1624  5.558853  -0.02611637  -0.01968687
  1625  5.561354  -0.02606719  -0.01964042
  1626  5.563855  -0.02601814  -0.01959410
  1627  5.566355  -0.02596919  -0.01954792
  1628  5.568856  -0.02592036  -0.01950186
  1629  5.571357  -0.02587165  -0.01945593
  1630  5.573858  -0.02582305  -0.01941013
  1631  5.576359  -0.02577457  -0.01936446
  1632  5.578860  -0.02572620  -0.01931892
  1633  5.581360  -0.02567794  -0.01927351
  1634  5.583861  -0.02562980  -0.01922822
  1635  5.586362  -0.02558177  -0.01918307
  1636  5.588863  -0.02553385  -0.01913804
  1637  5.591364  -0.02548604  -0.01909313
  1638  5.593865  -0.02543835  -0.01904836
  1639  5.596365  -0.02539077  -0.01900370
  1640  5.598866  -0.02534330  -0.01895918
  1641  5.601367  -0.02529594  -0.01891478
  1642  5.603868  -0.02524870  -0.01887050
  1643  5.606369  -0.02520156  -0.01882635
  1644  5.608870  -0.02515453  -0.01878232
  1645  5.611370  -0.02510762  -0.01873841
  1646  5.613871  -0.02506081  -0.01869463
  1647  5.616372  -0.02501411  -0.01865097
  1648  5.618873  -0.02496752  -0.01860743
  1649  5.621374  -0.02492104  -0.01856401
  1650  5.623875  -0.02487467  -0.01852072
  1651  5.626375  -0.02482841  -0.01847754
  1652  5.628876  -0.02478225  -0.01843449
  1653  5.631377  -0.02473621  -0.01839155
  1654  5.633878  -0.02469026  -0.01834874
  1655  5.636379  -0.02464443  -0.01830604
  1656  5.638880  -0.02459870  -0.01826347
  1657  5.641380  -0.02455308  -0.01822101
  1658  5.643881  -0.02450757  -0.01817867
  1659  5.646382  -0.02446216  -0.01813645
  1660  5.648883  -0.02441686  -0.01809435
  1661  5.651384  -0.02437166  -0.01805236
  1662  5.653885  -0.02432656  -0.01801049
  1663  5.656385  -0.02428157  -0.01796874
  1664  5.658886  -0.02423669  -0.01792710
  1665  5.661387  -0.02419191  -0.01788558
  1666  5.663888  -0.02414723  -0.01784417
  1667  5.666389  -0.02410266  -0.01780288
  1668  5.668890  -0.02405819  -0.01776170
  1669  5.671390  -0.02401382  -0.01772064
  1670  5.673891  -0.02396956  -0.01767969
  1671  5.676392  -0.02392539  -0.01763885
  1672  5.678893  -0.02388133  -0.01759813
  1673  5.681394  -0.02383737  -0.01755752
  1674  5.683895  -0.02379351  -0.01751702
  1675  5.686395  -0.02374976  -0.01747663
  1676  5.688896  -0.02370610  -0.01743636
  1677  5.691397  -0.02366255  -0.01739620
  1678  5.693898  -0.02361909  -0.01735614
  1679  5.696399  -0.02357574  -0.01731620
  1680  5.698900  -0.02353248  -0.01727637
  1681  5.701400  -0.02348933  -0.01723665
  1682  5.703901  -0.02344627  -0.01719703
  1683  5.706402  -0.02340331  -0.01715753
  1684  5.708903  -0.02336045  -0.01711814
  1685  5.711404  -0.02331769  -0.01707885
  1686  5.713905  -0.02327503  -0.01703967
  1687  5.716405  -0.02323247  -0.01700060
  1688  5.718906  -0.02319000  -0.01696164
  1689  5.721407  -0.02314763  -0.01692278
  1690  5.723908  -0.02310536  -0.01688403
  1691  5.726409  -0.02306318  -0.01684539
  1692  5.728910  -0.02302110  -0.01680685
  1693  5.731410  -0.02297912  -0.01676842
  1694  5.733911  -0.02293723  -0.01673009
  1695  5.736412  -0.02289544  -0.01669187
  1696  5.738913  -0.02285374  -0.01665375
  1697  5.741414  -0.02281214  -0.01661574
  1698  5.743915  -0.02277064  -0.01657783
  1699  5.746415  -0.02272923  -0.01654003
  1700  5.748916  -0.02268791  -0.01650233
  1701  5.751417  -0.02264669  -0.01646473
  1702  5.753918  -0.02260556  -0.01642723
  1703  5.756419  -0.02256452  -0.01638984
  1704  5.758920  -0.02252358  -0.01635255
  1705  5.761420  -0.02248273  -0.01631536
  1706  5.763921  -0.02244198  -0.01627827
  1707  5.766422  -0.02240132  -0.01624129
  1708  5.768923  -0.02236074  -0.01620440
  1709  5.771424  -0.02232027  -0.01616761
  1710  5.773925  -0.02227988  -0.01613093
  1711  5.776425  -0.02223958  -0.01609434
  1712  5.778926  -0.02219938  -0.01605786
  1713  5.781427  -0.02215927  -0.01602147
  1714  5.783928  -0.02211925  -0.01598518
  1715  5.786429  -0.02207932  -0.01594899
  1716  5.788930  -0.02203948  -0.01591290
  1717  5.791430  -0.02199972  -0.01587691
  1718  5.793931  -0.02196006  -0.01584101
  1719  5.796432  -0.02192049  -0.01580521
  1720  5.798933  -0.02188101  -0.01576951
  1721  5.801434  -0.02184162  -0.01573391
  1722  5.803935  -0.02180232  -0.01569840
  1723  5.806435  -0.02176310  -0.01566299
  1724  5.808936  -0.02172397  -0.01562767
  1725  5.811437  -0.02168494  -0.01559245
  1726  5.813938  -0.02164599  -0.01555732
  1727  5.816439  -0.02160712  -0.01552229
  1728  5.818940  -0.02156835  -0.01548736
  1729  5.821440  -0.02152966  -0.01545251
  1730  5.823941  -0.02149106  -0.01541777
  1731  5.826442  -0.02145255  -0.01538311
  1732  5.828943  -0.02141412  -0.01534855
  1733  5.831444  -0.02137578  -0.01531408
  1734  5.833945  -0.02133752  -0.01527971
  1735  5.836445  -0.02129935  -0.01524543
  1736  5.838946  -0.02126127  -0.01521124
  1737  5.841447  -0.02122327  -0.01517714
  1738  5.843948  -0.02118536  -0.01514313
  1739  5.846449  -0.02114753  -0.01510922
  1740  5.848950  -0.02110979  -0.01507539
  1741  5.851450  -0.02107213  -0.01504166
  1742  5.853951  -0.02103455  -0.01500802
  1743  5.856452  -0.02099706  -0.01497447
  1744  5.858953  -0.02095966  -0.01494100
  1745  5.861454  -0.02092233  -0.01490763
  1746  5.863955  -0.02088509  -0.01487435
  1747  5.866455  -0.02084794  -0.01484116
  1748  5.868956  -0.02081086  -0.01480805
  1749  5.871457  -0.02077387  -0.01477503
  1750  5.873958  -0.02073696  -0.01474211
  1751  5.876459  -0.02070014  -0.01470927
  1752  5.878960  -0.02066339  -0.01467651
  1753  5.881460  -0.02062673  -0.01464385
  1754  5.883961  -0.02059015  -0.01461127
  1755  5.886462  -0.02055365  -0.01457878
  1756  5.888963  -0.02051723  -0.01454638
  1757  5.891464  -0.02048089  -0.01451406
  1758  5.893965  -0.02044464  -0.01448183
  1759  5.896465  -0.02040846  -0.01444968
  1760  5.898966  -0.02037236  -0.01441762
  1761  5.901467  -0.02033635  -0.01438565
  1762  5.903968  -0.02030041  -0.01435376
  1763  5.906469  -0.02026455  -0.01432196
  1764  5.908970  -0.02022878  -0.01429024
  1765  5.911470  -0.02019308  -0.01425860
  1766  5.913971  -0.02015746  -0.01422705
  1767  5.916472  -0.02012192  -0.01419558
  1768  5.918973  -0.02008646  -0.01416420
  1769  5.921474  -0.02005108  -0.01413290
  1770  5.923975  -0.02001577  -0.01410168
  1771  5.926475  -0.01998054  -0.01407054
  1772  5.928976  -0.01994539  -0.01403949
  1773  5.931477  -0.01991032  -0.01400852
  1774  5.933978  -0.01987533  -0.01397763
  1775  5.936479  -0.01984041  -0.01394682
  1776  5.938980  -0.01980557  -0.01391610
  1777  5.941480  -0.01977081  -0.01388546
  1778  5.943981  -0.01973612  -0.01385489
  1779  5.946482  -0.01970151  -0.01382441
  1780  5.948983  -0.01966698  -0.01379401
  1781  5.951484  -0.01963252  -0.01376369
  1782  5.953985  -0.01959813  -0.01373345
  1783  5.956485  -0.01956383  -0.01370328
  1784  5.958986  -0.01952959  -0.01367320
  1785  5.961487  -0.01949544  -0.01364320
  1786  5.963988  -0.01946136  -0.01361328
  1787  5.966489  -0.01942735  -0.01358343
  1788  5.968990  -0.01939342  -0.01355366
  1789  5.971490  -0.01935956  -0.01352398
  1790  5.973991  -0.01932577  -0.01349437
  1791  5.976492  -0.01929206  -0.01346483
  1792  5.978993  -0.01925843  -0.01343538
  1793  5.981494  -0.01922486  -0.01340600
  1794  5.983995  -0.01919137  -0.01337670
  1795  5.986495  -0.01915796  -0.01334748
  1796  5.988996  -0.01912461  -0.01331833
  1797  5.991497  -0.01909134  -0.01328926
  1798  5.993998  -0.01905815  -0.01326027
  1799  5.996499  -0.01902502  -0.01323135
  1800  5.999000  -0.01899197  -0.01320251
  1801  6.001501  -0.01895899  -0.01317374
  1802  6.004001  -0.01892608  -0.01314505
  1803  6.006502  -0.01889324  -0.01311643
  1804  6.009003  -0.01886047  -0.01308789
  1805  6.011504  -0.01882778  -0.01305942
  1806  6.014005  -0.01879515  -0.01303103
  1807  6.016506  -0.01876260  -0.01300271
  1808  6.019006  -0.01873012  -0.01297446
  1809  6.021507  -0.01869771  -0.01294629
  1810  6.024008  -0.01866537  -0.01291819
  1811  6.026509  -0.01863309  -0.01289017
  1812  6.029010  -0.01860089  -0.01286222
  1813  6.031511  -0.01856876  -0.01283434
  1814  6.034011  -0.01853670  -0.01280653
  1815  6.036512  -0.01850471  -0.01277880
  1816  6.039013  -0.01847278  -0.01275114
  1817  6.041514  -0.01844093  -0.01272355
  1818  6.044015  -0.01840915  -0.01269603
  1819  6.046516  -0.01837743  -0.01266858
  1820  6.049016  -0.01834578  -0.01264121
  1821  6.051517  -0.01831420  -0.01261390
  1822  6.054018  -0.01828269  -0.01258667
  1823  6.056519  -0.01825125  -0.01255951
  1824  6.059020  -0.01821987  -0.01253241
  1825  6.061521  -0.01818856  -0.01250539
  1826  6.064021  -0.01815732  -0.01247844
  1827  6.066522  -0.01812615  -0.01245156
  1828  6.069023  -0.01809505  -0.01242474
  1829  6.071524  -0.01806401  -0.01239800
  1830  6.074025  -0.01803304  -0.01237132
  1831  6.076526  -0.01800213  -0.01234472
  1832  6.079026  -0.01797129  -0.01231818
  1833  6.081527  -0.01794052  -0.01229171
  1834  6.084028  -0.01790981  -0.01226531
  1835  6.086529  -0.01787917  -0.01223898
  1836  6.089030  -0.01784860  -0.01221272
  1837  6.091531  -0.01781809  -0.01218652
  1838  6.094031  -0.01778764  -0.01216039
  1839  6.096532  -0.01775726  -0.01213433
  1840  6.099033  -0.01772695  -0.01210833
  1841  6.101534  -0.01769670  -0.01208241
  1842  6.104035  -0.01766652  -0.01205655
  1843  6.106536  -0.01763640  -0.01203075
  1844  6.109036  -0.01760635  -0.01200502
  1845  6.111537  -0.01757635  -0.01197936
  1846  6.114038  -0.01754643  -0.01195376
  1847  6.116539  -0.01751657  -0.01192823
  1848  6.119040  -0.01748677  -0.01190277
  1849  6.121541  -0.01745703  -0.01187737
  1850  6.124041  -0.01742736  -0.01185203
  1851  6.126542  -0.01739775  -0.01182676
  1852  6.129043  -0.01736821  -0.01180156
  1853  6.131544  -0.01733872  -0.01177642
  1854  6.134045  -0.01730931  -0.01175134
  1855  6.136546  -0.01727995  -0.01172633
  1856  6.139046  -0.01725065  -0.01170138
  1857  6.141547  -0.01722142  -0.01167650
  1858  6.144048  -0.01719225  -0.01165168
  1859  6.146549  -0.01716314  -0.01162692
  1860  6.149050  -0.01713410  -0.01160223
  1861  6.151551  -0.01710511  -0.01157759
  1862  6.154051  -0.01707619  -0.01155303
  1863  6.156552  -0.01704733  -0.01152852
  1864  6.159053  -0.01701853  -0.01150408
  1865  6.161554  -0.01698979  -0.01147970
  1866  6.164055  -0.01696111  -0.01145538
  1867  6.166556  -0.01693249  -0.01143112
  1868  6.169056  -0.01690394  -0.01140693
  1869  6.171557  -0.01687544  -0.01138279
  1870  6.174058  -0.01684700  -0.01135872
  1871  6.176559  -0.01681863  -0.01133471
  1872  6.179060  -0.01679031  -0.01131076
  1873  6.181561  -0.01676205  -0.01128687
  1874  6.184061  -0.01673386  -0.01126304
  1875  6.186562  -0.01670572  -0.01123927
  1876  6.189063  -0.01667764  -0.01121556
  1877  6.191564  -0.01664962  -0.01119192
  1878  6.194065  -0.01662166  -0.01116833
  1879  6.196566  -0.01659376  -0.01114480
  1880  6.199066  -0.01656592  -0.01112133
  1881  6.201567  -0.01653814  -0.01109792
  1882  6.204068  -0.01651041  -0.01107457
  1883  6.206569  -0.01648275  -0.01105128
  1884  6.209070  -0.01645514  -0.01102805
  1885  6.211571  -0.01642759  -0.01100487
  1886  6.214071  -0.01640010  -0.01098176
  1887  6.216572  -0.01637266  -0.01095870
  1888  6.219073  -0.01634528  -0.01093570
  1889  6.221574  -0.01631796  -0.01091276
  1890  6.224075  -0.01629070  -0.01088988
  1891  6.226576  -0.01626350  -0.01086706
  1892  6.229076  -0.01623635  -0.01084429
  1893  6.231577  -0.01620926  -0.01082158
  1894  6.234078  -0.01618222  -0.01079892
  1895  6.236579  -0.01615524  -0.01077633
  1896  6.239080  -0.01612832  -0.01075379
  1897  6.241581  -0.01610146  -0.01073131
  1898  6.244081  -0.01607465  -0.01070888
  1899  6.246582  -0.01604790  -0.01068651
  1900  6.249083  -0.01602120  -0.01066420
  1901  6.251584  -0.01599456  -0.01064194
  1902  6.254085  -0.01596797  -0.01061974
  1903  6.256586  -0.01594144  -0.01059759
  1904  6.259086  -0.01591496  -0.01057550
  1905  6.261587  -0.01588854  -0.01055346
  1906  6.264088  -0.01586218  -0.01053148
  1907  6.266589  -0.01583587  -0.01050956
  1908  6.269090  -0.01580961  -0.01048769
  1909  6.271591  -0.01578341  -0.01046587
  1910  6.274091  -0.01575727  -0.01044411
  1911  6.276592  -0.01573118  -0.01042241
  1912  6.279093  -0.01570514  -0.01040075
  1913  6.281594  -0.01567915  -0.01037916
  1914  6.284095  -0.01565323  -0.01035761
  1915  6.286596  -0.01562735  -0.01033612
  1916  6.289096  -0.01560153  -0.01031468
  1917  6.291597  -0.01557576  -0.01029330
  1918  6.294098  -0.01555004  -0.01027197
  1919  6.296599  -0.01552438  -0.01025069
  1920  6.299100  -0.01549877  -0.01022947
  1921  6.301601  -0.01547322  -0.01020830
  1922  6.304101  -0.01544771  -0.01018718
  1923  6.306602  -0.01542226  -0.01016611
  1924  6.309103  -0.01539687  -0.01014510
  1925  6.311604  -0.01537152  -0.01012414
  1926  6.314105  -0.01534623  -0.01010323
  1927  6.316606  -0.01532099  -0.01008237
  1928  6.319106  -0.01529580  -0.01006156
  1929  6.321607  -0.01527066  -0.01004081
  1930  6.324108  -0.01524558  -0.01002010
  1931  6.326609  -0.01522055  -0.00999945
  1932  6.329110  -0.01519557  -0.00997885
  1933  6.331611  -0.01517064  -0.00995830
  1934  6.334111  -0.01514576  -0.00993781
  1935  6.336612  -0.01512093  -0.00991736
  1936  6.339113  -0.01509615  -0.00989696
  1937  6.341614  -0.01507143  -0.00987661
  1938  6.344115  -0.01504675  -0.00985632
  1939  6.346616  -0.01502213  -0.00983607
  1940  6.349116  -0.01499756  -0.00981587
  1941  6.351617  -0.01497304  -0.00979573
  1942  6.354118  -0.01494856  -0.00977563
  1943  6.356619  -0.01492414  -0.00975558
  1944  6.359120  -0.01489977  -0.00973559
  1945  6.361621  -0.01487545  -0.00971564
  1946  6.364121  -0.01485117  -0.00969574
  1947  6.366622  -0.01482695  -0.00967589
  1948  6.369123  -0.01480278  -0.00965609
  1949  6.371624  -0.01477865  -0.00963633
  1950  6.374125  -0.01475458  -0.00961663
  1951  6.376626  -0.01473056  -0.00959697
  1952  6.379126  -0.01470658  -0.00957737
  1953  6.381627  -0.01468265  -0.00955781
  1954  6.384128  -0.01465877  -0.00953830
  1955  6.386629  -0.01463495  -0.00951883
  1956  6.389130  -0.01461116  -0.00949942
  1957  6.391631  -0.01458743  -0.00948005
  1958  6.394131  -0.01456375  -0.00946073
  1959  6.396632  -0.01454011  -0.00944145
  1960  6.399133  -0.01451653  -0.00942223
  1961  6.401634  -0.01449299  -0.00940305
  1962  6.404135  -0.01446949  -0.00938392
  1963  6.406636  -0.01444605  -0.00936483
  1964  6.409136  -0.01442265  -0.00934579
  1965  6.411637  -0.01439931  -0.00932680
  1966  6.414138  -0.01437601  -0.00930786
  1967  6.416639  -0.01435275  -0.00928896
  1968  6.419140  -0.01432954  -0.00927010
  1969  6.421641  -0.01430639  -0.00925130
  1970  6.424141  -0.01428327  -0.00923254
  1971  6.426642  -0.01426021  -0.00921382
  1972  6.429143  -0.01423719  -0.00919515
  1973  6.431644  -0.01421422  -0.00917653
  1974  6.434145  -0.01419129  -0.00915795
  1975  6.436646  -0.01416841  -0.00913941
  1976  6.439146  -0.01414558  -0.00912092
  1977  6.441647  -0.01412279  -0.00910248
  1978  6.444148  -0.01410005  -0.00908408
  1979  6.446649  -0.01407736  -0.00906573
  1980  6.449150  -0.01405471  -0.00904742
  1981  6.451651  -0.01403210  -0.00902915
  1982  6.454151  -0.01400955  -0.00901093
  1983  6.456652  -0.01398703  -0.00899275
  1984  6.459153  -0.01396457  -0.00897462
  1985  6.461654  -0.01394215  -0.00895653
  1986  6.464155  -0.01391977  -0.00893849
  1987  6.466656  -0.01389744  -0.00892049
  1988  6.469156  -0.01387515  -0.00890253
  1989  6.471657  -0.01385291  -0.00888462
  1990  6.474158  -0.01383071  -0.00886675
  1991  6.476659  -0.01380856  -0.00884892
  1992  6.479160  -0.01378645  -0.00883113
  1993  6.481661  -0.01376439  -0.00881339
  1994  6.484161  -0.01374237  -0.00879569
  1995  6.486662  -0.01372040  -0.00877804
  1996  6.489163  -0.01369847  -0.00876043
  1997  6.491664  -0.01367658  -0.00874286
  1998  6.494165  -0.01365474  -0.00872533
  1999  6.496666  -0.01363294  -0.00870784
  2000  6.499166  -0.01361119  -0.00869040
  2001  6.501667  -0.01358947  -0.00867300
  2002  6.504168  -0.01356781  -0.00865564
  2003  6.506669  -0.01354618  -0.00863832
  2004  6.509170  -0.01352460  -0.00862104
  2005  6.511671  -0.01350306  -0.00860381
  2006  6.514171  -0.01348157  -0.00858661
  2007  6.516672  -0.01346011  -0.00856946
  2008  6.519173  -0.01343871  -0.00855235
  2009  6.521674  -0.01341734  -0.00853528
  2010  6.524175  -0.01339601  -0.00851825
  2011  6.526676  -0.01337473  -0.00850126
  2012  6.529176  -0.01335349  -0.00848432
  2013  6.531677  -0.01333230  -0.00846741
  2014  6.534178  -0.01331114  -0.00845054
  2015  6.536679  -0.01329003  -0.00843372
  2016  6.539180  -0.01326896  -0.00841693
  2017  6.541681  -0.01324793  -0.00840019
  2018  6.544181  -0.01322695  -0.00838348
  2019  6.546682  -0.01320600  -0.00836682
  2020  6.549183  -0.01318510  -0.00835019
  2021  6.551684  -0.01316424  -0.00833361
  2022  6.554185  -0.01314342  -0.00831706
  2023  6.556686  -0.01312264  -0.00830055
  2024  6.559186  -0.01310190  -0.00828409
  2025  6.561687  -0.01308120  -0.00826766
  2026  6.564188  -0.01306055  -0.00825127
  2027  6.566689  -0.01303993  -0.00823492
  2028  6.569190  -0.01301936  -0.00821861
  2029  6.571691  -0.01299882  -0.00820234
  2030  6.574191  -0.01297833  -0.00818611
  2031  6.576692  -0.01295788  -0.00816991
  2032  6.579193  -0.01293747  -0.00815376
  2033  6.581694  -0.01291710  -0.00813764
  2034  6.584195  -0.01289677  -0.00812156
  2035  6.586696  -0.01287648  -0.00810552
  2036  6.589196  -0.01285623  -0.00808952
  2037  6.591697  -0.01283602  -0.00807355
  2038  6.594198  -0.01281585  -0.00805763
  2039  6.596699  -0.01279571  -0.00804174
  2040  6.599200  -0.01277562  -0.00802589
  2041  6.601701  -0.01275557  -0.00801007
  2042  6.604201  -0.01273556  -0.00799430
  2043  6.606702  -0.01271559  -0.00797856
  2044  6.609203  -0.01269565  -0.00796285
  2045  6.611704  -0.01267576  -0.00794719
  2046  6.614205  -0.01265590  -0.00793156
  2047  6.616706  -0.01263609  -0.00791597
  2048  6.619206  -0.01261631  -0.00790042
  2049  6.621707  -0.01259657  -0.00788490
  2050  6.624208  -0.01257687  -0.00786942
  2051  6.626709  -0.01255721  -0.00785398
  2052  6.629210  -0.01253759  -0.00783857
  2053  6.631711  -0.01251801  -0.00782320
  2054  6.634211  -0.01249846  -0.00780787
  2055  6.636712  -0.01247895  -0.00779257
  2056  6.639213  -0.01245949  -0.00777731
  2057  6.641714  -0.01244005  -0.00776208
  2058  6.644215  -0.01242066  -0.00774689
  2059  6.646716  -0.01240131  -0.00773173
  2060  6.649216  -0.01238199  -0.00771661
  2061  6.651717  -0.01236271  -0.00770153
  2062  6.654218  -0.01234347  -0.00768648
  2063  6.656719  -0.01232427  -0.00767147
  2064  6.659220  -0.01230510  -0.00765649
  2065  6.661721  -0.01228597  -0.00764155
  2066  6.664221  -0.01226688  -0.00762664
  2067  6.666722  -0.01224782  -0.00761177
  2068  6.669223  -0.01222881  -0.00759693
  2069  6.671724  -0.01220983  -0.00758213
  2070  6.674225  -0.01219088  -0.00756736
  2071  6.676726  -0.01217198  -0.00755263
  2072  6.679226  -0.01215311  -0.00753793
  2073  6.681727  -0.01213428  -0.00752327
  2074  6.684228  -0.01211548  -0.00750864
  2075  6.686729  -0.01209672  -0.00749404
  2076  6.689230  -0.01207800  -0.00747948
  2077  6.691731  -0.01205931  -0.00746495
  2078  6.694231  -0.01204066  -0.00745046
  2079  6.696732  -0.01202205  -0.00743600
  2080  6.699233  -0.01200347  -0.00742157
  2081  6.701734  -0.01198492  -0.00740718
  2082  6.704235  -0.01196642  -0.00739282
  2083  6.706736  -0.01194795  -0.00737850
  2084  6.709236  -0.01192951  -0.00736421
  2085  6.711737  -0.01191112  -0.00734995
  2086  6.714238  -0.01189275  -0.00733572
  2087  6.716739  -0.01187442  -0.00732153
  2088  6.719240  -0.01185613  -0.00730737
  2089  6.721741  -0.01183788  -0.00729325
  2090  6.724241  -0.01181965  -0.00727915
  2091  6.726742  -0.01180147  -0.00726509
  2092  6.729243  -0.01178332  -0.00725106
  2093  6.731744  -0.01176520  -0.00723707
  2094  6.734245  -0.01174712  -0.00722311
  2095  6.736746  -0.01172907  -0.00720917
  2096  6.739246  -0.01171106  -0.00719528
  2097  6.741747  -0.01169308  -0.00718141
  2098  6.744248  -0.01167514  -0.00716758
  2099  6.746749  -0.01165723  -0.00715378
  2100  6.749250  -0.01163936  -0.00714001
  2101  6.751751  -0.01162152  -0.00712627
  2102  6.754251  -0.01160372  -0.00711256
  2103  6.756752  -0.01158595  -0.00709889
  2104  6.759253  -0.01156821  -0.00708524
  2105  6.761754  -0.01155051  -0.00707163
  2106  6.764255  -0.01153284  -0.00705805
  2107  6.766756  -0.01151521  -0.00704451
  2108  6.769256  -0.01149761  -0.00703099
  2109  6.771757  -0.01148004  -0.00701750
  2110  6.774258  -0.01146251  -0.00700405
  2111  6.776759  -0.01144501  -0.00699062
  2112  6.779260  -0.01142754  -0.00697723
  2113  6.781761  -0.01141011  -0.00696387
  2114  6.784261  -0.01139271  -0.00695054
  2115  6.786762  -0.01137535  -0.00693724
  2116  6.789263  -0.01135801  -0.00692397
  2117  6.791764  -0.01134071  -0.00691073
  2118  6.794265  -0.01132345  -0.00689752
  2119  6.796766  -0.01130622  -0.00688434
  2120  6.799266  -0.01128902  -0.00687119
  2121  6.801767  -0.01127185  -0.00685808
  2122  6.804268  -0.01125471  -0.00684499
  2123  6.806769  -0.01123761  -0.00683193
  2124  6.809270  -0.01122054  -0.00681890
  2125  6.811771  -0.01120351  -0.00680591
  2126  6.814271  -0.01118650  -0.00679294
  2127  6.816772  -0.01116953  -0.00678000
  2128  6.819273  -0.01115259  -0.00676709
  2129  6.821774  -0.01113568  -0.00675421
  2130  6.824275  -0.01111881  -0.00674136
  2131  6.826776  -0.01110197  -0.00672854
  2132  6.829276  -0.01108515  -0.00671575
  2133  6.831777  -0.01106838  -0.00670299
  2134  6.834278  -0.01105163  -0.00669026
  2135  6.836779  -0.01103491  -0.00667755
  2136  6.839280  -0.01101823  -0.00666488
  2137  6.841781  -0.01100158  -0.00665224
  2138  6.844281  -0.01098496  -0.00663962
  2139  6.846782  -0.01096837  -0.00662703
  2140  6.849283  -0.01095181  -0.00661447
  2141  6.851784  -0.01093528  -0.00660194
  2142  6.854285  -0.01091879  -0.00658944
  2143  6.856786  -0.01090233  -0.00657697
  2144  6.859286  -0.01088589  -0.00656452
  2145  6.861787  -0.01086949  -0.00655211
  2146  6.864288  -0.01085312  -0.00653972
  2147  6.866789  -0.01083678  -0.00652736
  2148  6.869290  -0.01082047  -0.00651503
  2149  6.871791  -0.01080420  -0.00650272
  2150  6.874291  -0.01078795  -0.00649045
  2151  6.876792  -0.01077173  -0.00647820
  2152  6.879293  -0.01075555  -0.00646598
  2153  6.881794  -0.01073939  -0.00645379
  2154  6.884295  -0.01072327  -0.00644162
  2155  6.886796  -0.01070717  -0.00642948
  2156  6.889296  -0.01069111  -0.00641737
  2157  6.891797  -0.01067508  -0.00640529
  2158  6.894298  -0.01065907  -0.00639324
  2159  6.896799  -0.01064310  -0.00638121
  2160  6.899300  -0.01062716  -0.00636921
  2161  6.901801  -0.01061124  -0.00635724
  2162  6.904301  -0.01059536  -0.00634529
  2163  6.906802  -0.01057951  -0.00633337
  2164  6.909303  -0.01056368  -0.00632148
  2165  6.911804  -0.01054789  -0.00630961
  2166  6.914305  -0.01053212  -0.00629777
  2167  6.916806  -0.01051639  -0.00628596
  2168  6.919306  -0.01050068  -0.00627418
  2169  6.921807  -0.01048501  -0.00626242
  2170  6.924308  -0.01046936  -0.00625069
  2171  6.926809  -0.01045374  -0.00623898
  2172  6.929310  -0.01043816  -0.00622730
  2173  6.931811  -0.01042260  -0.00621565
  2174  6.934311  -0.01040707  -0.00620402
  2175  6.936812  -0.01039157  -0.00619242
  2176  6.939313  -0.01037609  -0.00618085
  2177  6.941814  -0.01036065  -0.00616930
  2178  6.944315  -0.01034524  -0.00615778
  2179  6.946816  -0.01032985  -0.00614628
  2180  6.949316  -0.01031450  -0.00613481
  2181  6.951817  -0.01029917  -0.00612337
  2182  6.954318  -0.01028387  -0.00611195
  2183  6.956819  -0.01026860  -0.00610055
  2184  6.959320  -0.01025336  -0.00608918
  2185  6.961821  -0.01023814  -0.00607784
  2186  6.964321  -0.01022296  -0.00606652
  2187  6.966822  -0.01020780  -0.00605523
  2188  6.969323  -0.01019267  -0.00604397
  2189  6.971824  -0.01017757  -0.00603273
  2190  6.974325  -0.01016250  -0.00602151
  2191  6.976826  -0.01014745  -0.00601032
  2192  6.979326  -0.01013244  -0.00599915
  2193  6.981827  -0.01011745  -0.00598801
  2194  6.984328  -0.01010249  -0.00597690
  2195  6.986829  -0.01008755  -0.00596580
  2196  6.989330  -0.01007265  -0.00595474
  2197  6.991831  -0.01005777  -0.00594370
  2198  6.994331  -0.01004292  -0.00593268
  2199  6.996832  -0.01002809  -0.00592169
  2200  6.999333  -0.01001330  -0.00591072
  2201  7.001834  -0.00999853  -0.00589977
  2202  7.004335  -0.00998379  -0.00588886
  2203  7.006836  -0.00996908  -0.00587796
  2204  7.009336  -0.00995439  -0.00586709
  2205  7.011837  -0.00993973  -0.00585624
  2206  7.014338  -0.00992510  -0.00584542
  2207  7.016839  -0.00991050  -0.00583462
  2208  7.019340  -0.00989592  -0.00582385
  2209  7.021841  -0.00988137  -0.00581310
  2210  7.024341  -0.00986684  -0.00580237
  2211  7.026842  -0.00985234  -0.00579167
  2212  7.029343  -0.00983787  -0.00578099
  2213  7.031844  -0.00982343  -0.00577034
  2214  7.034345  -0.00980901  -0.00575970
  2215  7.036846  -0.00979462  -0.00574910
  2216  7.039346  -0.00978026  -0.00573851
  2217  7.041847  -0.00976592  -0.00572795
  2218  7.044348  -0.00975161  -0.00571741
  2219  7.046849  -0.00973732  -0.00570690
  2220  7.049350  -0.00972306  -0.00569641
  2221  7.051851  -0.00970883  -0.00568594
  2222  7.054351  -0.00969463  -0.00567550
  2223  7.056852  -0.00968044  -0.00566507
  2224  7.059353  -0.00966629  -0.00565468
  2225  7.061854  -0.00965216  -0.00564430
  2226  7.064355  -0.00963806  -0.00563395
  2227  7.066856  -0.00962398  -0.00562362
  2228  7.069356  -0.00960993  -0.00561331
  2229  7.071857  -0.00959591  -0.00560303
  2230  7.074358  -0.00958191  -0.00559277
  2231  7.076859  -0.00956793  -0.00558253
  2232  7.079360  -0.00955399  -0.00557231
  2233  7.081861  -0.00954006  -0.00556212
  2234  7.084361  -0.00952617  -0.00555194
  2235  7.086862  -0.00951229  -0.00554180
  2236  7.089363  -0.00949845  -0.00553167
  2237  7.091864  -0.00948463  -0.00552156
  2238  7.094365  -0.00947083  -0.00551148
  2239  7.096866  -0.00945706  -0.00550142
  2240  7.099366  -0.00944331  -0.00549138
  2241  7.101867  -0.00942959  -0.00548137
  2242  7.104368  -0.00941590  -0.00547137
  2243  7.106869  -0.00940223  -0.00546140
  2244  7.109370  -0.00938858  -0.00545145
  2245  7.111871  -0.00937496  -0.00544152
  2246  7.114371  -0.00936137  -0.00543162
  2247  7.116872  -0.00934779  -0.00542173
  2248  7.119373  -0.00933425  -0.00541187
  2249  7.121874  -0.00932073  -0.00540203
  2250  7.124375  -0.00930723  -0.00539221
  2251  7.126876  -0.00929376  -0.00538241
  2252  7.129376  -0.00928031  -0.00537263
  2253  7.131877  -0.00926688  -0.00536288
  2254  7.134378  -0.00925348  -0.00535314
  2255  7.136879  -0.00924011  -0.00534343
  2256  7.139380  -0.00922676  -0.00533374
  2257  7.141881  -0.00921343  -0.00532407
  2258  7.144381  -0.00920013  -0.00531442
  2259  7.146882  -0.00918685  -0.00530479
  2260  7.149383  -0.00917360  -0.00529518
  2261  7.151884  -0.00916037  -0.00528559
  2262  7.154385  -0.00914716  -0.00527603
  2263  7.156886  -0.00913398  -0.00526648
  2264  7.159386  -0.00912082  -0.00525696
  2265  7.161887  -0.00910768  -0.00524745
  2266  7.164388  -0.00909457  -0.00523797
  2267  7.166889  -0.00908148  -0.00522851
  2268  7.169390  -0.00906842  -0.00521907
  2269  7.171891  -0.00905538  -0.00520965
  2270  7.174391  -0.00904236  -0.00520025
  2271  7.176892  -0.00902937  -0.00519087
  2272  7.179393  -0.00901640  -0.00518151
  2273  7.181894  -0.00900345  -0.00517217
  2274  7.184395  -0.00899053  -0.00516285
  2275  7.186896  -0.00897763  -0.00515355
  2276  7.189396  -0.00896475  -0.00514427
  2277  7.191897  -0.00895190  -0.00513501
  2278  7.194398  -0.00893907  -0.00512577
  2279  7.196899  -0.00892626  -0.00511655
  2280  7.199400  -0.00891348  -0.00510735
  2281  7.201901  -0.00890072  -0.00509817
  2282  7.204401  -0.00888798  -0.00508902
  2283  7.206902  -0.00887526  -0.00507988
  2284  7.209403  -0.00886257  -0.00507076
  2285  7.211904  -0.00884990  -0.00506166
  2286  7.214405  -0.00883726  -0.00505258
  2287  7.216906  -0.00882463  -0.00504352
  2288  7.219406  -0.00881203  -0.00503448
  2289  7.221907  -0.00879945  -0.00502545
  2290  7.224408  -0.00878689  -0.00501645
  2291  7.226909  -0.00877436  -0.00500747
  2292  7.229410  -0.00876185  -0.00499851
  2293  7.231911  -0.00874936  -0.00498956
  2294  7.234411  -0.00873689  -0.00498064
  2295  7.236912  -0.00872445  -0.00497173
  2296  7.239413  -0.00871203  -0.00496285
  2297  7.241914  -0.00869963  -0.00495398
  2298  7.244415  -0.00868725  -0.00494513
  2299  7.246916  -0.00867489  -0.00493630
  2300  7.249416  -0.00866256  -0.00492749
  2301  7.251917  -0.00865025  -0.00491870
  2302  7.254418  -0.00863796  -0.00490993
  2303  7.256919  -0.00862569  -0.00490118
  2304  7.259420  -0.00861344  -0.00489244
  2305  7.261921  -0.00860122  -0.00488372
  2306  7.264421  -0.00858901  -0.00487503
  2307  7.266922  -0.00857683  -0.00486635
  2308  7.269423  -0.00856467  -0.00485769
  2309  7.271924  -0.00855254  -0.00484905
  2310  7.274425  -0.00854042  -0.00484042
  2311  7.276926  -0.00852833  -0.00483182
  2312  7.279426  -0.00851625  -0.00482323
  2313  7.281927  -0.00850420  -0.00481467
  2314  7.284428  -0.00849217  -0.00480612
  2315  7.286929  -0.00848016  -0.00479759
  2316  7.289430  -0.00846818  -0.00478907
  2317  7.291931  -0.00845621  -0.00478058
  2318  7.294431  -0.00844427  -0.00477210
  2319  7.296932  -0.00843234  -0.00476364
  2320  7.299433  -0.00842044  -0.00475520
  2321  7.301934  -0.00840856  -0.00474678
  2322  7.304435  -0.00839670  -0.00473838
  2323  7.306936  -0.00838486  -0.00472999
  2324  7.309436  -0.00837304  -0.00472162
  2325  7.311937  -0.00836124  -0.00471327
  2326  7.314438  -0.00834947  -0.00470494
  2327  7.316939  -0.00833771  -0.00469662
  2328  7.319440  -0.00832598  -0.00468832
  2329  7.321941  -0.00831426  -0.00468004
  2330  7.324441  -0.00830257  -0.00467178
  2331  7.326942  -0.00829089  -0.00466354
  2332  7.329443  -0.00827924  -0.00465531
  2333  7.331944  -0.00826761  -0.00464710
  2334  7.334445  -0.00825600  -0.00463891
  2335  7.336946  -0.00824441  -0.00463073
  2336  7.339446  -0.00823284  -0.00462257
  2337  7.341947  -0.00822129  -0.00461443
  2338  7.344448  -0.00820976  -0.00460631
  2339  7.346949  -0.00819825  -0.00459820
  2340  7.349450  -0.00818676  -0.00459011
  2341  7.351951  -0.00817529  -0.00458204
  2342  7.354451  -0.00816384  -0.00457399
  2343  7.356952  -0.00815241  -0.00456595
  2344  7.359453  -0.00814100  -0.00455793
  2345  7.361954  -0.00812961  -0.00454993
  2346  7.364455  -0.00811825  -0.00454194
  2347  7.366956  -0.00810690  -0.00453397
  2348  7.369456  -0.00809557  -0.00452602
  2349  7.371957  -0.00808426  -0.00451808
  2350  7.374458  -0.00807297  -0.00451016
  2351  7.376959  -0.00806170  -0.00450226
  2352  7.379460  -0.00805045  -0.00449437
  2353  7.381961  -0.00803922  -0.00448650
  2354  7.384461  -0.00802801  -0.00447865
  2355  7.386962  -0.00801682  -0.00447081
  2356  7.389463  -0.00800565  -0.00446299
  2357  7.391964  -0.00799450  -0.00445519
  2358  7.394465  -0.00798337  -0.00444740
  2359  7.396966  -0.00797225  -0.00443963
  2360  7.399466  -0.00796116  -0.00443188
  2361  7.401967  -0.00795009  -0.00442414
  2362  7.404468  -0.00793903  -0.00441642
  2363  7.406969  -0.00792800  -0.00440871
  2364  7.409470  -0.00791698  -0.00440102
  2365  7.411971  -0.00790599  -0.00439335
  2366  7.414471  -0.00789501  -0.00438569
  2367  7.416972  -0.00788405  -0.00437805
  2368  7.419473  -0.00787311  -0.00437043
  2369  7.421974  -0.00786219  -0.00436282
  2370  7.424475  -0.00785129  -0.00435523
  2371  7.426976  -0.00784041  -0.00434765
  2372  7.429476  -0.00782954  -0.00434009
  2373  7.431977  -0.00781870  -0.00433254
  2374  7.434478  -0.00780787  -0.00432501
  2375  7.436979  -0.00779707  -0.00431750
  2376  7.439480  -0.00778628  -0.00431000
  2377  7.441981  -0.00777551  -0.00430252
  2378  7.444481  -0.00776476  -0.00429505
  2379  7.446982  -0.00775403  -0.00428760
  2380  7.449483  -0.00774331  -0.00428017
  2381  7.451984  -0.00773262  -0.00427275
  2382  7.454485  -0.00772194  -0.00426534
  2383  7.456986  -0.00771129  -0.00425795
  2384  7.459486  -0.00770065  -0.00425058
  2385  7.461987  -0.00769003  -0.00424322
  2386  7.464488  -0.00767942  -0.00423588
  2387  7.466989  -0.00766884  -0.00422855
  2388  7.469490  -0.00765827  -0.00422124
  2389  7.471991  -0.00764773  -0.00421394
  2390  7.474491  -0.00763720  -0.00420666
  2391  7.476992  -0.00762669  -0.00419939
  2392  7.479493  -0.00761619  -0.00419214
  2393  7.481994  -0.00760572  -0.00418490
  2394  7.484495  -0.00759526  -0.00417768
  2395  7.486996  -0.00758482  -0.00417047
  2396  7.489496  -0.00757440  -0.00416328
  2397  7.491997  -0.00756400  -0.00415610
  2398  7.494498  -0.00755361  -0.00414894
  2399  7.496999  -0.00754325  -0.00414179
  2400  7.499500  -0.00753290  -0.00413466
  2401  7.502001  -0.00752257  -0.00412754
  2402  7.504502  -0.00751225  -0.00412044
  2403  7.507002  -0.00750196  -0.00411335
  2404  7.509503  -0.00749168  -0.00410628
  2405  7.512004  -0.00748142  -0.00409922
  2406  7.514505  -0.00747118  -0.00409218
  2407  7.517006  -0.00746095  -0.00408515
  2408  7.519507  -0.00745074  -0.00407813
  2409  7.522007  -0.00744055  -0.00407113
  2410  7.524508  -0.00743038  -0.00406415
  2411  7.527009  -0.00742023  -0.00405717
  2412  7.529510  -0.00741009  -0.00405022
  2413  7.532011  -0.00739997  -0.00404327
  2414  7.534512  -0.00738987  -0.00403635
  2415  7.537012  -0.00737978  -0.00402943
  2416  7.539513  -0.00736971  -0.00402253
  2417  7.542014  -0.00735966  -0.00401565
  2418  7.544515  -0.00734963  -0.00400877
  2419  7.547016  -0.00733961  -0.00400192
  2420  7.549517  -0.00732961  -0.00399507
  2421  7.552017  -0.00731963  -0.00398824
  2422  7.554518  -0.00730966  -0.00398143
  2423  7.557019  -0.00729972  -0.00397463
  2424  7.559520  -0.00728978  -0.00396784
  2425  7.562021  -0.00727987  -0.00396107
  2426  7.564522  -0.00726997  -0.00395431
  2427  7.567022  -0.00726009  -0.00394756
  2428  7.569523  -0.00725023  -0.00394083
  2429  7.572024  -0.00724038  -0.00393411
  2430  7.574525  -0.00723055  -0.00392741
  2431  7.577026  -0.00722074  -0.00392072
  2432  7.579527  -0.00721094  -0.00391404
  2433  7.582027  -0.00720116  -0.00390738
  2434  7.584528  -0.00719140  -0.00390073
  2435  7.587029  -0.00718165  -0.00389410
  2436  7.589530  -0.00717192  -0.00388747
  2437  7.592031  -0.00716221  -0.00388087
  2438  7.594532  -0.00715251  -0.00387427
  2439  7.597032  -0.00714283  -0.00386769
  2440  7.599533  -0.00713316  -0.00386112
  2441  7.602034  -0.00712352  -0.00385457
  2442  7.604535  -0.00711388  -0.00384803
  2443  7.607036  -0.00710427  -0.00384150
  2444  7.609537  -0.00709467  -0.00383498
  2445  7.612037  -0.00708509  -0.00382848
  2446  7.614538  -0.00707552  -0.00382199
  2447  7.617039  -0.00706597  -0.00381552
  2448  7.619540  -0.00705644  -0.00380906
  2449  7.622041  -0.00704692  -0.00380261
  2450  7.624542  -0.00703742  -0.00379617
  2451  7.627042  -0.00702793  -0.00378975
  2452  7.629543  -0.00701846  -0.00378334
  2453  7.632044  -0.00700901  -0.00377695
  2454  7.634545  -0.00699957  -0.00377057
  2455  7.637046  -0.00699015  -0.00376420
  2456  7.639547  -0.00698075  -0.00375784
  2457  7.642047  -0.00697136  -0.00375149
  2458  7.644548  -0.00696198  -0.00374516
  2459  7.647049  -0.00695262  -0.00373884
  2460  7.649550  -0.00694328  -0.00373254
  2461  7.652051  -0.00693395  -0.00372625
  2462  7.654552  -0.00692464  -0.00371997
  2463  7.657052  -0.00691535  -0.00371370
  2464  7.659553  -0.00690607  -0.00370745
  2465  7.662054  -0.00689680  -0.00370120
  2466  7.664555  -0.00688756  -0.00369497
  2467  7.667056  -0.00687832  -0.00368876
  2468  7.669557  -0.00686911  -0.00368255
  2469  7.672057  -0.00685990  -0.00367636
  2470  7.674558  -0.00685072  -0.00367018
  2471  7.677059  -0.00684155  -0.00366402
  2472  7.679560  -0.00683239  -0.00365786
  2473  7.682061  -0.00682325  -0.00365172
  2474  7.684562  -0.00681413  -0.00364559
  2475  7.687062  -0.00680502  -0.00363948
  2476  7.689563  -0.00679592  -0.00363337
  2477  7.692064  -0.00678685  -0.00362728
  2478  7.694565  -0.00677778  -0.00362120
  2479  7.697066  -0.00676873  -0.00361513
  2480  7.699567  -0.00675970  -0.00360908
  2481  7.702067  -0.00675068  -0.00360304
  2482  7.704568  -0.00674168  -0.00359701
  2483  7.707069  -0.00673269  -0.00359099
  2484  7.709570  -0.00672372  -0.00358498
  2485  7.712071  -0.00671476  -0.00357899
  2486  7.714572  -0.00670582  -0.00357300
  2487  7.717072  -0.00669689  -0.00356703
  2488  7.719573  -0.00668798  -0.00356108
  2489  7.722074  -0.00667908  -0.00355513
  2490  7.724575  -0.00667019  -0.00354919
  2491  7.727076  -0.00666133  -0.00354327
  2492  7.729577  -0.00665247  -0.00353736
  2493  7.732077  -0.00664363  -0.00353146
  2494  7.734578  -0.00663481  -0.00352558
  2495  7.737079  -0.00662600  -0.00351970
  2496  7.739580  -0.00661720  -0.00351384
  2497  7.742081  -0.00660842  -0.00350799
  2498  7.744582  -0.00659966  -0.00350215
  2499  7.747082  -0.00659091  -0.00349632
  2500  7.749583  -0.00658217  -0.00349050
  2501  7.752084  -0.00657345  -0.00348470
  2502  7.754585  -0.00656474  -0.00347891
  2503  7.757086  -0.00655605  -0.00347312
  2504  7.759587  -0.00654737  -0.00346735
  2505  7.762087  -0.00653871  -0.00346160
  2506  7.764588  -0.00653006  -0.00345585
  2507  7.767089  -0.00652142  -0.00345011
  2508  7.769590  -0.00651280  -0.00344439
  2509  7.772091  -0.00650419  -0.00343868
  2510  7.774592  -0.00649560  -0.00343298
  2511  7.777092  -0.00648702  -0.00342729
  2512  7.779593  -0.00647846  -0.00342161
  2513  7.782094  -0.00646991  -0.00341594
  2514  7.784595  -0.00646137  -0.00341029
  2515  7.787096  -0.00645285  -0.00340464
  2516  7.789597  -0.00644434  -0.00339901
  2517  7.792097  -0.00643585  -0.00339339
  2518  7.794598  -0.00642737  -0.00338777
  2519  7.797099  -0.00641891  -0.00338218
  2520  7.799600  -0.00641046  -0.00337659
  2521  7.802101  -0.00640202  -0.00337101
  2522  7.804602  -0.00639360  -0.00336544
  2523  7.807102  -0.00638519  -0.00335989
  2524  7.809603  -0.00637679  -0.00335434
  2525  7.812104  -0.00636841  -0.00334881
  2526  7.814605  -0.00636004  -0.00334329
  2527  7.817106  -0.00635169  -0.00333778
  2528  7.819607  -0.00634335  -0.00333228
  2529  7.822107  -0.00633502  -0.00332679
  2530  7.824608  -0.00632671  -0.00332131
  2531  7.827109  -0.00631841  -0.00331584
  2532  7.829610  -0.00631012  -0.00331038
  2533  7.832111  -0.00630185  -0.00330494
  2534  7.834612  -0.00629359  -0.00329950
  2535  7.837112  -0.00628535  -0.00329408
  2536  7.839613  -0.00627712  -0.00328867
  2537  7.842114  -0.00626890  -0.00328326
  2538  7.844615  -0.00626069  -0.00327787
  2539  7.847116  -0.00625250  -0.00327249
  2540  7.849617  -0.00624433  -0.00326712
  2541  7.852117  -0.00623616  -0.00326176
  2542  7.854618  -0.00622801  -0.00325641
  2543  7.857119  -0.00621987  -0.00325107
  2544  7.859620  -0.00621175  -0.00324574
  2545  7.862121  -0.00620364  -0.00324042
  2546  7.864622  -0.00619554  -0.00323511
  2547  7.867122  -0.00618746  -0.00322982
  2548  7.869623  -0.00617939  -0.00322453
  2549  7.872124  -0.00617133  -0.00321925
  2550  7.874625  -0.00616329  -0.00321399
  2551  7.877126  -0.00615526  -0.00320873
  2552  7.879627  -0.00614724  -0.00320349
  2553  7.882127  -0.00613923  -0.00319825
  2554  7.884628  -0.00613124  -0.00319303
  2555  7.887129  -0.00612326  -0.00318781
  2556  7.889630  -0.00611530  -0.00318261
  2557  7.892131  -0.00610734  -0.00317741
  2558  7.894632  -0.00609940  -0.00317223
  2559  7.897132  -0.00609148  -0.00316706
  2560  7.899633  -0.00608356  -0.00316189
  2561  7.902134  -0.00607566  -0.00315674
  2562  7.904635  -0.00606778  -0.00315160
  2563  7.907136  -0.00605990  -0.00314646
  2564  7.909637  -0.00605204  -0.00314134
  2565  7.912137  -0.00604419  -0.00313623
  2566  7.914638  -0.00603635  -0.00313112
  2567  7.917139  -0.00602853  -0.00312603
  2568  7.919640  -0.00602072  -0.00312095
  2569  7.922141  -0.00601292  -0.00311588
  2570  7.924642  -0.00600513  -0.00311081
  2571  7.927142  -0.00599736  -0.00310576
  2572  7.929643  -0.00598960  -0.00310072
  2573  7.932144  -0.00598185  -0.00309568
  2574  7.934645  -0.00597411  -0.00309066
  2575  7.937146  -0.00596639  -0.00308565
  2576  7.939647  -0.00595868  -0.00308064
  2577  7.942147  -0.00595098  -0.00307565
  2578  7.944648  -0.00594330  -0.00307066
  2579  7.947149  -0.00593562  -0.00306569
  2580  7.949650  -0.00592796  -0.00306072
  2581  7.952151  -0.00592032  -0.00305577
  2582  7.954652  -0.00591268  -0.00305082
  2583  7.957152  -0.00590506  -0.00304589
  2584  7.959653  -0.00589745  -0.00304096
  2585  7.962154  -0.00588985  -0.00303604
  2586  7.964655  -0.00588226  -0.00303114
  2587  7.967156  -0.00587469  -0.00302624
  2588  7.969657  -0.00586712  -0.00302135
  2589  7.972157  -0.00585957  -0.00301647
  2590  7.974658  -0.00585204  -0.00301160
  2591  7.977159  -0.00584451  -0.00300674
  2592  7.979660  -0.00583700  -0.00300189
  2593  7.982161  -0.00582950  -0.00299705
  2594  7.984662  -0.00582201  -0.00299222
  2595  7.987162  -0.00581453  -0.00298740
  2596  7.989663  -0.00580707  -0.00298258
  2597  7.992164  -0.00579961  -0.00297778
  2598  7.994665  -0.00579217  -0.00297299
  2599  7.997166  -0.00578474  -0.00296820
  2600  7.999667  -0.00577733  -0.00296343
  2601  8.002167  -0.00576992  -0.00295866
  2602  8.004668  -0.00576253  -0.00295390
  2603  8.007169  -0.00575515  -0.00294915
  2604  8.009670  -0.00574778  -0.00294442
  2605  8.012171  -0.00574042  -0.00293969
  2606  8.014672  -0.00573307  -0.00293497
  2607  8.017172  -0.00572574  -0.00293025
  2608  8.019673  -0.00571842  -0.00292555
  2609  8.022174  -0.00571111  -0.00292086
  2610  8.024675  -0.00570381  -0.00291617
  2611  8.027176  -0.00569652  -0.00291150
  2612  8.029677  -0.00568925  -0.00290683
  2613  8.032177  -0.00568198  -0.00290218
  2614  8.034678  -0.00567473  -0.00289753
  2615  8.037179  -0.00566749  -0.00289289
  2616  8.039680  -0.00566026  -0.00288826
  2617  8.042181  -0.00565304  -0.00288364
  2618  8.044682  -0.00564584  -0.00287903
  2619  8.047182  -0.00563864  -0.00287442
  2620  8.049683  -0.00563146  -0.00286983
  2621  8.052184  -0.00562429  -0.00286524
  2622  8.054685  -0.00561713  -0.00286067
  2623  8.057186  -0.00560998  -0.00285610
  2624  8.059687  -0.00560284  -0.00285154
  2625  8.062187  -0.00559572  -0.00284699
  2626  8.064688  -0.00558860  -0.00284245
  2627  8.067189  -0.00558150  -0.00283791
  2628  8.069690  -0.00557441  -0.00283339
  2629  8.072191  -0.00556733  -0.00282887
  2630  8.074692  -0.00556026  -0.00282437
  2631  8.077192  -0.00555320  -0.00281987
  2632  8.079693  -0.00554616  -0.00281538
  2633  8.082194  -0.00553912  -0.00281090
  2634  8.084695  -0.00553210  -0.00280642
  2635  8.087196  -0.00552509  -0.00280196
  2636  8.089697  -0.00551808  -0.00279750
  2637  8.092197  -0.00551109  -0.00279306
  2638  8.094698  -0.00550411  -0.00278862
  2639  8.097199  -0.00549715  -0.00278419
  2640  8.099700  -0.00549019  -0.00277977
  2641  8.102201  -0.00548324  -0.00277535
  2642  8.104702  -0.00547631  -0.00277095
  2643  8.107202  -0.00546938  -0.00276655
  2644  8.109703  -0.00546247  -0.00276217
  2645  8.112204  -0.00545557  -0.00275779
  2646  8.114705  -0.00544868  -0.00275341
  2647  8.117206  -0.00544180  -0.00274905
  2648  8.119707  -0.00543493  -0.00274470
  2649  8.122207  -0.00542807  -0.00274035
  2650  8.124708  -0.00542122  -0.00273601
  2651  8.127209  -0.00541438  -0.00273168
  2652  8.129710  -0.00540756  -0.00272736
  2653  8.132211  -0.00540074  -0.00272305
  2654  8.134712  -0.00539394  -0.00271875
  2655  8.137212  -0.00538714  -0.00271445
  2656  8.139713  -0.00538036  -0.00271016
  2657  8.142214  -0.00537359  -0.00270588
  2658  8.144715  -0.00536683  -0.00270161
  2659  8.147216  -0.00536008  -0.00269734
  2660  8.149717  -0.00535333  -0.00269309
  2661  8.152217  -0.00534661  -0.00268884
  2662  8.154718  -0.00533989  -0.00268460
  2663  8.157219  -0.00533318  -0.00268037
  2664  8.159720  -0.00532648  -0.00267614
  2665  8.162221  -0.00531979  -0.00267193
  2666  8.164722  -0.00531312  -0.00266772
  2667  8.167222  -0.00530645  -0.00266352
  2668  8.169723  -0.00529979  -0.00265933
  2669  8.172224  -0.00529315  -0.00265515
  2670  8.174725  -0.00528651  -0.00265097
  2671  8.177226  -0.00527989  -0.00264680
  2672  8.179727  -0.00527328  -0.00264264
  2673  8.182227  -0.00526667  -0.00263849
  2674  8.184728  -0.00526008  -0.00263434
  2675  8.187229  -0.00525350  -0.00263021
  2676  8.189730  -0.00524692  -0.00262608
  2677  8.192231  -0.00524036  -0.00262196
  2678  8.194732  -0.00523381  -0.00261784
  2679  8.197232  -0.00522727  -0.00261374
  2680  8.199733  -0.00522074  -0.00260964
  2681  8.202234  -0.00521421  -0.00260555
  2682  8.204735  -0.00520770  -0.00260147
  2683  8.207236  -0.00520120  -0.00259740
  2684  8.209737  -0.00519471  -0.00259333
  2685  8.212237  -0.00518823  -0.00258927
  2686  8.214738  -0.00518176  -0.00258522
  2687  8.217239  -0.00517530  -0.00258117
  2688  8.219740  -0.00516885  -0.00257714
  2689  8.222241  -0.00516241  -0.00257311
  2690  8.224742  -0.00515598  -0.00256909
  2691  8.227242  -0.00514956  -0.00256507
  2692  8.229743  -0.00514315  -0.00256107
  2693  8.232244  -0.00513675  -0.00255707
  2694  8.234745  -0.00513036  -0.00255308
  2695  8.237246  -0.00512398  -0.00254910
  2696  8.239747  -0.00511761  -0.00254512
  2697  8.242247  -0.00511125  -0.00254115
  2698  8.244748  -0.00510490  -0.00253719
  2699  8.247249  -0.00509856  -0.00253324
  2700  8.249750  -0.00509223  -0.00252929
  2701  8.252251  -0.00508591  -0.00252535
  2702  8.254752  -0.00507960  -0.00252142
  2703  8.257252  -0.00507330  -0.00251750
  2704  8.259753  -0.00506701  -0.00251358
  2705  8.262254  -0.00506073  -0.00250967
  2706  8.264755  -0.00505446  -0.00250577
  2707  8.267256  -0.00504820  -0.00250187
  2708  8.269757  -0.00504194  -0.00249798
  2709  8.272257  -0.00503570  -0.00249410
  2710  8.274758  -0.00502947  -0.00249023
  2711  8.277259  -0.00502325  -0.00248637
  2712  8.279760  -0.00501703  -0.00248251
  2713  8.282261  -0.00501083  -0.00247866
  2714  8.284762  -0.00500464  -0.00247481
  2715  8.287262  -0.00499845  -0.00247098
  2716  8.289763  -0.00499228  -0.00246715
  2717  8.292264  -0.00498611  -0.00246332
  2718  8.294765  -0.00497996  -0.00245951
  2719  8.297266  -0.00497381  -0.00245570
  2720  8.299767  -0.00496767  -0.00245190
  2721  8.302267  -0.00496155  -0.00244810
  2722  8.304768  -0.00495543  -0.00244432
  2723  8.307269  -0.00494932  -0.00244054
  2724  8.309770  -0.00494322  -0.00243676
  2725  8.312271  -0.00493713  -0.00243300
  2726  8.314772  -0.00493105  -0.00242924
  2727  8.317272  -0.00492498  -0.00242549
  2728  8.319773  -0.00491892  -0.00242174
  2729  8.322274  -0.00491287  -0.00241800
  2730  8.324775  -0.00490683  -0.00241427
  2731  8.327276  -0.00490079  -0.00241055
  2732  8.329777  -0.00489477  -0.00240683
  2733  8.332277  -0.00488876  -0.00240312
  2734  8.334778  -0.00488275  -0.00239942
  2735  8.337279  -0.00487675  -0.00239572
  2736  8.339780  -0.00487077  -0.00239203
  2737  8.342281  -0.00486479  -0.00238835
  2738  8.344782  -0.00485882  -0.00238467
  2739  8.347282  -0.00485286  -0.00238100
  2740  8.349783  -0.00484691  -0.00237734
  2741  8.352284  -0.00484097  -0.00237368
  2742  8.354785  -0.00483504  -0.00237003
  2743  8.357286  -0.00482912  -0.00236639
  2744  8.359787  -0.00482321  -0.00236276
  2745  8.362287  -0.00481730  -0.00235913
  2746  8.364788  -0.00481141  -0.00235551
  2747  8.367289  -0.00480552  -0.00235189
  2748  8.369790  -0.00479964  -0.00234828
  2749  8.372291  -0.00479377  -0.00234468
  2750  8.374792  -0.00478791  -0.00234108
  2751  8.377292  -0.00478206  -0.00233750
  2752  8.379793  -0.00477622  -0.00233391
  2753  8.382294  -0.00477039  -0.00233034
  2754  8.384795  -0.00476457  -0.00232677
  2755  8.387296  -0.00475875  -0.00232321
  2756  8.389797  -0.00475295  -0.00231965
  2757  8.392297  -0.00474715  -0.00231610
  2758  8.394798  -0.00474136  -0.00231256
  2759  8.397299  -0.00473558  -0.00230902
  2760  8.399800  -0.00472981  -0.00230549
  2761  8.402301  -0.00472405  -0.00230197
  2762  8.404802  -0.00471830  -0.00229845
  2763  8.407302  -0.00471256  -0.00229494
  2764  8.409803  -0.00470682  -0.00229144
  2765  8.412304  -0.00470110  -0.00228794
  2766  8.414805  -0.00469538  -0.00228445
  2767  8.417306  -0.00468967  -0.00228097
  2768  8.419807  -0.00468397  -0.00227749
  2769  8.422307  -0.00467828  -0.00227402
  2770  8.424808  -0.00467260  -0.00227055
  2771  8.427309  -0.00466692  -0.00226709
  2772  8.429810  -0.00466126  -0.00226364
  2773  8.432311  -0.00465560  -0.00226019
  2774  8.434812  -0.00464995  -0.00225675
  2775  8.437312  -0.00464431  -0.00225332
  2776  8.439813  -0.00463868  -0.00224989
  2777  8.442314  -0.00463306  -0.00224647
  2778  8.444815  -0.00462745  -0.00224306
  2779  8.447316  -0.00462184  -0.00223965
  2780  8.449817  -0.00461624  -0.00223625
  2781  8.452317  -0.00461066  -0.00223285
  2782  8.454818  -0.00460508  -0.00222946
  2783  8.457319  -0.00459950  -0.00222608
  2784  8.459820  -0.00459394  -0.00222270
  2785  8.462321  -0.00458839  -0.00221933
  2786  8.464822  -0.00458284  -0.00221596
  2787  8.467322  -0.00457730  -0.00221260
  2788  8.469823  -0.00457177  -0.00220925
  2789  8.472324  -0.00456625  -0.00220590
  2790  8.474825  -0.00456074  -0.00220256
  2791  8.477326  -0.00455524  -0.00219923
  2792  8.479827  -0.00454974  -0.00219590
  2793  8.482327  -0.00454425  -0.00219258
  2794  8.484828  -0.00453878  -0.00218926
  2795  8.487329  -0.00453330  -0.00218595
  2796  8.489830  -0.00452784  -0.00218265
  2797  8.492331  -0.00452239  -0.00217935
  2798  8.494832  -0.00451694  -0.00217605
  2799  8.497332  -0.00451150  -0.00217277
  2800  8.499833  -0.00450607  -0.00216949
  2801  8.502334  -0.00450065  -0.00216621
  2802  8.504835  -0.00449524  -0.00216294
  2803  8.507336  -0.00448983  -0.00215968
  2804  8.509837  -0.00448444  -0.00215642
  2805  8.512337  -0.00447905  -0.00215317
  2806  8.514838  -0.00447367  -0.00214993
  2807  8.517339  -0.00446830  -0.00214669
  2808  8.519840  -0.00446293  -0.00214346
  2809  8.522341  -0.00445757  -0.00214023
  2810  8.524842  -0.00445223  -0.00213701
  2811  8.527342  -0.00444689  -0.00213379
  2812  8.529843  -0.00444155  -0.00213058
  2813  8.532344  -0.00443623  -0.00212738
  2814  8.534845  -0.00443091  -0.00212418
  2815  8.537346  -0.00442560  -0.00212099
  2816  8.539847  -0.00442030  -0.00211780
  2817  8.542347  -0.00441501  -0.00211462
  2818  8.544848  -0.00440973  -0.00211145
  2819  8.547349  -0.00440445  -0.00210828
  2820  8.549850  -0.00439918  -0.00210511
  2821  8.552351  -0.00439392  -0.00210196
  2822  8.554852  -0.00438867  -0.00209880
  2823  8.557352  -0.00438342  -0.00209566
  2824  8.559853  -0.00437819  -0.00209252
  2825  8.562354  -0.00437296  -0.00208938
  2826  8.564855  -0.00436774  -0.00208625
  2827  8.567356  -0.00436252  -0.00208313
  2828  8.569857  -0.00435732  -0.00208001
  2829  8.572357  -0.00435212  -0.00207690
  2830  8.574858  -0.00434693  -0.00207379
  2831  8.577359  -0.00434175  -0.00207069
  2832  8.579860  -0.00433657  -0.00206759
  2833  8.582361  -0.00433141  -0.00206450
  2834  8.584862  -0.00432625  -0.00206142
  2835  8.587362  -0.00432110  -0.00205834
  2836  8.589863  -0.00431595  -0.00205526
  2837  8.592364  -0.00431082  -0.00205220
  2838  8.594865  -0.00430569  -0.00204913
  2839  8.597366  -0.00430057  -0.00204608
  2840  8.599867  -0.00429545  -0.00204303
  2841  8.602367  -0.00429035  -0.00203998
  2842  8.604868  -0.00428525  -0.00203694
  2843  8.607369  -0.00428016  -0.00203390
  2844  8.609870  -0.00427508  -0.00203087
  2845  8.612371  -0.00427000  -0.00202785
  2846  8.614872  -0.00426494  -0.00202483
  2847  8.617372  -0.00425988  -0.00202182
  2848  8.619873  -0.00425482  -0.00201881
  2849  8.622374  -0.00424978  -0.00201581
  2850  8.624875  -0.00424474  -0.00201281
  2851  8.627376  -0.00423971  -0.00200982
  2852  8.629877  -0.00423469  -0.00200683
  2853  8.632377  -0.00422967  -0.00200385
  2854  8.634878  -0.00422467  -0.00200087
  2855  8.637379  -0.00421967  -0.00199790
  2856  8.639880  -0.00421467  -0.00199494
  2857  8.642381  -0.00420969  -0.00199198
  2858  8.644882  -0.00420471  -0.00198902
  2859  8.647382  -0.00419974  -0.00198607
  2860  8.649883  -0.00419478  -0.00198313
  2861  8.652384  -0.00418982  -0.00198019
  2862  8.654885  -0.00418487  -0.00197726
  2863  8.657386  -0.00417993  -0.00197433
  2864  8.659887  -0.00417500  -0.00197140
  2865  8.662387  -0.00417007  -0.00196849
  2866  8.664888  -0.00416515  -0.00196557
  2867  8.667389  -0.00416024  -0.00196267
  2868  8.669890  -0.00415533  -0.00195976
  2869  8.672391  -0.00415044  -0.00195687
  2870  8.674892  -0.00414555  -0.00195397
  2871  8.677392  -0.00414066  -0.00195109
  2872  8.679893  -0.00413579  -0.00194821
  2873  8.682394  -0.00413092  -0.00194533
  2874  8.684895  -0.00412606  -0.00194246
  2875  8.687396  -0.00412120  -0.00193959
  2876  8.689897  -0.00411636  -0.00193673
  2877  8.692397  -0.00411152  -0.00193387
  2878  8.694898  -0.00410668  -0.00193102
  2879  8.697399  -0.00410186  -0.00192817
  2880  8.699900  -0.00409704  -0.00192533
  2881  8.702401  -0.00409223  -0.00192250
  2882  8.704902  -0.00408742  -0.00191967
  2883  8.707402  -0.00408263  -0.00191684
  2884  8.709903  -0.00407784  -0.00191402
  2885  8.712404  -0.00407305  -0.00191120
  2886  8.714905  -0.00406828  -0.00190839
  2887  8.717406  -0.00406351  -0.00190559
  2888  8.719907  -0.00405875  -0.00190278
  2889  8.722407  -0.00405399  -0.00189999
  2890  8.724908  -0.00404924  -0.00189720
  2891  8.727409  -0.00404450  -0.00189441
  2892  8.729910  -0.00403977  -0.00189163
  2893  8.732411  -0.00403504  -0.00188885
  2894  8.734912  -0.00403032  -0.00188608
  2895  8.737412  -0.00402561  -0.00188331
  2896  8.739913  -0.00402090  -0.00188055
  2897  8.742414  -0.00401620  -0.00187780
  2898  8.744915  -0.00401151  -0.00187504
  2899  8.747416  -0.00400682  -0.00187230
  2900  8.749917  -0.00400214  -0.00186955
  2901  8.752417  -0.00399747  -0.00186682
  2902  8.754918  -0.00399281  -0.00186408
  2903  8.757419  -0.00398815  -0.00186136
  2904  8.759920  -0.00398350  -0.00185863
  2905  8.762421  -0.00397885  -0.00185591
  2906  8.764922  -0.00397421  -0.00185320
  2907  8.767422  -0.00396958  -0.00185049
  2908  8.769923  -0.00396496  -0.00184779
  2909  8.772424  -0.00396034  -0.00184509
  2910  8.774925  -0.00395573  -0.00184239
  2911  8.777426  -0.00395113  -0.00183970
  2912  8.779927  -0.00394653  -0.00183702
  2913  8.782427  -0.00394194  -0.00183434
  2914  8.784928  -0.00393735  -0.00183166
  2915  8.787429  -0.00393278  -0.00182899
  2916  8.789930  -0.00392821  -0.00182633
  2917  8.792431  -0.00392364  -0.00182367
  2918  8.794932  -0.00391908  -0.00182101
  2919  8.797432  -0.00391453  -0.00181836
  2920  8.799933  -0.00390999  -0.00181571
  2921  8.802434  -0.00390545  -0.00181307
  2922  8.804935  -0.00390092  -0.00181043
  2923  8.807436  -0.00389640  -0.00180779
  2924  8.809937  -0.00389188  -0.00180516
  2925  8.812437  -0.00388737  -0.00180254
  2926  8.814938  -0.00388286  -0.00179992
  2927  8.817439  -0.00387837  -0.00179731
  2928  8.819940  -0.00387387  -0.00179469
  2929  8.822441  -0.00386939  -0.00179209
  2930  8.824942  -0.00386491  -0.00178949
  2931  8.827442  -0.00386044  -0.00178689
  2932  8.829943  -0.00385597  -0.00178430
  2933  8.832444  -0.00385151  -0.00178171
  2934  8.834945  -0.00384706  -0.00177913
  2935  8.837446  -0.00384262  -0.00177655
  2936  8.839947  -0.00383818  -0.00177397
  2937  8.842447  -0.00383374  -0.00177140
  2938  8.844948  -0.00382932  -0.00176884
  2939  8.847449  -0.00382490  -0.00176628
  2940  8.849950  -0.00382048  -0.00176372
  2941  8.852451  -0.00381607  -0.00176117
  2942  8.854952  -0.00381167  -0.00175862
  2943  8.857452  -0.00380728  -0.00175608
  2944  8.859953  -0.00380289  -0.00175354
  2945  8.862454  -0.00379851  -0.00175100
  2946  8.864955  -0.00379413  -0.00174847
  2947  8.867456  -0.00378976  -0.00174595
  2948  8.869957  -0.00378540  -0.00174343
  2949  8.872457  -0.00378104  -0.00174091
  2950  8.874958  -0.00377669  -0.00173840
  2951  8.877459  -0.00377235  -0.00173589
  2952  8.879960  -0.00376801  -0.00173339
  2953  8.882461  -0.00376368  -0.00173089
  2954  8.884962  -0.00375935  -0.00172839
  2955  8.887462  -0.00375503  -0.00172590
  2956  8.889963  -0.00375072  -0.00172341
  2957  8.892464  -0.00374641  -0.00172093
  2958  8.894965  -0.00374211  -0.00171845
  2959  8.897466  -0.00373782  -0.00171598
  2960  8.899967  -0.00373353  -0.00171351
  2961  8.902467  -0.00372925  -0.00171105
  2962  8.904968  -0.00372497  -0.00170859
  2963  8.907469  -0.00372070  -0.00170613
  2964  8.909970  -0.00371644  -0.00170368
  2965  8.912471  -0.00371218  -0.00170123
  2966  8.914972  -0.00370793  -0.00169879
  2967  8.917472  -0.00370368  -0.00169635
  2968  8.919973  -0.00369944  -0.00169391
  2969  8.922474  -0.00369521  -0.00169148
  2970  8.924975  -0.00369098  -0.00168905
  2971  8.927476  -0.00368676  -0.00168663
  2972  8.929977  -0.00368255  -0.00168421
  2973  8.932477  -0.00367834  -0.00168180
  2974  8.934978  -0.00367414  -0.00167939
  2975  8.937479  -0.00366994  -0.00167698
  2976  8.939980  -0.00366575  -0.00167458
  2977  8.942481  -0.00366156  -0.00167218
  2978  8.944982  -0.00365739  -0.00166979
  2979  8.947482  -0.00365321  -0.00166740
  2980  8.949983  -0.00364905  -0.00166501
  2981  8.952484  -0.00364488  -0.00166263
  2982  8.954985  -0.00364073  -0.00166026
  2983  8.957486  -0.00363658  -0.00165788
  2984  8.959987  -0.00363244  -0.00165551
  2985  8.962487  -0.00362830  -0.00165315
  2986  8.964988  -0.00362417  -0.00165079
  2987  8.967489  -0.00362004  -0.00164843
  2988  8.969990  -0.00361592  -0.00164608
  2989  8.972491  -0.00361181  -0.00164373
  2990  8.974992  -0.00360770  -0.00164139
  2991  8.977492  -0.00360360  -0.00163904
  2992  8.979993  -0.00359950  -0.00163671
  2993  8.982494  -0.00359541  -0.00163438
  2994  8.984995  -0.00359133  -0.00163205
  2995  8.987496  -0.00358725  -0.00162972
  2996  8.989997  -0.00358318  -0.00162740
  2997  8.992497  -0.00357911  -0.00162509
  2998  8.994998  -0.00357505  -0.00162277
  2999  8.997499  -0.00357100  -0.00162046
  3000  9.000000  -0.00356695  -0.00161816

MG_OSO4
N 3000 R 1.5000 9.0000

     1  1.500000  125.76011654  1046.96786177
     2  1.502501  123.17038736  1024.21388068
     3  1.505002  120.63689996  1001.98723595
     4  1.507503  118.15835193  980.27489670
     5  1.510003  115.73347300  959.06417447
     6  1.512504  113.36102424  938.34271368
     7  1.515005  111.03979719  918.09848235
     8  1.517506  108.76861310  898.31976318
     9  1.520007  106.54632214  878.99514477
    10  1.522508  104.37180263  860.11351317
    11  1.525008  102.24396033  841.66404365
    12  1.527509  100.16172771  823.63619277
    13  1.530010  98.12406328  806.01969056
    14  1.532511  96.12995089  788.80453306
    15  1.535012  94.17839907  771.98097499
    16  1.537513  92.26844043  755.53952267
    17  1.540013  90.39913099  739.47092711
    18  1.542514  88.56954963  723.76617737
    19  1.545015  86.77879744  708.41649403
    20  1.547516  85.02599722  693.41332288
    21  1.550017  83.31029285  678.74832885
    22  1.552518  81.63084882  664.41338999
    23  1.555018  79.98684964  650.40059173
    24  1.557519  78.37749939  636.70222127
    25  1.560020  76.80202117  623.31076212
    26  1.562521  75.25965665  610.21888882
    27  1.565022  73.74966558  597.41946175
    28  1.567523  72.27132533  584.90552218
    29  1.570023  70.82393047  572.67028741
    30  1.572524  69.40679231  560.70714600
    31  1.575025  68.01923848  549.00965326
    32  1.577526  66.66061252  537.57152673
    33  1.580027  65.33027349  526.38664188
    34  1.582528  64.02759558  515.44902792
    35  1.585028  62.75196771  504.75286367
    36  1.587529  61.50279319  494.29247361
    37  1.590030  60.27948932  484.06232400
    38  1.592531  59.08148710  474.05701918
    39  1.595032  57.90823082  464.27129784
    40  1.597533  56.75917780  454.70002952
    41  1.600033  55.63379799  445.33821117
    42  1.602534  54.53157373  436.18096376
    43  1.605035  53.45199940  427.22352907
    44  1.607536  52.39458112  418.46126646
    45  1.610037  51.35883648  409.88964985
    46  1.612538  50.34429425  401.50426468
    47  1.615038  49.35049411  393.30080503
    48  1.617539  48.37698635  385.27507076
    49  1.620040  47.42333168  377.42296477
    50  1.622541  46.48910088  369.74049031
    51  1.625042  45.57387463  362.22374841
    52  1.627543  44.67724325  354.86893530
    53  1.630043  43.79880642  347.67233995
    54  1.632544  42.93817303  340.63034174
    55  1.635045  42.09496088  333.73940802
    56  1.637546  41.26879652  326.99609194
    57  1.640047  40.45931499  320.39703019
    58  1.642548  39.66615968  313.93894087
    59  1.645048  38.88898204  307.61862139
    60  1.647549  38.12744146  301.43294646
    61  1.650050  37.38120505  295.37886609
    62  1.652551  36.64994745  289.45340371
    63  1.655052  35.93335066  283.65365422
    64  1.657553  35.23110384  277.97678226
    65  1.660053  34.54290318  272.42002037
    66  1.662554  33.86845168  266.98066731
    67  1.665055  33.20745905  261.65608634
    68  1.667556  32.55964148  256.44370363
    69  1.670057  31.92472155  251.34100665
    70  1.672558  31.30242802  246.34554262
    71  1.675058  30.69249573  241.45491700
    72  1.677559  30.09466543  236.66679206
    73  1.680060  29.50868365  231.97888539
    74  1.682561  28.93430256  227.38896857
    75  1.685062  28.37127983  222.89486581
    76  1.687563  27.81937852  218.49445258
    77  1.690063  27.27836692  214.18565441
    78  1.692564  26.74801847  209.96644557
    79  1.695065  26.22811160  205.83484791
    80  1.697566  25.71842963  201.78892964
    81  1.700067  25.21876067  197.82680419
    82  1.702568  24.72889748  193.94662910
    83  1.705068  24.24863736  190.14660492
    84  1.707569  23.77778209  186.42497412
    85  1.710070  23.31613776  182.78002012
    86  1.712571  22.86351473  179.21006620
    87  1.715072  22.41972749  175.71347459
    88  1.717573  21.98459459  172.28864547
    89  1.720073  21.55793850  168.93401604
    90  1.722574  21.13958561  165.64805964
    91  1.725075  20.72936603  162.42928483
    92  1.727576  20.32711359  159.27623455
    93  1.730077  19.93266571  156.18748529
    94  1.732578  19.54586332  153.16164625
    95  1.735078  19.16655081  150.19735854
    96  1.737579  18.79457592  147.29329444
    97  1.740080  18.42978965  144.44815660
    98  1.742581  18.07204624  141.66067734
    99  1.745082  17.72120305  138.92961790
   100  1.747583  17.37712050  136.25376777
   101  1.750083  17.03966201  133.63194400
   102  1.752584  16.70869392  131.06299050
   103  1.755085  16.38408542  128.54577746
   104  1.757586  16.06570851  126.07920066
   105  1.760087  15.75343790  123.66218089
   106  1.762588  15.44715100  121.29366332
   107  1.765088  15.14672779  118.97261696
   108  1.767589  14.85205083  116.69803404
   109  1.770090  14.56300515  114.46892950
   110  1.772591  14.27947823  112.28434042
   111  1.775092  14.00135992  110.14332549
   112  1.777593  13.72854241  108.04496454
   113  1.780093  13.46092015  105.98835797
   114  1.782594  13.19838984  103.97262633
   115  1.785095  12.94085032  101.99690978
   116  1.787596  12.68820258  100.06036768
   117  1.790097  12.44034969  98.16217810
   118  1.792598  12.19719673  96.30153742
   119  1.795098  11.95865080  94.47765983
   120  1.797599  11.72462091  92.68977699
   121  1.800100  11.49501800  90.93713756
   122  1.802601  11.26975485  89.21900684
   123  1.805102  11.04874605  87.53466634
   124  1.807603  10.83190799  85.88341346
   125  1.810103  10.61915879  84.26456105
   126  1.812604  10.41041825  82.67743710
   127  1.815105  10.20560786  81.12138438
   128  1.817606  10.00465072  79.59576007
   129  1.820107  9.80747152  78.09993544
   130  1.822608  9.61399650  76.63329554
   131  1.825108  9.42415345  75.19523885
   132  1.827609  9.23787160  73.78517701
   133  1.830110  9.05508169  72.40253446
   134  1.832611  8.87571583  71.04674819
   135  1.835112  8.69970757  69.71726745
   136  1.837613  8.52699178  68.41355342
   137  1.840113  8.35750470  67.13507901
   138  1.842614  8.19118385  65.88132852
   139  1.845115  8.02796803  64.65179741
   140  1.847616  7.86779730  63.44599206
   141  1.850117  7.71061292  62.26342951
   142  1.852618  7.55635736  61.10363717
   143  1.855118  7.40497426  59.96615268
   144  1.857619  7.25640840  58.85052357
   145  1.860120  7.11060568  57.75630712
   146  1.862621  6.96751308  56.68307009
   147  1.865122  6.82707869  55.63038852
   148  1.867623  6.68925160  54.59784752
   149  1.870123  6.55398197  53.58504107
   150  1.872624  6.42122094  52.59157180
   151  1.875125  6.29092064  51.61705082
   152  1.877626  6.16303415  50.66109751
   153  1.880127  6.03751552  49.72333935
   154  1.882628  5.91431969  48.80341172
   155  1.885128  5.79340253  47.90095773
   156  1.887629  5.67472077  47.01562806
   157  1.890130  5.55823201  46.14708075
   158  1.892631  5.44389472  45.29498110
   159  1.895132  5.33166815  44.45900144
   160  1.897633  5.22151241  43.63882104
   161  1.900133  5.11338838  42.83412588
   162  1.902634  5.00725772  42.04460856
   163  1.905135  4.90308284  41.26996814
   164  1.907636  4.80082692  40.50990997
   165  1.910137  4.70045384  39.76414560
   166  1.912638  4.60192821  39.03239258
   167  1.915138  4.50521535  38.31437439
   168  1.917639  4.41028124  37.60982025
   169  1.920140  4.31709254  36.91846505
   170  1.922641  4.22561658  36.24004918
   171  1.925142  4.13582130  35.57431843
   172  1.927643  4.04767531  34.92102388
   173  1.930143  3.96114780  34.27992177
   174  1.932644  3.87620858  33.65077336
   175  1.935145  3.79282806  33.03334488
   176  1.937646  3.71097720  32.42740739
   177  1.940147  3.63062756  31.83273666
   178  1.942648  3.55175124  31.24911309
   179  1.945148  3.47432087  30.67632160
   180  1.947649  3.39830963  30.11415152
   181  1.950150  3.32369122  29.56239654
   182  1.952651  3.25043985  29.02085455
   183  1.955152  3.17853022  28.48932759
   184  1.957653  3.10793753  27.96762176
   185  1.960153  3.03863745  27.45554712
   186  1.962654  2.97060614  26.95291759
   187  1.965155  2.90382021  26.45955092
   188  1.967656  2.83825670  25.97526855
   189  1.970157  2.77389313  25.49989555
   190  1.972658  2.71070743  25.03326055
   191  1.975158  2.64867795  24.57519565
   192  1.977659  2.58778347  24.12553638
   193  1.980160  2.52800317  23.68412158
   194  1.982661  2.46931663  23.25079334
   195  1.985162  2.41170383  22.82539697
   196  1.987663  2.35514511  22.40778087
   197  1.990163  2.29962120  21.99779652
   198  1.992664  2.24511321  21.59529837
   199  1.995165  2.19160259  21.20014382
   200  1.997666  2.13907114  20.81219311
   201  2.000167  2.08750103  20.43130930
   202  2.002668  2.03687475  20.05735819
   203  2.005168  1.98717513  19.69020826
   204  2.007669  1.93838532  19.32973063
   205  2.010170  1.89048879  18.97579899
   206  2.012671  1.84346933  18.62828955
   207  2.015172  1.79731104  18.28708098
   208  2.017673  1.75199829  17.95205438
   209  2.020173  1.70751578  17.62309319
   210  2.022674  1.66384848  17.30008319
   211  2.025175  1.62098165  16.98291241
   212  2.027676  1.57890083  16.67147111
   213  2.030177  1.53759181  16.36565170
   214  2.032678  1.49704068  16.06534874
   215  2.035178  1.45723377  15.77045886
   216  2.037679  1.41815767  15.48088074
   217  2.040180  1.37979921  15.19651504
   218  2.042681  1.34214549  14.91726440
   219  2.045182  1.30518384  14.64303333
   220  2.047683  1.26890181  14.37372827
   221  2.050183  1.23328720  14.10925745
   222  2.052684  1.19832804  13.84953093
   223  2.055185  1.16401258  13.59446051
   224  2.057686  1.13032927  13.34395971
   225  2.060187  1.09726679  13.09794377
   226  2.062688  1.06481404  12.85632955
   227  2.065188  1.03296011  12.61903556
   228  2.067689  1.00169429  12.38598185
   229  2.070190  0.97100608  12.15709008
   230  2.072691  0.94088516  11.93228340
   231  2.075192  0.91132143  11.71148645
   232  2.077693  0.88230493  11.49462534
   233  2.080193  0.85382591  11.28162761
   234  2.082694  0.82587482  11.07242219
   235  2.085195  0.79844224  10.86693941
   236  2.087696  0.77151896  10.66511092
   237  2.090197  0.74509591  10.46686968
   238  2.092698  0.71916422  10.27214997
   239  2.095198  0.69371516  10.08088732
   240  2.097699  0.66874015  9.89301849
   241  2.100200  0.64423079  9.70848147
   242  2.102701  0.62017883  9.52721542
   243  2.105202  0.59657615  9.34916069
   244  2.107703  0.57341481  9.17425874
   245  2.110203  0.55068698  9.00245219
   246  2.112704  0.52838501  8.83368471
   247  2.115205  0.50650135  8.66790108
   248  2.117706  0.48502861  8.50504712
   249  2.120207  0.46395953  8.34506967
   250  2.122708  0.44328699  8.18791661
   251  2.125208  0.42300399  8.03353677
   252  2.127709  0.40310364  7.88187998
   253  2.130210  0.38357922  7.73289701
   254  2.132711  0.36442408  7.58653958
   255  2.135212  0.34563172  7.44276029
   256  2.137713  0.32719576  7.30151267
   257  2.140213  0.30910991  7.16275110
   258  2.142714  0.29136803  7.02643083
   259  2.145215  0.27396405  6.89250797
   260  2.147716  0.25689203  6.76093944
   261  2.150217  0.24014615  6.63168295
   262  2.152718  0.22372067  6.50469705
   263  2.155218  0.20760996  6.37994103
   264  2.157719  0.19180850  6.25737496
   265  2.160220  0.17631086  6.13695966
   266  2.162721  0.16111171  6.01865666
   267  2.165222  0.14620581  5.90242824
   268  2.167723  0.13158803  5.78823737
   269  2.170223  0.11725331  5.67604771
   270  2.172724  0.10319669  5.56582360
   271  2.175225  0.08941330  5.45753003
   272  2.177726  0.07589836  5.35113266
   273  2.180227  0.06264716  5.24659779
   274  2.182728  0.04965510  5.14389232
   275  2.185228  0.03691763  5.04298380
   276  2.187729  0.02443030  4.94384034
   277  2.190230  0.01218874  4.84643068
   278  2.192731  0.00018865  4.75072410
   279  2.195232  -0.01157420  4.65669048
   280  2.197733  -0.02310394  4.56430025
   281  2.200233  -0.03440465  4.47352435
   282  2.202734  -0.04548034  4.38433431
   283  2.205235  -0.05633493  4.29670215
   284  2.207736  -0.06697229  4.21060040
   285  2.210237  -0.07739621  4.12600211
   286  2.212738  -0.08761041  4.04288083
   287  2.215238  -0.09761856  3.96121057
   288  2.217739  -0.10742426  3.88096584
   289  2.220240  -0.11703103  3.80212160
   290  2.222741  -0.12644235  3.72465328
   291  2.225242  -0.13566163  3.64853675
   292  2.227743  -0.14469223  3.57374832
   293  2.230243  -0.15353742  3.50026475
   294  2.232744  -0.16220045  3.42806318
   295  2.235245  -0.17068450  3.35712123
   296  2.237746  -0.17899269  3.28741686
   297  2.240247  -0.18712808  3.21892847
   298  2.242748  -0.19509369  3.15163485
   299  2.245248  -0.20289249  3.08551517
   300  2.247749  -0.21052737  3.02054895
   301  2.250250  -0.21800121  2.95671614
   302  2.252751  -0.22531681  2.89399699
   303  2.255252  -0.23247694  2.83237214
   304  2.257753  -0.23948429  2.77182258
   305  2.260253  -0.24634155  2.71232964
   306  2.262754  -0.25305133  2.65387496
   307  2.265255  -0.25961620  2.59644056
   308  2.267756  -0.26603870  2.54000874
   309  2.270257  -0.27232130  2.48456214
   310  2.272758  -0.27846646  2.43008369
   311  2.275258  -0.28447656  2.37655667
   312  2.277759  -0.29035398  2.32396460
   313  2.280260  -0.29610103  2.27229135
   314  2.282761  -0.30171998  2.22152104
   315  2.285262  -0.30721308  2.17163810
   316  2.287763  -0.31258252  2.12262721
   317  2.290263  -0.31783046  2.07447336
   318  2.292764  -0.32295904  2.02716177
   319  2.295265  -0.32797034  1.98067794
   320  2.297766  -0.33286641  1.93500764
   321  2.300267  -0.33764927  1.89013687
   322  2.302768  -0.34232091  1.84605189
   323  2.305268  -0.34688326  1.80273921
   324  2.307769  -0.35133824  1.76018557
   325  2.310270  -0.35568774  1.71837794
   326  2.312771  -0.35993361  1.67730354
   327  2.315272  -0.36407765  1.63694980
   328  2.317773  -0.36812167  1.59730437
   329  2.320273  -0.37206742  1.55835513
   330  2.322774  -0.37591662  1.52009016
   331  2.325275  -0.37967097  1.48249777
   332  2.327776  -0.38333213  1.44556646
   333  2.330277  -0.38690175  1.40928493
   334  2.332778  -0.39038144  1.37364209
   335  2.335278  -0.39377277  1.33862704
   336  2.337779  -0.39707732  1.30422907
   337  2.340280  -0.40029660  1.27043765
   338  2.342781  -0.40343212  1.23724246
   339  2.345282  -0.40648536  1.20463334
   340  2.347783  -0.40945778  1.17260030
   341  2.350283  -0.41235079  1.14113355
   342  2.352784  -0.41516581  1.11022346
   343  2.355285  -0.41790422  1.07986055
   344  2.357786  -0.42056736  1.05003553
   345  2.360287  -0.42315658  1.02073926
   346  2.362788  -0.42567319  0.99196276
   347  2.365288  -0.42811848  0.96369722
   348  2.367789  -0.43049371  0.93593396
   349  2.370290  -0.43280012  0.90866447
   350  2.372791  -0.43503895  0.88188038
   351  2.375292  -0.43721139  0.85557346
   352  2.377793  -0.43931863  0.82973563
   353  2.380293  -0.44136184  0.80435894
   354  2.382794  -0.44334215  0.77943560
   355  2.385295  -0.44526068  0.75495794
   356  2.387796  -0.44711856  0.73091841
   357  2.390297  -0.44891685  0.70730961
   358  2.392798  -0.45065664  0.68412426
   359  2.395298  -0.45233896  0.66135520
   360  2.397799  -0.45396486  0.63899541
   361  2.400300  -0.45553534  0.61703798
   362  2.402801  -0.45705141  0.59547612
   363  2.405302  -0.45851404  0.57430315
   364  2.407803  -0.45992420  0.55351251
   365  2.410303  -0.46128284  0.53309776
   366  2.412804  -0.46259089  0.51305256
   367  2.415305  -0.46384926  0.49337068
   368  2.417806  -0.46505886  0.47404600
   369  2.420307  -0.46622057  0.45507252
   370  2.422808  -0.46733527  0.43644431
   371  2.425308  -0.46840380  0.41815556
   372  2.427809  -0.46942702  0.40020056
   373  2.430310  -0.47040575  0.38257369
   374  2.432811  -0.47134080  0.36526944
   375  2.435312  -0.47223297  0.34828238
   376  2.437813  -0.47308305  0.33160718
   377  2.440313  -0.47389181  0.31523859
   378  2.442814  -0.47466002  0.29917147
   379  2.445315  -0.47538842  0.28340074
   380  2.447816  -0.47607774  0.26792143
   381  2.450317  -0.47672871  0.25272865
   382  2.452818  -0.47734204  0.23781757
   383  2.455318  -0.47791842  0.22318348
   384  2.457819  -0.47845855  0.20882172
   385  2.460320  -0.47896310  0.19472772
   386  2.462821  -0.47943274  0.18089699
   387  2.465322  -0.47986811  0.16732511
   388  2.467823  -0.48026985  0.15400773
   389  2.470323  -0.48063861  0.14094059
   390  2.472824  -0.48097500  0.12811949
   391  2.475325  -0.48127962  0.11554030
   392  2.477826  -0.48155309  0.10319897
   393  2.480327  -0.48179598  0.09109150
   394  2.482828  -0.48200889  0.07921397
   395  2.485328  -0.48219237  0.06756253
   396  2.487829  -0.48234700  0.05613339
   397  2.490330  -0.48247332  0.04492282
   398  2.492831  -0.48257187  0.03392715
   399  2.495332  -0.48264319  0.02314278
   400  2.497833  -0.48268779  0.01256617
   401  2.500333  -0.48270621  0.00219384
   402  2.502834  -0.48269893  -0.00797764
   403  2.505335  -0.48266647  -0.01795164
   404  2.507836  -0.48260931  -0.02773146
   405  2.510337  -0.48252793  -0.03732037
   406  2.512838  -0.48242280  -0.04672157
   407  2.515338  -0.48229439  -0.05593820
   408  2.517839  -0.48214317  -0.06497336
   409  2.520340  -0.48196957  -0.07383009
   410  2.522841  -0.48177404  -0.08251139
   411  2.525342  -0.48155702  -0.09102019
   412  2.527843  -0.48131893  -0.09935940
   413  2.530343  -0.48106019  -0.10753186
   414  2.532844  -0.48078123  -0.11554036
   415  2.535345  -0.48048243  -0.12338767
   416  2.537846  -0.48016421  -0.13107647
   417  2.540347  -0.47982696  -0.13860945
   418  2.542848  -0.47947106  -0.14598920
   419  2.545348  -0.47909690  -0.15321832
   420  2.547849  -0.47870484  -0.16029932
   421  2.550350  -0.47829526  -0.16723469
   422  2.552851  -0.47786851  -0.17402690
   423  2.555352  -0.47742495  -0.18067833
   424  2.557853  -0.47696493  -0.18719136
   425  2.560353  -0.47648879  -0.19356832
   426  2.562854  -0.47599688  -0.19981149
   427  2.565355  -0.47548951  -0.20592313
   428  2.567856  -0.47496703  -0.21190545
   429  2.570357  -0.47442974  -0.21776063
   430  2.572858  -0.47387796  -0.22349082
   431  2.575358  -0.47331201  -0.22909811
   432  2.577859  -0.47273219  -0.23458458
   433  2.580360  -0.47213880  -0.23995227
   434  2.582861  -0.47153213  -0.24520318
   435  2.585362  -0.47091247  -0.25033929
   436  2.587863  -0.47028011  -0.25536253
   437  2.590363  -0.46963532  -0.26027480
   438  2.592864  -0.46897839  -0.26507799
   439  2.595365  -0.46830958  -0.26977393
   440  2.597866  -0.46762916  -0.27436445
   441  2.600367  -0.46693739  -0.27885133
   442  2.602868  -0.46623452  -0.28323631
   443  2.605368  -0.46552082  -0.28752114
   444  2.607869  -0.46479652  -0.29170750
   445  2.610370  -0.46406188  -0.29579706
   446  2.612871  -0.46331712  -0.29979148
   447  2.615372  -0.46256250  -0.30369235
   448  2.617873  -0.46179823  -0.30750128
   449  2.620373  -0.46102455  -0.31121983
   450  2.622874  -0.46024169  -0.31484953
   451  2.625375  -0.45944985  -0.31839190
   452  2.627876  -0.45864927  -0.32184842
   453  2.630377  -0.45784014  -0.32522056
   454  2.632878  -0.45702269  -0.32850975
   455  2.635378  -0.45619712  -0.33171742
   456  2.637879  -0.45536362  -0.33484495
   457  2.640380  -0.45452240  -0.33789372
   458  2.642881  -0.45367365  -0.34086507
   459  2.645382  -0.45281757  -0.34376033
   460  2.647883  -0.45195434  -0.34658081
   461  2.650383  -0.45108415  -0.34932777
   462  2.652884  -0.45020718  -0.35200250
   463  2.655385  -0.44932361  -0.35460622
   464  2.657886  -0.44843361  -0.35714016
   465  2.660387  -0.44753737  -0.35960553
   466  2.662888  -0.44663504  -0.36200349
   467  2.665388  -0.44572680  -0.36433522
   468  2.667889  -0.44481281  -0.36660185
   469  2.670390  -0.44389324  -0.36880452
   470  2.672891  -0.44296823  -0.37094433
   471  2.675392  -0.44203795  -0.37302236
   472  2.677893  -0.44110254  -0.37503969
   473  2.680393  -0.44016217  -0.37699737
   474  2.682894  -0.43921698  -0.37889643
   475  2.685395  -0.43826711  -0.38073791
   476  2.687896  -0.43731270  -0.38252279
   477  2.690397  -0.43635390  -0.38425206
   478  2.692898  -0.43539085  -0.38592671
   479  2.695398  -0.43442367  -0.38754767
   480  2.697899  -0.43345251  -0.38911589
   481  2.700400  -0.43247748  -0.39063230
   482  2.702901  -0.43149873  -0.39209779
   483  2.705402  -0.43051638  -0.39351327
   484  2.707903  -0.42953055  -0.39487962
   485  2.710403  -0.42854137  -0.39619770
   486  2.712904  -0.42754894  -0.39746837
   487  2.715405  -0.42655340  -0.39869245
   488  2.717906  -0.42555485  -0.39987077
   489  2.720407  -0.42455342  -0.40100415
   490  2.722908  -0.42354920  -0.40209338
   491  2.725408  -0.42254232  -0.40313925
   492  2.727909  -0.42153287  -0.40414252
   493  2.730410  -0.42052097  -0.40510396
   494  2.732911  -0.41950671  -0.40602432
   495  2.735412  -0.41849020  -0.40690432
   496  2.737913  -0.41747154  -0.40774470
   497  2.740413  -0.41645083  -0.40854615
   498  2.742914  -0.41542816  -0.40930939
   499  2.745415  -0.41440363  -0.41003510
   500  2.747916  -0.41337733  -0.41072396
   501  2.750417  -0.41234936  -0.41137663
   502  2.752918  -0.41131979  -0.41199377
   503  2.755418  -0.41028873  -0.41257602
   504  2.757919  -0.40925625  -0.41312402
   505  2.760420  -0.40822245  -0.41363840
   506  2.762921  -0.40718740  -0.41411975
   507  2.765422  -0.40615119  -0.41456870
   508  2.767923  -0.40511389  -0.41498583
   509  2.770423  -0.40407559  -0.41537173
   510  2.772924  -0.40303637  -0.41572698
   511  2.775425  -0.40199629  -0.41605213
   512  2.777926  -0.40095544  -0.41634775
   513  2.780427  -0.39991388  -0.41661438
   514  2.782928  -0.39887169  -0.41685256
   515  2.785428  -0.39782895  -0.41706282
   516  2.787929  -0.39678571  -0.41724569
   517  2.790430  -0.39574204  -0.41740167
   518  2.792931  -0.39469803  -0.41753127
   519  2.795432  -0.39365371  -0.41763499
   520  2.797933  -0.39260918  -0.41771331
   521  2.800433  -0.39156447  -0.41776672
   522  2.802934  -0.39051967  -0.41779569
   523  2.805435  -0.38947482  -0.41780067
   524  2.807936  -0.38842999  -0.41778214
   525  2.810437  -0.38738523  -0.41774054
   526  2.812938  -0.38634060  -0.41767631
   527  2.815438  -0.38529617  -0.41758988
   528  2.817939  -0.38425198  -0.41748170
   529  2.820440  -0.38320808  -0.41735217
   530  2.822941  -0.38216454  -0.41720171
   531  2.825442  -0.38112140  -0.41703073
   532  2.827943  -0.38007871  -0.41683963
   533  2.830443  -0.37903652  -0.41662881
   534  2.832944  -0.37799488  -0.41639865
   535  2.835445  -0.37695385  -0.41614953
   536  2.837946  -0.37591346  -0.41588184
   537  2.840447  -0.37487376  -0.41559593
   538  2.842948  -0.37383480  -0.41529218
   539  2.845448  -0.37279662  -0.41497094
   540  2.847949  -0.37175927  -0.41463257
   541  2.850450  -0.37072278  -0.41427740
   542  2.852951  -0.36968720  -0.41390578
   543  2.855452  -0.36865258  -0.41351805
   544  2.857953  -0.36761894  -0.41311453
   545  2.860453  -0.36658633  -0.41269554
   546  2.862954  -0.36555478  -0.41226142
   547  2.865455  -0.36452434  -0.41181246
   548  2.867956  -0.36349505  -0.41134898
   549  2.870457  -0.36246693  -0.41087128
   550  2.872958  -0.36144002  -0.41037966
   551  2.875458  -0.36041436  -0.40987441
   552  2.877959  -0.35938997  -0.40935582
   553  2.880460  -0.35836690  -0.40882418
   554  2.882961  -0.35734518  -0.40827976
   555  2.885462  -0.35632484  -0.40772284
   556  2.887963  -0.35530590  -0.40715369
   557  2.890463  -0.35428840  -0.40657257
   558  2.892964  -0.35327237  -0.40597975
   559  2.895465  -0.35225783  -0.40537548
   560  2.897966  -0.35124482  -0.40476001
   561  2.900467  -0.35023337  -0.40413360
   562  2.902968  -0.34922349  -0.40349649
   563  2.905468  -0.34821522  -0.40284892
   564  2.907969  -0.34720858  -0.40219112
   565  2.910470  -0.34620360  -0.40152333
   566  2.912971  -0.34520030  -0.40084577
   567  2.915472  -0.34419871  -0.40015868
   568  2.917973  -0.34319885  -0.39946227
   569  2.920473  -0.34220074  -0.39875675
   570  2.922974  -0.34120441  -0.39804236
   571  2.925475  -0.34020987  -0.39731928
   572  2.927976  -0.33921716  -0.39658774
   573  2.930477  -0.33822628  -0.39584793
   574  2.932978  -0.33723727  -0.39510005
   575  2.935478  -0.33625013  -0.39434431
   576  2.937979  -0.33526489  -0.39358089
   577  2.940480  -0.33428157  -0.39280999
   578  2.942981  -0.33330019  -0.39203178
   579  2.945482  -0.33232077  -0.39124646
   580  2.947983  -0.33134332  -0.39045421
   581  2.950483  -0.33036785  -0.38965521
   582  2.952984  -0.32939440  -0.38884962
   583  2.955485  -0.32842296  -0.38803762
   584  2.957986  -0.32745357  -0.38721938
   585  2.960487  -0.32648622  -0.38639507
   586  2.962988  -0.32552095  -0.38556484
   587  2.965488  -0.32455776  -0.38472887
   588  2.967989  -0.32359667  -0.38388730
   589  2.970490  -0.32263769  -0.38304030
   590  2.972991  -0.32168083  -0.38218801
   591  2.975492  -0.32072612  -0.38133059
   592  2.977993  -0.31977355  -0.38046818
   593  2.980493  -0.31882315  -0.37960092
   594  2.982994  -0.31787492  -0.37872897
   595  2.985495  -0.31692887  -0.37785246
   596  2.987996  -0.31598503  -0.37697152
   597  2.990497  -0.31504339  -0.37608630
   598  2.992998  -0.31410397  -0.37519692
   599  2.995498  -0.31316678  -0.37430352
   600  2.997999  -0.31223183  -0.37340623
   601  3.000500  -0.31129913  -0.37250517
   602  3.003001  -0.31036869  -0.37160046
   603  3.005502  -0.30944051  -0.37069223
   604  3.008003  -0.30851461  -0.36978060
   605  3.010504  -0.30759100  -0.36886568
   606  3.013004  -0.30666967  -0.36794759
   607  3.015505  -0.30575065  -0.36702645
   608  3.018006  -0.30483393  -0.36610237
   609  3.020507  -0.30391953  -0.36517545
   610  3.023008  -0.30300745  -0.36424580
   611  3.025509  -0.30209769  -0.36331354
   612  3.028009  -0.30119028  -0.36237876
   613  3.030510  -0.30028520  -0.36144156
   614  3.033011  -0.29938247  -0.36050206
   615  3.035512  -0.29848209  -0.35956034
   616  3.038013  -0.29758407  -0.35861650
   617  3.040514  -0.29668841  -0.35767064
   618  3.043014  -0.29579512  -0.35672286
   619  3.045515  -0.29490420  -0.35577324
   620  3.048016  -0.29401566  -0.35482187
   621  3.050517  -0.29312950  -0.35386885
   622  3.053018  -0.29224573  -0.35291425
   623  3.055519  -0.29136434  -0.35195818
   624  3.058019  -0.29048535  -0.35100070
   625  3.060520  -0.28960876  -0.35004191
   626  3.063021  -0.28873456  -0.34908188
   627  3.065522  -0.28786277  -0.34812070
   628  3.068023  -0.28699338  -0.34715843
   629  3.070524  -0.28612640  -0.34619517
   630  3.073024  -0.28526183  -0.34523098
   631  3.075525  -0.28439967  -0.34426594
   632  3.078026  -0.28353992  -0.34330012
   633  3.080527  -0.28268259  -0.34233359
   634  3.083028  -0.28182768  -0.34136642
   635  3.085529  -0.28097519  -0.34039869
   636  3.088029  -0.28012512  -0.33943045
   637  3.090530  -0.27927748  -0.33846178
   638  3.093031  -0.27843225  -0.33749274
   639  3.095532  -0.27758945  -0.33652340
   640  3.098033  -0.27674907  -0.33555381
   641  3.100534  -0.27591112  -0.33458404
   642  3.103034  -0.27507560  -0.33361414
   643  3.105535  -0.27424249  -0.33264419
   644  3.108036  -0.27341182  -0.33167423
   645  3.110537  -0.27258357  -0.33070432
   646  3.113038  -0.27175775  -0.32973452
   647  3.115539  -0.27093435  -0.32876489
   648  3.118039  -0.27011337  -0.32779547
   649  3.120540  -0.26929482  -0.32682633
   650  3.123041  -0.26847870  -0.32585750
   651  3.125542  -0.26766499  -0.32488905
   652  3.128043  -0.26685371  -0.32392102
   653  3.130544  -0.26604485  -0.32295346
   654  3.133044  -0.26523840  -0.32198642
   655  3.135545  -0.26443438  -0.32101995
   656  3.138046  -0.26363277  -0.32005409
   657  3.140547  -0.26283357  -0.31908889
   658  3.143048  -0.26203679  -0.31812439
   659  3.145549  -0.26124242  -0.31716063
   660  3.148049  -0.26045046  -0.31619766
   661  3.150550  -0.25966090  -0.31523552
   662  3.153051  -0.25887375  -0.31427425
   663  3.155552  -0.25808901  -0.31331389
   664  3.158053  -0.25730666  -0.31235449
   665  3.160554  -0.25652671  -0.31139606
   666  3.163054  -0.25574916  -0.31043867
   667  3.165555  -0.25497400  -0.30948233
   668  3.168056  -0.25420123  -0.30852710
   669  3.170557  -0.25343085  -0.30757299
   670  3.173058  -0.25266285  -0.30662006
   671  3.175559  -0.25189724  -0.30566833
   672  3.178059  -0.25113400  -0.30471783
   673  3.180560  -0.25037314  -0.30376860
   674  3.183061  -0.24961465  -0.30282067
   675  3.185562  -0.24885853  -0.30187407
   676  3.188063  -0.24810478  -0.30092884
   677  3.190564  -0.24735338  -0.29998499
   678  3.193064  -0.24660435  -0.29904256
   679  3.195565  -0.24585767  -0.29810159
   680  3.198066  -0.24511334  -0.29716209
   681  3.200567  -0.24437136  -0.29622409
   682  3.203068  -0.24363173  -0.29528762
   683  3.205569  -0.24289443  -0.29435271
   684  3.208069  -0.24215947  -0.29341939
   685  3.210570  -0.24142685  -0.29248767
   686  3.213071  -0.24069655  -0.29155758
   687  3.215572  -0.23996857  -0.29062914
   688  3.218073  -0.23924291  -0.28970239
   689  3.220574  -0.23851957  -0.28877733
   690  3.223074  -0.23779854  -0.28785400
   691  3.225575  -0.23707982  -0.28693242
   692  3.228076  -0.23636340  -0.28601260
   693  3.230577  -0.23564928  -0.28509457
   694  3.233078  -0.23493745  -0.28417834
   695  3.235579  -0.23422791  -0.28326394
   696  3.238079  -0.23352066  -0.28235139
   697  3.240580  -0.23281568  -0.28144070
   698  3.243081  -0.23211298  -0.28053190
   699  3.245582  -0.23141256  -0.27962499
   700  3.248083  -0.23071439  -0.27872001
   701  3.250584  -0.23001849  -0.27781696
   702  3.253084  -0.22932484  -0.27691586
   703  3.255585  -0.22863345  -0.27601673
   704  3.258086  -0.22794430  -0.27511958
   705  3.260587  -0.22725739  -0.27422443
   706  3.263088  -0.22657272  -0.27333129
   707  3.265589  -0.22589027  -0.27244018
   708  3.268089  -0.22521006  -0.27155112
   709  3.270590  -0.22453206  -0.27066410
   710  3.273091  -0.22385629  -0.26977916
   711  3.275592  -0.22318272  -0.26889630
   712  3.278093  -0.22251135  -0.26801553
   713  3.280594  -0.22184219  -0.26713687
   714  3.283094  -0.22117522  -0.26626032
   715  3.285595  -0.22051044  -0.26538591
   716  3.288096  -0.21984785  -0.26451363
   717  3.290597  -0.21918743  -0.26364351
   718  3.293098  -0.21852919  -0.26277555
   719  3.295599  -0.21787312  -0.26190976
   720  3.298099  -0.21721920  -0.26104615
   721  3.300600  -0.21656745  -0.26018473
   722  3.303101  -0.21591784  -0.25932551
   723  3.305602  -0.21527039  -0.25846850
   724  3.308103  -0.21462507  -0.25761371
   725  3.310604  -0.21398189  -0.25676115
   726  3.313104  -0.21334083  -0.25591082
   727  3.315605  -0.21270190  -0.25506273
   728  3.318106  -0.21206509  -0.25421688
   729  3.320607  -0.21143039  -0.25337330
   730  3.323108  -0.21079780  -0.25253198
   731  3.325609  -0.21016731  -0.25169292
   732  3.328109  -0.20953891  -0.25085615
   733  3.330610  -0.20891261  -0.25002165
   734  3.333111  -0.20828839  -0.24918944
   735  3.335612  -0.20766624  -0.24835953
   736  3.338113  -0.20704617  -0.24753191
   737  3.340614  -0.20642817  -0.24670660
   738  3.343114  -0.20581223  -0.24588360
   739  3.345615  -0.20519834  -0.24506291
   740  3.348116  -0.20458650  -0.24424453
   741  3.350617  -0.20397671  -0.24342848
   742  3.353118  -0.20336895  -0.24261476
   743  3.355619  -0.20276323  -0.24180336
   744  3.358119  -0.20215953  -0.24099430
   745  3.360620  -0.20155785  -0.24018757
   746  3.363121  -0.20095819  -0.23938318
   747  3.365622  -0.20036054  -0.23858114
   748  3.368123  -0.19976489  -0.23778144
   749  3.370624  -0.19917123  -0.23698409
   750  3.373124  -0.19857957  -0.23618908
   751  3.375625  -0.19798989  -0.23539643
   752  3.378126  -0.19740219  -0.23460614
   753  3.380627  -0.19681647  -0.23381820
   754  3.383128  -0.19623271  -0.23303262
   755  3.385629  -0.19565091  -0.23224939
   756  3.388129  -0.19507107  -0.23146853
   757  3.390630  -0.19449318  -0.23069003
   758  3.393131  -0.19391724  -0.22991389
   759  3.395632  -0.19334323  -0.22914011
   760  3.398133  -0.19277115  -0.22836870
   761  3.400634  -0.19220100  -0.22759965
   762  3.403134  -0.19163277  -0.22683296
   763  3.405635  -0.19106646  -0.22606864
   764  3.408136  -0.19050205  -0.22530669
   765  3.410637  -0.18993954  -0.22454710
   766  3.413138  -0.18937894  -0.22378987
   767  3.415639  -0.18882022  -0.22303501
   768  3.418139  -0.18826339  -0.22228251
   769  3.420640  -0.18770844  -0.22153237
   770  3.423141  -0.18715536  -0.22078459
   771  3.425642  -0.18660414  -0.22003918
   772  3.428143  -0.18605479  -0.21929613
   773  3.430644  -0.18550729  -0.21855543
   774  3.433144  -0.18496165  -0.21781709
   775  3.435645  -0.18441784  -0.21708111
   776  3.438146  -0.18387588  -0.21634748
   777  3.440647  -0.18333574  -0.21561621
   778  3.443148  -0.18279744  -0.21488728
   779  3.445649  -0.18226095  -0.21416071
   780  3.448149  -0.18172627  -0.21343648
   781  3.450650  -0.18119341  -0.21271460
   782  3.453151  -0.18066234  -0.21199506
   783  3.455652  -0.18013308  -0.21127786
   784  3.458153  -0.17960560  -0.21056299
   785  3.460654  -0.17907991  -0.20985047
   786  3.463154  -0.17855600  -0.20914028
   787  3.465655  -0.17803386  -0.20843241
   788  3.468156  -0.17751348  -0.20772688
   789  3.470657  -0.17699487  -0.20702367
   790  3.473158  -0.17647802  -0.20632278
   791  3.475659  -0.17596291  -0.20562421
   792  3.478159  -0.17544955  -0.20492796
   793  3.480660  -0.17493793  -0.20423402
   794  3.483161  -0.17442804  -0.20354239
   795  3.485662  -0.17391988  -0.20285306
   796  3.488163  -0.17341343  -0.20216604
   797  3.490664  -0.17290871  -0.20148131
   798  3.493164  -0.17240569  -0.20079889
   799  3.495665  -0.17190438  -0.20011875
   800  3.498166  -0.17140476  -0.19944090
   801  3.500667  -0.17090684  -0.19876533
   802  3.503168  -0.17041060  -0.19809205
   803  3.505669  -0.16991605  -0.19742104
   804  3.508169  -0.16942316  -0.19675231
   805  3.510670  -0.16893195  -0.19608584
   806  3.513171  -0.16844241  -0.19542163
   807  3.515672  -0.16795452  -0.19475969
   808  3.518173  -0.16746828  -0.19410000
   809  3.520674  -0.16698369  -0.19344257
   810  3.523174  -0.16650074  -0.19278738
   811  3.525675  -0.16601943  -0.19213443
   812  3.528176  -0.16553975  -0.19148373
   813  3.530677  -0.16506169  -0.19083525
   814  3.533178  -0.16458525  -0.19018901
   815  3.535679  -0.16411043  -0.18954499
   816  3.538179  -0.16363721  -0.18890319
   817  3.540680  -0.16316560  -0.18826360
   818  3.543181  -0.16269558  -0.18762623
   819  3.545682  -0.16222715  -0.18699106
   820  3.548183  -0.16176031  -0.18635809
   821  3.550684  -0.16129505  -0.18572732
   822  3.553184  -0.16083136  -0.18509874
   823  3.555685  -0.16036924  -0.18447234
   824  3.558186  -0.15990869  -0.18384813
   825  3.560687  -0.15944969  -0.18322609
   826  3.563188  -0.15899225  -0.18260622
   827  3.565689  -0.15853636  -0.18198852
   828  3.568189  -0.15808200  -0.18137298
   829  3.570690  -0.15762919  -0.18075960
   830  3.573191  -0.15717790  -0.18014836
   831  3.575692  -0.15672814  -0.17953927
   832  3.578193  -0.15627991  -0.17893232
   833  3.580694  -0.15583318  -0.17832750
   834  3.583194  -0.15538797  -0.17772482
   835  3.585695  -0.15494426  -0.17712425
   836  3.588196  -0.15450205  -0.17652581
   837  3.590697  -0.15406133  -0.17592947
   838  3.593198  -0.15362211  -0.17533525
   839  3.595699  -0.15318436  -0.17474312
   840  3.598199  -0.15274810  -0.17415310
   841  3.600700  -0.15231331  -0.17356516
   842  3.603201  -0.15187998  -0.17297931
   843  3.605702  -0.15144812  -0.17239554
   844  3.608203  -0.15101772  -0.17181384
   845  3.610704  -0.15058876  -0.17123421
   846  3.613204  -0.15016126  -0.17065664
   847  3.615705  -0.14973519  -0.17008113
   848  3.618206  -0.14931057  -0.16950767
   849  3.620707  -0.14888737  -0.16893626
   850  3.623208  -0.14846560  -0.16836688
   851  3.625709  -0.14804525  -0.16779954
   852  3.628209  -0.14762632  -0.16723423
   853  3.630710  -0.14720880  -0.16667094
   854  3.633211  -0.14679269  -0.16610967
   855  3.635712  -0.14637798  -0.16555041
   856  3.638213  -0.14596466  -0.16499316
   857  3.640714  -0.14555273  -0.16443790
   858  3.643214  -0.14514219  -0.16388464
   859  3.645715  -0.14473303  -0.16333336
   860  3.648216  -0.14432525  -0.16278407
   861  3.650717  -0.14391884  -0.16223675
   862  3.653218  -0.14351380  -0.16169141
   863  3.655719  -0.14311011  -0.16114803
   864  3.658219  -0.14270779  -0.16060660
   865  3.660720  -0.14230681  -0.16006713
   866  3.663221  -0.14190718  -0.15952961
   867  3.665722  -0.14150889  -0.15899402
   868  3.668223  -0.14111195  -0.15846037
   869  3.670724  -0.14071633  -0.15792865
   870  3.673224  -0.14032204  -0.15739885
   871  3.675725  -0.13992907  -0.15687097
   872  3.678226  -0.13953742  -0.15634500
   873  3.680727  -0.13914708  -0.15582093
   874  3.683228  -0.13875805  -0.15529877
   875  3.685729  -0.13837033  -0.15477849
   876  3.688229  -0.13798390  -0.15426011
   877  3.690730  -0.13759877  -0.15374360
   878  3.693231  -0.13721492  -0.15322897
   879  3.695732  -0.13683237  -0.15271621
   880  3.698233  -0.13645109  -0.15220531
   881  3.700734  -0.13607108  -0.15169627
   882  3.703234  -0.13569235  -0.15118908
   883  3.705735  -0.13531489  -0.15068374
   884  3.708236  -0.13493868  -0.15018023
   885  3.710737  -0.13456373  -0.14967856
   886  3.713238  -0.13419004  -0.14917871
   887  3.715739  -0.13381759  -0.14868069
   888  3.718239  -0.13344638  -0.14818448
   889  3.720740  -0.13307642  -0.14769008
   890  3.723241  -0.13270769  -0.14719749
   891  3.725742  -0.13234018  -0.14670669
   892  3.728243  -0.13197391  -0.14621769
   893  3.730744  -0.13160885  -0.14573047
   894  3.733244  -0.13124501  -0.14524502
   895  3.735745  -0.13088238  -0.14476136
   896  3.738246  -0.13052096  -0.14427946
   897  3.740747  -0.13016074  -0.14379932
   898  3.743248  -0.12980172  -0.14332094
   899  3.745749  -0.12944390  -0.14284430
   900  3.748249  -0.12908726  -0.14236942
   901  3.750750  -0.12873181  -0.14189627
   902  3.753251  -0.12837754  -0.14142485
   903  3.755752  -0.12802445  -0.14095516
   904  3.758253  -0.12767253  -0.14048718
   905  3.760754  -0.12732178  -0.14002093
   906  3.763254  -0.12697219  -0.13955638
   907  3.765755  -0.12662376  -0.13909353
   908  3.768256  -0.12627649  -0.13863238
   909  3.770757  -0.12593037  -0.13817292
   910  3.773258  -0.12558539  -0.13771515
   911  3.775759  -0.12524156  -0.13725906
   912  3.778259  -0.12489887  -0.13680464
   913  3.780760  -0.12455731  -0.13635188
   914  3.783261  -0.12421688  -0.13590079
   915  3.785762  -0.12387758  -0.13545135
   916  3.788263  -0.12353939  -0.13500357
   917  3.790764  -0.12320233  -0.13455743
   918  3.793264  -0.12286638  -0.13411292
   919  3.795765  -0.12253154  -0.13367005
   920  3.798266  -0.12219781  -0.13322881
   921  3.800767  -0.12186517  -0.13278919
   922  3.803268  -0.12153364  -0.13235118
   923  3.805769  -0.12120320  -0.13191478
   924  3.808269  -0.12087384  -0.13147999
   925  3.810770  -0.12054558  -0.13104679
   926  3.813271  -0.12021839  -0.13061519
   927  3.815772  -0.11989228  -0.13018517
   928  3.818273  -0.11956725  -0.12975674
   929  3.820774  -0.11924328  -0.12932988
   930  3.823274  -0.11892038  -0.12890459
   931  3.825775  -0.11859854  -0.12848086
   932  3.828276  -0.11827776  -0.12805869
   933  3.830777  -0.11795803  -0.12763808
   934  3.833278  -0.11763935  -0.12721901
   935  3.835779  -0.11732172  -0.12680149
   936  3.838279  -0.11700513  -0.12638550
   937  3.840780  -0.11668958  -0.12597104
   938  3.843281  -0.11637507  -0.12555810
   939  3.845782  -0.11606158  -0.12514669
   940  3.848283  -0.11574912  -0.12473678
   941  3.850784  -0.11543769  -0.12432839
   942  3.853284  -0.11512727  -0.12392150
   943  3.855785  -0.11481787  -0.12351611
   944  3.858286  -0.11450949  -0.12311221
   945  3.860787  -0.11420211  -0.12270979
   946  3.863288  -0.11389573  -0.12230886
   947  3.865789  -0.11359036  -0.12190940
   948  3.868289  -0.11328598  -0.12151141
   949  3.870790  -0.11298260  -0.12111488
   950  3.873291  -0.11268020  -0.12071982
   951  3.875792  -0.11237880  -0.12032620
   952  3.878293  -0.11207837  -0.11993404
   953  3.880794  -0.11177892  -0.11954332
   954  3.883294  -0.11148045  -0.11915403
   955  3.885795  -0.11118295  -0.11876618
   956  3.888296  -0.11088642  -0.11837976
   957  3.890797  -0.11059086  -0.11799475
   958  3.893298  -0.11029625  -0.11761117
   959  3.895799  -0.11000260  -0.11722899
   960  3.898299  -0.10970991  -0.11684822
   961  3.900800  -0.10941817  -0.11646885
   962  3.903301  -0.10912737  -0.11609088
   963  3.905802  -0.10883752  -0.11571429
   964  3.908303  -0.10854860  -0.11533909
   965  3.910804  -0.10826063  -0.11496527
   966  3.913304  -0.10797359  -0.11459282
   967  3.915805  -0.10768747  -0.11422175
   968  3.918306  -0.10740229  -0.11385203
   969  3.920807  -0.10711802  -0.11348368
   970  3.923308  -0.10683468  -0.11311668
   971  3.925809  -0.10655225  -0.11275103
   972  3.928309  -0.10627073  -0.11238672
   973  3.930810  -0.10599013  -0.11202375
   974  3.933311  -0.10571043  -0.11166212
   975  3.935812  -0.10543163  -0.11130181
   976  3.938313  -0.10515373  -0.11094282
   977  3.940814  -0.10487673  -0.11058516
   978  3.943314  -0.10460062  -0.11022880
   979  3.945815  -0.10432540  -0.10987376
   980  3.948316  -0.10405107  -0.10952002
   981  3.950817  -0.10377762  -0.10916758
   982  3.953318  -0.10350504  -0.10881643
   983  3.955819  -0.10323335  -0.10846657
   984  3.958319  -0.10296253  -0.10811799
   985  3.960820  -0.10269258  -0.10777069
   986  3.963321  -0.10242350  -0.10742467
   987  3.965822  -0.10215528  -0.10707991
   988  3.968323  -0.10188792  -0.10673642
   989  3.970824  -0.10162141  -0.10639419
   990  3.973324  -0.10135577  -0.10605321
   991  3.975825  -0.10109097  -0.10571348
   992  3.978326  -0.10082702  -0.10537500
   993  3.980827  -0.10056392  -0.10503776
   994  3.983328  -0.10030166  -0.10470175
   995  3.985829  -0.10004023  -0.10436697
   996  3.988329  -0.09977965  -0.10403342
   997  3.990830  -0.09951989  -0.10370109
   998  3.993331  -0.09926097  -0.10336998
   999  3.995832  -0.09900287  -0.10304008
  1000  3.998333  -0.09874559  -0.10271138
  1001  4.000834  -0.09848914  -0.10238389
  1002  4.003334  -0.09823350  -0.10205759
  1003  4.005835  -0.09797868  -0.10173249
  1004  4.008336  -0.09772467  -0.10140858
  1005  4.010837  -0.09747147  -0.10108585
  1006  4.013338  -0.09721907  -0.10076430
  1007  4.015839  -0.09696748  -0.10044393
  1008  4.018339  -0.09671668  -0.10012473
  1009  4.020840  -0.09646669  -0.09980669
  1010  4.023341  -0.09621748  -0.09948981
  1011  4.025842  -0.09596907  -0.09917409
  1012  4.028343  -0.09572145  -0.09885952
  1013  4.030844  -0.09547461  -0.09854611
  1014  4.033344  -0.09522855  -0.09823383
  1015  4.035845  -0.09498327  -0.09792269
  1016  4.038346  -0.09473877  -0.09761269
  1017  4.040847  -0.09449505  -0.09730382
  1018  4.043348  -0.09425209  -0.09699607
  1019  4.045849  -0.09400990  -0.09668945
  1020  4.048349  -0.09376848  -0.09638394
  1021  4.050850  -0.09352782  -0.09607954
  1022  4.053351  -0.09328792  -0.09577626
  1023  4.055852  -0.09304878  -0.09547407
  1024  4.058353  -0.09281039  -0.09517299
  1025  4.060854  -0.09257276  -0.09487300
  1026  4.063354  -0.09233587  -0.09457411
  1027  4.065855  -0.09209973  -0.09427630
  1028  4.068356  -0.09186433  -0.09397957
  1029  4.070857  -0.09162967  -0.09368392
  1030  4.073358  -0.09139575  -0.09338935
  1031  4.075859  -0.09116257  -0.09309585
  1032  4.078359  -0.09093012  -0.09280341
  1033  4.080860  -0.09069839  -0.09251204
  1034  4.083361  -0.09046740  -0.09222172
  1035  4.085862  -0.09023713  -0.09193245
  1036  4.088363  -0.09000758  -0.09164424
  1037  4.090864  -0.08977876  -0.09135707
  1038  4.093364  -0.08955065  -0.09107094
  1039  4.095865  -0.08932325  -0.09078585
  1040  4.098366  -0.08909656  -0.09050179
  1041  4.100867  -0.08887059  -0.09021877
  1042  4.103368  -0.08864532  -0.08993676
  1043  4.105869  -0.08842075  -0.08965578
  1044  4.108369  -0.08819689  -0.08937582
  1045  4.110870  -0.08797373  -0.08909686
  1046  4.113371  -0.08775126  -0.08881892
  1047  4.115872  -0.08752948  -0.08854198
  1048  4.118373  -0.08730840  -0.08826605
  1049  4.120874  -0.08708800  -0.08799111
  1050  4.123374  -0.08686830  -0.08771716
  1051  4.125875  -0.08664927  -0.08744421
  1052  4.128376  -0.08643093  -0.08717224
  1053  4.130877  -0.08621326  -0.08690125
  1054  4.133378  -0.08599628  -0.08663124
  1055  4.135879  -0.08577996  -0.08636220
  1056  4.138379  -0.08556432  -0.08609414
  1057  4.140880  -0.08534935  -0.08582704
  1058  4.143381  -0.08513504  -0.08556090
  1059  4.145882  -0.08492140  -0.08529572
  1060  4.148383  -0.08470842  -0.08503150
  1061  4.150884  -0.08449610  -0.08476823
  1062  4.153384  -0.08428444  -0.08450591
  1063  4.155885  -0.08407343  -0.08424453
  1064  4.158386  -0.08386307  -0.08398409
  1065  4.160887  -0.08365337  -0.08372459
  1066  4.163388  -0.08344431  -0.08346602
  1067  4.165889  -0.08323590  -0.08320838
  1068  4.168389  -0.08302813  -0.08295167
  1069  4.170890  -0.08282100  -0.08269588
  1070  4.173391  -0.08261451  -0.08244100
  1071  4.175892  -0.08240866  -0.08218704
  1072  4.178393  -0.08220344  -0.08193400
  1073  4.180894  -0.08199885  -0.08168186
  1074  4.183394  -0.08179489  -0.08143062
  1075  4.185895  -0.08159156  -0.08118029
  1076  4.188396  -0.08138885  -0.08093085
  1077  4.190897  -0.08118677  -0.08068230
  1078  4.193398  -0.08098531  -0.08043465
  1079  4.195899  -0.08078446  -0.08018788
  1080  4.198399  -0.08058423  -0.07994200
  1081  4.200900  -0.08038462  -0.07969699
  1082  4.203401  -0.08018561  -0.07945286
  1083  4.205902  -0.07998722  -0.07920960
  1084  4.208403  -0.07978943  -0.07896722
  1085  4.210904  -0.07959225  -0.07872570
  1086  4.213404  -0.07939567  -0.07848504
  1087  4.215905  -0.07919969  -0.07824524
  1088  4.218406  -0.07900431  -0.07800629
  1089  4.220907  -0.07880953  -0.07776820
  1090  4.223408  -0.07861534  -0.07753096
  1091  4.225909  -0.07842175  -0.07729456
  1092  4.228409  -0.07822874  -0.07705900
  1093  4.230910  -0.07803632  -0.07682429
  1094  4.233411  -0.07784449  -0.07659041
  1095  4.235912  -0.07765324  -0.07635736
  1096  4.238413  -0.07746258  -0.07612514
  1097  4.240914  -0.07727249  -0.07589374
  1098  4.243414  -0.07708298  -0.07566317
  1099  4.245915  -0.07689405  -0.07543342
  1100  4.248416  -0.07670569  -0.07520449
  1101  4.250917  -0.07651790  -0.07497637
  1102  4.253418  -0.07633068  -0.07474905
  1103  4.255919  -0.07614403  -0.07452255
  1104  4.258419  -0.07595794  -0.07429685
  1105  4.260920  -0.07577242  -0.07407195
  1106  4.263421  -0.07558746  -0.07384784
  1107  4.265922  -0.07540306  -0.07362453
  1108  4.268423  -0.07521921  -0.07340201
  1109  4.270924  -0.07503592  -0.07318028
  1110  4.273424  -0.07485319  -0.07295933
  1111  4.275925  -0.07467100  -0.07273917
  1112  4.278426  -0.07448937  -0.07251978
  1113  4.280927  -0.07430828  -0.07230117
  1114  4.283428  -0.07412774  -0.07208333
  1115  4.285929  -0.07394775  -0.07186626
  1116  4.288429  -0.07376829  -0.07164996
  1117  4.290930  -0.07358938  -0.07143442
  1118  4.293431  -0.07341100  -0.07121964
  1119  4.295932  -0.07323316  -0.07100562
  1120  4.298433  -0.07305585  -0.07079236
  1121  4.300934  -0.07287908  -0.07057984
  1122  4.303434  -0.07270283  -0.07036808
  1123  4.305935  -0.07252712  -0.07015706
  1124  4.308436  -0.07235193  -0.06994678
  1125  4.310937  -0.07217727  -0.06973724
  1126  4.313438  -0.07200313  -0.06952844
  1127  4.315939  -0.07182951  -0.06932037
  1128  4.318439  -0.07165641  -0.06911304
  1129  4.320940  -0.07148383  -0.06890643
  1130  4.323441  -0.07131176  -0.06870055
  1131  4.325942  -0.07114021  -0.06849539
  1132  4.328443  -0.07096917  -0.06829095
  1133  4.330944  -0.07079864  -0.06808723
  1134  4.333444  -0.07062862  -0.06788422
  1135  4.335945  -0.07045911  -0.06768193
  1136  4.338446  -0.07029010  -0.06748034
  1137  4.340947  -0.07012159  -0.06727946
  1138  4.343448  -0.06995359  -0.06707928
  1139  4.345949  -0.06978608  -0.06687980
  1140  4.348449  -0.06961908  -0.06668102
  1141  4.350950  -0.06945257  -0.06648293
  1142  4.353451  -0.06928655  -0.06628554
  1143  4.355952  -0.06912103  -0.06608884
  1144  4.358453  -0.06895600  -0.06589282
  1145  4.360954  -0.06879145  -0.06569749
  1146  4.363454  -0.06862740  -0.06550283
  1147  4.365955  -0.06846383  -0.06530886
  1148  4.368456  -0.06830074  -0.06511556
  1149  4.370957  -0.06813814  -0.06492294
  1150  4.373458  -0.06797602  -0.06473099
  1151  4.375959  -0.06781438  -0.06453971
  1152  4.378459  -0.06765321  -0.06434909
  1153  4.380960  -0.06749253  -0.06415913
  1154  4.383461  -0.06733231  -0.06396984
  1155  4.385962  -0.06717257  -0.06378120
  1156  4.388463  -0.06701330  -0.06359322
  1157  4.390964  -0.06685450  -0.06340589
  1158  4.393464  -0.06669616  -0.06321921
  1159  4.395965  -0.06653829  -0.06303318
  1160  4.398466  -0.06638089  -0.06284780
  1161  4.400967  -0.06622395  -0.06266305
  1162  4.403468  -0.06606747  -0.06247895
  1163  4.405969  -0.06591145  -0.06229549
  1164  4.408469  -0.06575589  -0.06211266
  1165  4.410970  -0.06560078  -0.06193046
  1166  4.413471  -0.06544613  -0.06174889
  1167  4.415972  -0.06529194  -0.06156796
  1168  4.418473  -0.06513819  -0.06138764
  1169  4.420974  -0.06498489  -0.06120795
  1170  4.423474  -0.06483205  -0.06102888
  1171  4.425975  -0.06467965  -0.06085043
  1172  4.428476  -0.06452769  -0.06067260
  1173  4.430977  -0.06437618  -0.06049537
  1174  4.433478  -0.06422511  -0.06031876
  1175  4.435979  -0.06407449  -0.06014276
  1176  4.438479  -0.06392430  -0.05996736
  1177  4.440980  -0.06377455  -0.05979257
  1178  4.443481  -0.06362524  -0.05961838
  1179  4.445982  -0.06347636  -0.05944479
  1180  4.448483  -0.06332791  -0.05927179
  1181  4.450984  -0.06317990  -0.05909939
  1182  4.453484  -0.06303232  -0.05892758
  1183  4.455985  -0.06288516  -0.05875637
  1184  4.458486  -0.06273844  -0.05858574
  1185  4.460987  -0.06259214  -0.05841569
  1186  4.463488  -0.06244626  -0.05824623
  1187  4.465989  -0.06230081  -0.05807735
  1188  4.468489  -0.06215578  -0.05790905
  1189  4.470990  -0.06201117  -0.05774132
  1190  4.473491  -0.06186697  -0.05757417
  1191  4.475992  -0.06172320  -0.05740759
  1192  4.478493  -0.06157984  -0.05724158
  1193  4.480994  -0.06143689  -0.05707614
  1194  4.483494  -0.06129436  -0.05691126
  1195  4.485995  -0.06115224  -0.05674695
  1196  4.488496  -0.06101053  -0.05658320
  1197  4.490997  -0.06086923  -0.05642000
  1198  4.493498  -0.06072834  -0.05625737
  1199  4.495999  -0.06058785  -0.05609528
  1200  4.498499  -0.06044777  -0.05593375
  1201  4.501000  -0.06030809  -0.05577277
  1202  4.503501  -0.06016881  -0.05561234
  1203  4.506002  -0.06002993  -0.05545246
  1204  4.508503  -0.05989146  -0.05529312
  1205  4.511004  -0.05975338  -0.05513432
  1206  4.513505  -0.05961569  -0.05497606
  1207  4.516005  -0.05947840  -0.05481833
  1208  4.518506  -0.05934151  -0.05466115
  1209  4.521007  -0.05920501  -0.05450450
  1210  4.523508  -0.05906889  -0.05434837
  1211  4.526009  -0.05893317  -0.05419278
  1212  4.528510  -0.05879784  -0.05403772
  1213  4.531010  -0.05866289  -0.05388318
  1214  4.533511  -0.05852833  -0.05372917
  1215  4.536012  -0.05839416  -0.05357567
  1216  4.538513  -0.05826037  -0.05342270
  1217  4.541014  -0.05812696  -0.05327024
  1218  4.543515  -0.05799393  -0.05311830
  1219  4.546015  -0.05786127  -0.05296687
  1220  4.548516  -0.05772900  -0.05281595
  1221  4.551017  -0.05759711  -0.05266555
  1222  4.553518  -0.05746559  -0.05251565
  1223  4.556019  -0.05733444  -0.05236625
  1224  4.558520  -0.05720367  -0.05221736
  1225  4.561020  -0.05707327  -0.05206897
  1226  4.563521  -0.05694324  -0.05192109
  1227  4.566022  -0.05681357  -0.05177370
  1228  4.568523  -0.05668428  -0.05162680
  1229  4.571024  -0.05655535  -0.05148040
  1230  4.573525  -0.05642679  -0.05133449
  1231  4.576025  -0.05629859  -0.05118908
  1232  4.578526  -0.05617076  -0.05104415
  1233  4.581027  -0.05604329  -0.05089970
  1234  4.583528  -0.05591618  -0.05075575
  1235  4.586029  -0.05578942  -0.05061227
  1236  4.588530  -0.05566303  -0.05046928
  1237  4.591030  -0.05553699  -0.05032676
  1238  4.593531  -0.05541131  -0.05018473
  1239  4.596032  -0.05528599  -0.05004316
  1240  4.598533  -0.05516101  -0.04990208
  1241  4.601034  -0.05503639  -0.04976146
  1242  4.603535  -0.05491212  -0.04962132
  1243  4.606035  -0.05478820  -0.04948164
  1244  4.608536  -0.05466463  -0.04934243
  1245  4.611037  -0.05454141  -0.04920368
  1246  4.613538  -0.05441853  -0.04906540
  1247  4.616039  -0.05429600  -0.04892758
  1248  4.618540  -0.05417381  -0.04879022
  1249  4.621040  -0.05405197  -0.04865332
  1250  4.623541  -0.05393046  -0.04851687
  1251  4.626042  -0.05380930  -0.04838087
  1252  4.628543  -0.05368848  -0.04824533
  1253  4.631044  -0.05356799  -0.04811025
  1254  4.633545  -0.05344785  -0.04797560
  1255  4.636045  -0.05332803  -0.04784141
  1256  4.638546  -0.05320856  -0.04770767
  1257  4.641047  -0.05308942  -0.04757436
  1258  4.643548  -0.05297061  -0.04744150
  1259  4.646049  -0.05285213  -0.04730908
  1260  4.648550  -0.05273398  -0.04717710
  1261  4.651050  -0.05261616  -0.04704556
  1262  4.653551  -0.05249868  -0.04691445
  1263  4.656052  -0.05238151  -0.04678378
  1264  4.658553  -0.05226468  -0.04665354
  1265  4.661054  -0.05214817  -0.04652373
  1266  4.663555  -0.05203198  -0.04639435
  1267  4.666055  -0.05191612  -0.04626540
  1268  4.668556  -0.05180058  -0.04613687
  1269  4.671057  -0.05168536  -0.04600877
  1270  4.673558  -0.05157046  -0.04588109
  1271  4.676059  -0.05145587  -0.04575383
  1272  4.678560  -0.05134161  -0.04562699
  1273  4.681060  -0.05122766  -0.04550057
  1274  4.683561  -0.05111403  -0.04537457
  1275  4.686062  -0.05100071  -0.04524898
  1276  4.688563  -0.05088771  -0.04512380
  1277  4.691064  -0.05077502  -0.04499904
  1278  4.693565  -0.05066264  -0.04487469
  1279  4.696065  -0.05055057  -0.04475074
  1280  4.698566  -0.05043881  -0.04462721
  1281  4.701067  -0.05032736  -0.04450407
  1282  4.703568  -0.05021622  -0.04438135
  1283  4.706069  -0.05010538  -0.04425902
  1284  4.708570  -0.04999485  -0.04413710
  1285  4.711070  -0.04988462  -0.04401557
  1286  4.713571  -0.04977470  -0.04389445
  1287  4.716072  -0.04966507  -0.04377372
  1288  4.718573  -0.04955575  -0.04365338
  1289  4.721074  -0.04944673  -0.04353344
  1290  4.723575  -0.04933801  -0.04341389
  1291  4.726075  -0.04922959  -0.04329473
  1292  4.728576  -0.04912147  -0.04317597
  1293  4.731077  -0.04901364  -0.04305758
  1294  4.733578  -0.04890611  -0.04293959
  1295  4.736079  -0.04879887  -0.04282198
  1296  4.738580  -0.04869193  -0.04270475
  1297  4.741080  -0.04858527  -0.04258791
  1298  4.743581  -0.04847891  -0.04247145
  1299  4.746082  -0.04837285  -0.04235536
  1300  4.748583  -0.04826707  -0.04223966
  1301  4.751084  -0.04816158  -0.04212433
  1302  4.753585  -0.04805637  -0.04200937
  1303  4.756085  -0.04795146  -0.04189479
  1304  4.758586  -0.04784683  -0.04178058
  1305  4.761087  -0.04774249  -0.04166674
  1306  4.763588  -0.04763843  -0.04155327
  1307  4.766089  -0.04753465  -0.04144017
  1308  4.768590  -0.04743116  -0.04132744
  1309  4.771090  -0.04732794  -0.04121507
  1310  4.773591  -0.04722501  -0.04110306
  1311  4.776092  -0.04712236  -0.04099142
  1312  4.778593  -0.04701999  -0.04088014
  1313  4.781094  -0.04691789  -0.04076922
  1314  4.783595  -0.04681607  -0.04065865
  1315  4.786095  -0.04671453  -0.04054845
  1316  4.788596  -0.04661326  -0.04043860
  1317  4.791097  -0.04651227  -0.04032910
  1318  4.793598  -0.04641155  -0.04021996
  1319  4.796099  -0.04631110  -0.04011117
  1320  4.798600  -0.04621093  -0.04000273
  1321  4.801100  -0.04611102  -0.03989464
  1322  4.803601  -0.04601139  -0.03978690
  1323  4.806102  -0.04591202  -0.03967951
  1324  4.808603  -0.04581292  -0.03957246
  1325  4.811104  -0.04571409  -0.03946575
  1326  4.813605  -0.04561553  -0.03935939
  1327  4.816105  -0.04551723  -0.03925337
  1328  4.818606  -0.04541919  -0.03914769
  1329  4.821107  -0.04532142  -0.03904235
  1330  4.823608  -0.04522392  -0.03893735
  1331  4.826109  -0.04512667  -0.03883269
  1332  4.828610  -0.04502969  -0.03872836
  1333  4.831110  -0.04493297  -0.03862436
  1334  4.833611  -0.04483650  -0.03852070
  1335  4.836112  -0.04474030  -0.03841737
  1336  4.838613  -0.04464435  -0.03831436
  1337  4.841114  -0.04454866  -0.03821169
  1338  4.843615  -0.04445323  -0.03810935
  1339  4.846115  -0.04435805  -0.03800733
  1340  4.848616  -0.04426313  -0.03790564
  1341  4.851117  -0.04416846  -0.03780428
  1342  4.853618  -0.04407404  -0.03770324
  1343  4.856119  -0.04397988  -0.03760252
  1344  4.858620  -0.04388597  -0.03750212
  1345  4.861120  -0.04379231  -0.03740204
  1346  4.863621  -0.04369890  -0.03730228
  1347  4.866122  -0.04360573  -0.03720283
  1348  4.868623  -0.04351282  -0.03710371
  1349  4.871124  -0.04342015  -0.03700489
  1350  4.873625  -0.04332773  -0.03690640
  1351  4.876125  -0.04323556  -0.03680821
  1352  4.878626  -0.04314363  -0.03671034
  1353  4.881127  -0.04305195  -0.03661278
  1354  4.883628  -0.04296051  -0.03651552
  1355  4.886129  -0.04286931  -0.03641858
  1356  4.888630  -0.04277835  -0.03632194
  1357  4.891130  -0.04268764  -0.03622561
  1358  4.893631  -0.04259716  -0.03612958
  1359  4.896132  -0.04250693  -0.03603386
  1360  4.898633  -0.04241693  -0.03593844
  1361  4.901134  -0.04232718  -0.03584332
  1362  4.903635  -0.04223766  -0.03574850
  1363  4.906135  -0.04214837  -0.03565399
  1364  4.908636  -0.04205933  -0.03555977
  1365  4.911137  -0.04197052  -0.03546584
  1366  4.913638  -0.04188194  -0.03537222
  1367  4.916139  -0.04179359  -0.03527888
  1368  4.918640  -0.04170548  -0.03518585
  1369  4.921140  -0.04161761  -0.03509310
  1370  4.923641  -0.04152996  -0.03500065
  1371  4.926142  -0.04144254  -0.03490849
  1372  4.928643  -0.04135536  -0.03481662
  1373  4.931144  -0.04126840  -0.03472503
  1374  4.933645  -0.04118168  -0.03463374
  1375  4.936145  -0.04109518  -0.03454273
  1376  4.938646  -0.04100890  -0.03445201
  1377  4.941147  -0.04092286  -0.03436157
  1378  4.943648  -0.04083704  -0.03427141
  1379  4.946149  -0.04075144  -0.03418154
  1380  4.948650  -0.04066607  -0.03409195
  1381  4.951150  -0.04058093  -0.03400264
  1382  4.953651  -0.04049600  -0.03391361
  1383  4.956152  -0.04041130  -0.03382486
  1384  4.958653  -0.04032682  -0.03373638
  1385  4.961154  -0.04024256  -0.03364819
  1386  4.963655  -0.04015853  -0.03356026
  1387  4.966155  -0.04007471  -0.03347262
  1388  4.968656  -0.03999111  -0.03338524
  1389  4.971157  -0.03990772  -0.03329814
  1390  4.973658  -0.03982456  -0.03321131
  1391  4.976159  -0.03974161  -0.03312475
  1392  4.978660  -0.03965888  -0.03303846
  1393  4.981160  -0.03957637  -0.03295244
  1394  4.983661  -0.03949406  -0.03286668
  1395  4.986162  -0.03941198  -0.03278120
  1396  4.988663  -0.03933010  -0.03269597
  1397  4.991164  -0.03924844  -0.03261102
  1398  4.993665  -0.03916699  -0.03252632
  1399  4.996165  -0.03908576  -0.03244189
  1400  4.998666  -0.03900473  -0.03235773
  1401  5.001167  -0.03892391  -0.03227382
  1402  5.003668  -0.03884331  -0.03219017
  1403  5.006169  -0.03876291  -0.03210679
  1404  5.008670  -0.03868272  -0.03202366
  1405  5.011170  -0.03860274  -0.03194078
  1406  5.013671  -0.03852296  -0.03185817
  1407  5.016172  -0.03844339  -0.03177581
  1408  5.018673  -0.03836403  -0.03169370
  1409  5.021174  -0.03828487  -0.03161185
  1410  5.023675  -0.03820592  -0.03153025
  1411  5.026175  -0.03812717  -0.03144890
  1412  5.028676  -0.03804862  -0.03136781
  1413  5.031177  -0.03797028  -0.03128696
  1414  5.033678  -0.03789213  -0.03120636
  1415  5.036179  -0.03781419  -0.03112601
  1416  5.038680  -0.03773645  -0.03104591
  1417  5.041180  -0.03765891  -0.03096606
  1418  5.043681  -0.03758157  -0.03088645
  1419  5.046182  -0.03750443  -0.03080708
  1420  5.048683  -0.03742748  -0.03072796
  1421  5.051184  -0.03735073  -0.03064909
  1422  5.053685  -0.03727418  -0.03057045
  1423  5.056185  -0.03719783  -0.03049206
  1424  5.058686  -0.03712167  -0.03041390
  1425  5.061187  -0.03704571  -0.03033599
  1426  5.063688  -0.03696994  -0.03025831
  1427  5.066189  -0.03689437  -0.03018088
  1428  5.068690  -0.03681899  -0.03010368
  1429  5.071190  -0.03674380  -0.03002671
  1430  5.073691  -0.03666880  -0.02994998
  1431  5.076192  -0.03659400  -0.02987349
  1432  5.078693  -0.03651939  -0.02979723
  1433  5.081194  -0.03644496  -0.02972120
  1434  5.083695  -0.03637073  -0.02964541
  1435  5.086195  -0.03629669  -0.02956984
  1436  5.088696  -0.03622283  -0.02949451
  1437  5.091197  -0.03614917  -0.02941941
  1438  5.093698  -0.03607569  -0.02934453
  1439  5.096199  -0.03600239  -0.02926988
  1440  5.098700  -0.03592929  -0.02919547
  1441  5.101200  -0.03585637  -0.02912127
  1442  5.103701  -0.03578363  -0.02904730
  1443  5.106202  -0.03571108  -0.02897356
  1444  5.108703  -0.03563872  -0.02890004
  1445  5.111204  -0.03556653  -0.02882675
  1446  5.113705  -0.03549453  -0.02875367
  1447  5.116205  -0.03542272  -0.02868082
  1448  5.118706  -0.03535108  -0.02860819
  1449  5.121207  -0.03527963  -0.02853578
  1450  5.123708  -0.03520836  -0.02846359
  1451  5.126209  -0.03513726  -0.02839162
  1452  5.128710  -0.03506635  -0.02831987
  1453  5.131210  -0.03499562  -0.02824833
  1454  5.133711  -0.03492506  -0.02817701
  1455  5.136212  -0.03485468  -0.02810590
  1456  5.138713  -0.03478448  -0.02803501
  1457  5.141214  -0.03471446  -0.02796433
  1458  5.143715  -0.03464462  -0.02789387
  1459  5.146215  -0.03457495  -0.02782362
  1460  5.148716  -0.03450545  -0.02775358
  1461  5.151217  -0.03443613  -0.02768375
  1462  5.153718  -0.03436699  -0.02761414
  1463  5.156219  -0.03429801  -0.02754473
  1464  5.158720  -0.03422922  -0.02747553
  1465  5.161220  -0.03416059  -0.02740654
  1466  5.163721  -0.03409214  -0.02733776
  1467  5.166222  -0.03402386  -0.02726918
  1468  5.168723  -0.03395575  -0.02720081
  1469  5.171224  -0.03388781  -0.02713264
  1470  5.173725  -0.03382004  -0.02706468
  1471  5.176225  -0.03375244  -0.02699693
  1472  5.178726  -0.03368501  -0.02692937
  1473  5.181227  -0.03361775  -0.02686202
  1474  5.183728  -0.03355065  -0.02679487
  1475  5.186229  -0.03348373  -0.02672792
  1476  5.188730  -0.03341697  -0.02666117
  1477  5.191230  -0.03335038  -0.02659463
  1478  5.193731  -0.03328395  -0.02652828
  1479  5.196232  -0.03321769  -0.02646212
  1480  5.198733  -0.03315160  -0.02639617
  1481  5.201234  -0.03308567  -0.02633041
  1482  5.203735  -0.03301990  -0.02626485
  1483  5.206235  -0.03295430  -0.02619949
  1484  5.208736  -0.03288886  -0.02613432
  1485  5.211237  -0.03282358  -0.02606934
  1486  5.213738  -0.03275847  -0.02600456
  1487  5.216239  -0.03269352  -0.02593997
  1488  5.218740  -0.03262872  -0.02587557
  1489  5.221240  -0.03256409  -0.02581137
  1490  5.223741  -0.03249962  -0.02574735
  1491  5.226242  -0.03243531  -0.02568353
  1492  5.228743  -0.03237116  -0.02561989
  1493  5.231244  -0.03230717  -0.02555644
  1494  5.233745  -0.03224334  -0.02549319
  1495  5.236245  -0.03217966  -0.02543012
  1496  5.238746  -0.03211615  -0.02536723
  1497  5.241247  -0.03205279  -0.02530453
  1498  5.243748  -0.03198958  -0.02524202
  1499  5.246249  -0.03192653  -0.02517970
  1500  5.248750  -0.03186364  -0.02511755
  1501  5.251250  -0.03180090  -0.02505560
  1502  5.253751  -0.03173832  -0.02499382
  1503  5.256252  -0.03167589  -0.02493223
  1504  5.258753  -0.03161362  -0.02487082
  1505  5.261254  -0.03155150  -0.02480959
  1506  5.263755  -0.03148953  -0.02474854
  1507  5.266255  -0.03142771  -0.02468767
  1508  5.268756  -0.03136605  -0.02462698
  1509  5.271257  -0.03130454  -0.02456647
  1510  5.273758  -0.03124317  -0.02450614
  1511  5.276259  -0.03118196  -0.02444598
  1512  5.278760  -0.03112090  -0.02438600
  1513  5.281260  -0.03105999  -0.02432620
  1514  5.283761  -0.03099923  -0.02426658
  1515  5.286262  -0.03093862  -0.02420713
  1516  5.288763  -0.03087816  -0.02414785
  1517  5.291264  -0.03081784  -0.02408875
  1518  5.293765  -0.03075767  -0.02402982
  1519  5.296265  -0.03069765  -0.02397106
  1520  5.298766  -0.03063778  -0.02391248
  1521  5.301267  -0.03057805  -0.02385407
  1522  5.303768  -0.03051847  -0.02379583
  1523  5.306269  -0.03045903  -0.02373776
  1524  5.308770  -0.03039974  -0.02367985
  1525  5.311270  -0.03034059  -0.02362212
  1526  5.313771  -0.03028159  -0.02356456
  1527  5.316272  -0.03022273  -0.02350717
  1528  5.318773  -0.03016401  -0.02344994
  1529  5.321274  -0.03010544  -0.02339288
  1530  5.323775  -0.03004701  -0.02333599
  1531  5.326275  -0.02998872  -0.02327926
  1532  5.328776  -0.02993057  -0.02322270
  1533  5.331277  -0.02987257  -0.02316630
  1534  5.333778  -0.02981470  -0.02311007
  1535  5.336279  -0.02975698  -0.02305400
  1536  5.338780  -0.02969940  -0.02299809
  1537  5.341280  -0.02964195  -0.02294235
  1538  5.343781  -0.02958464  -0.02288676
  1539  5.346282  -0.02952748  -0.02283134
  1540  5.348783  -0.02947045  -0.02277608
  1541  5.351284  -0.02941356  -0.02272098
  1542  5.353785  -0.02935681  -0.02266604
  1543  5.356285  -0.02930019  -0.02261126
  1544  5.358786  -0.02924371  -0.02255664
  1545  5.361287  -0.02918737  -0.02250218
  1546  5.363788  -0.02913116  -0.02244788
  1547  5.366289  -0.02907509  -0.02239373
  1548  5.368790  -0.02901916  -0.02233974
  1549  5.371290  -0.02896336  -0.02228590
  1550  5.373791  -0.02890769  -0.02223222
  1551  5.376292  -0.02885216  -0.02217870
  1552  5.378793  -0.02879676  -0.02212533
  1553  5.381294  -0.02874150  -0.02207211
  1554  5.383795  -0.02868636  -0.02201905
  1555  5.386295  -0.02863136  -0.02196614
  1556  5.388796  -0.02857650  -0.02191338
  1557  5.391297  -0.02852176  -0.02186077
  1558  5.393798  -0.02846716  -0.02180832
  1559  5.396299  -0.02841268  -0.02175602
  1560  5.398800  -0.02835834  -0.02170387
  1561  5.401300  -0.02830413  -0.02165186
  1562  5.403801  -0.02825004  -0.02160001
  1563  5.406302  -0.02819609  -0.02154831
  1564  5.408803  -0.02814227  -0.02149675
  1565  5.411304  -0.02808857  -0.02144534
  1566  5.413805  -0.02803500  -0.02139408
  1567  5.416305  -0.02798156  -0.02134297
  1568  5.418806  -0.02792825  -0.02129200
  1569  5.421307  -0.02787507  -0.02124118
  1570  5.423808  -0.02782201  -0.02119051
  1571  5.426309  -0.02776908  -0.02113998
  1572  5.428810  -0.02771628  -0.02108959
  1573  5.431310  -0.02766360  -0.02103935
  1574  5.433811  -0.02761104  -0.02098925
  1575  5.436312  -0.02755862  -0.02093930
  1576  5.438813  -0.02750631  -0.02088949
  1577  5.441314  -0.02745413  -0.02083982
  1578  5.443815  -0.02740208  -0.02079029
  1579  5.446315  -0.02735015  -0.02074090
  1580  5.448816  -0.02729834  -0.02069165
  1581  5.451317  -0.02724665  -0.02064255
  1582  5.453818  -0.02719509  -0.02059358
  1583  5.456319  -0.02714365  -0.02054476
  1584  5.458820  -0.02709233  -0.02049607
  1585  5.461320  -0.02704114  -0.02044752
  1586  5.463821  -0.02699006  -0.02039911
  1587  5.466322  -0.02693911  -0.02035083
  1588  5.468823  -0.02688827  -0.02030270
  1589  5.471324  -0.02683756  -0.02025470
  1590  5.473825  -0.02678697  -0.02020683
  1591  5.476325  -0.02673649  -0.02015910
  1592  5.478826  -0.02668614  -0.02011151
  1593  5.481327  -0.02663590  -0.02006405
  1594  5.483828  -0.02658578  -0.02001673
  1595  5.486329  -0.02653578  -0.01996954
  1596  5.488830  -0.02648590  -0.01992248
  1597  5.491330  -0.02643614  -0.01987556
  1598  5.493831  -0.02638649  -0.01982877
  1599  5.496332  -0.02633696  -0.01978211
  1600  5.498833  -0.02628755  -0.01973558
  1601  5.501334  -0.02623825  -0.01968919
  1602  5.503835  -0.02618907  -0.01964292
  1603  5.506335  -0.02614000  -0.01959679
  1604  5.508836  -0.02609105  -0.01955079
  1605  5.511337  -0.02604222  -0.01950491
  1606  5.513838  -0.02599350  -0.01945917
  1607  5.516339  -0.02594489  -0.01941355
  1608  5.518840  -0.02589639  -0.01936806
  1609  5.521340  -0.02584802  -0.01932270
  1610  5.523841  -0.02579975  -0.01927747
  1611  5.526342  -0.02575160  -0.01923236
  1612  5.528843  -0.02570356  -0.01918738
  1613  5.531344  -0.02565563  -0.01914253
  1614  5.533845  -0.02560781  -0.01909780
  1615  5.536345  -0.02556011  -0.01905320
  1616  5.538846  -0.02551251  -0.01900873
  1617  5.541347  -0.02546503  -0.01896437
  1618  5.543848  -0.02541766  -0.01892015
  1619  5.546349  -0.02537040  -0.01887604
  1620  5.548850  -0.02532325  -0.01883206
  1621  5.551350  -0.02527621  -0.01878821
  1622  5.553851  -0.02522927  -0.01874447
  1623  5.556352  -0.02518245  -0.01870086
  1624  5.558853  -0.02513574  -0.01865737
  1625  5.561354  -0.02508913  -0.01861400
  1626  5.563855  -0.02504264  -0.01857075
  1627  5.566355  -0.02499625  -0.01852762
  1628  5.568856  -0.02494997  -0.01848462
  1629  5.571357  -0.02490380  -0.01844173
  1630  5.573858  -0.02485773  -0.01839896
  1631  5.576359  -0.02481177  -0.01835631
  1632  5.578860  -0.02476592  -0.01831378
  1633  5.581360  -0.02472017  -0.01827137
  1634  5.583861  -0.02467453  -0.01822907
  1635  5.586362  -0.02462899  -0.01818690
  1636  5.588863  -0.02458356  -0.01814484
  1637  5.591364  -0.02453824  -0.01810290
  1638  5.593865  -0.02449302  -0.01806107
  1639  5.596365  -0.02444790  -0.01801936
  1640  5.598866  -0.02440289  -0.01797777
  1641  5.601367  -0.02435799  -0.01793629
  1642  5.603868  -0.02431318  -0.01789492
  1643  5.606369  -0.02426848  -0.01785367
  1644  5.608870  -0.02422388  -0.01781254
  1645  5.611370  -0.02417939  -0.01777151
  1646  5.613871  -0.02413500  -0.01773061
  1647  5.616372  -0.02409071  -0.01768981
  1648  5.618873  -0.02404652  -0.01764913
  1649  5.621374  -0.02400243  -0.01760856
  1650  5.623875  -0.02395845  -0.01756810
  1651  5.626375  -0.02391456  -0.01752775
  1652  5.628876  -0.02387078  -0.01748752
  1653  5.631377  -0.02382709  -0.01744739
  1654  5.633878  -0.02378351  -0.01740738
  1655  5.636379  -0.02374003  -0.01736747
  1656  5.638880  -0.02369664  -0.01732768
  1657  5.641380  -0.02365336  -0.01728800
  1658  5.643881  -0.02361018  -0.01724842
  1659  5.646382  -0.02356709  -0.01720895
  1660  5.648883  -0.02352410  -0.01716960
  1661  5.651384  -0.02348121  -0.01713035
  1662  5.653885  -0.02343842  -0.01709120
  1663  5.656385  -0.02339573  -0.01705217
  1664  5.658886  -0.02335313  -0.01701324
  1665  5.661387  -0.02331063  -0.01697442
  1666  5.663888  -0.02326823  -0.01693570
  1667  5.666389  -0.02322593  -0.01689710
  1668  5.668890  -0.02318372  -0.01685859
  1669  5.671390  -0.02314161  -0.01682020
  1670  5.673891  -0.02309959  -0.01678190
  1671  5.676392  -0.02305767  -0.01674371
  1672  5.678893  -0.02301584  -0.01670563
  1673  5.681394  -0.02297411  -0.01666765
  1674  5.683895  -0.02293248  -0.01662978
  1675  5.686395  -0.02289094  -0.01659200
  1676  5.688896  -0.02284949  -0.01655433
  1677  5.691397  -0.02280814  -0.01651677
  1678  5.693898  -0.02276688  -0.01647930
  1679  5.696399  -0.02272571  -0.01644194
  1680  5.698900  -0.02268464  -0.01640468
  1681  5.701400  -0.02264366  -0.01636752
  1682  5.703901  -0.02260278  -0.01633046
  1683  5.706402  -0.02256198  -0.01629351
  1684  5.708903  -0.02252128  -0.01625665
  1685  5.711404  -0.02248067  -0.01621989
  1686  5.713905  -0.02244015  -0.01618324
  1687  5.716405  -0.02239973  -0.01614668
  1688  5.718906  -0.02235939  -0.01611022
  1689  5.721407  -0.02231915  -0.01607386
  1690  5.723908  -0.02227900  -0.01603760
  1691  5.726409  -0.02223893  -0.01600144
  1692  5.728910  -0.02219896  -0.01596537
  1693  5.731410  -0.02215908  -0.01592941
  1694  5.733911  -0.02211929  -0.01589354
  1695  5.736412  -0.02207959  -0.01585777
  1696  5.738913  -0.02203997  -0.01582209
  1697  5.741414  -0.02200045  -0.01578651
  1698  5.743915  -0.02196102  -0.01575103
  1699  5.746415  -0.02192167  -0.01571564
  1700  5.748916  -0.02188241  -0.01568035
  1701  5.751417  -0.02184324  -0.01564515
  1702  5.753918  -0.02180416  -0.01561005
  1703  5.756419  -0.02176516  -0.01557504
  1704  5.758920  -0.02172626  -0.01554013
  1705  5.761420  -0.02168744  -0.01550531
  1706  5.763921  -0.02164870  -0.01547059
  1707  5.766422  -0.02161006  -0.01543595
  1708  5.768923  -0.02157150  -0.01540141
  1709  5.771424  -0.02153303  -0.01536697
  1710  5.773925  -0.02149464  -0.01533262
  1711  5.776425  -0.02145634  -0.01529835
  1712  5.778926  -0.02141812  -0.01526419
  1713  5.781427  -0.02137999  -0.01523011
  1714  5.783928  -0.02134195  -0.01519612
  1715  5.786429  -0.02130398  -0.01516223
  1716  5.788930  -0.02126611  -0.01512842
  1717  5.791430  -0.02122832  -0.01509471
  1718  5.793931  -0.02119061  -0.01506109
  1719  5.796432  -0.02115299  -0.01502755
  1720  5.798933  -0.02111545  -0.01499411
  1721  5.801434  -0.02107799  -0.01496076
  1722  5.803935  -0.02104062  -0.01492749
  1723  5.806435  -0.02100333  -0.01489432
  1724  5.808936  -0.02096612  -0.01486123
  1725  5.811437  -0.02092900  -0.01482823
  1726  5.813938  -0.02089196  -0.01479532
  1727  5.816439  -0.02085500  -0.01476249
  1728  5.818940  -0.02081812  -0.01472976
  1729  5.821440  -0.02078132  -0.01469711
  1730  5.823941  -0.02074461  -0.01466455
  1731  5.826442  -0.02070798  -0.01463207
  1732  5.828943  -0.02067142  -0.01459968
  1733  5.831444  -0.02063495  -0.01456738
  1734  5.833945  -0.02059856  -0.01453517
  1735  5.836445  -0.02056225  -0.01450303
  1736  5.838946  -0.02052602  -0.01447099
  1737  5.841447  -0.02048987  -0.01443903
  1738  5.843948  -0.02045380  -0.01440715
  1739  5.846449  -0.02041781  -0.01437536
  1740  5.848950  -0.02038190  -0.01434365
  1741  5.851450  -0.02034607  -0.01431203
  1742  5.853951  -0.02031032  -0.01428049
  1743  5.856452  -0.02027465  -0.01424904
  1744  5.858953  -0.02023905  -0.01421766
  1745  5.861454  -0.02020353  -0.01418637
  1746  5.863955  -0.02016809  -0.01415517
  1747  5.866455  -0.02013273  -0.01412404
  1748  5.868956  -0.02009745  -0.01409300
  1749  5.871457  -0.02006225  -0.01406204
  1750  5.873958  -0.02002712  -0.01403116
  1751  5.876459  -0.01999207  -0.01400037
  1752  5.878960  -0.01995709  -0.01396965
  1753  5.881460  -0.01992219  -0.01393902
  1754  5.883961  -0.01988737  -0.01390846
  1755  5.886462  -0.01985263  -0.01387799
  1756  5.888963  -0.01981796  -0.01384760
  1757  5.891464  -0.01978337  -0.01381728
  1758  5.893965  -0.01974885  -0.01378705
  1759  5.896465  -0.01971441  -0.01375690
  1760  5.898966  -0.01968004  -0.01372682
  1761  5.901467  -0.01964575  -0.01369683
  1762  5.903968  -0.01961154  -0.01366691
  1763  5.906469  -0.01957739  -0.01363707
  1764  5.908970  -0.01954333  -0.01360731
  1765  5.911470  -0.01950934  -0.01357763
  1766  5.913971  -0.01947542  -0.01354803
  1767  5.916472  -0.01944157  -0.01351850
  1768  5.918973  -0.01940780  -0.01348905
  1769  5.921474  -0.01937410  -0.01345968
  1770  5.923975  -0.01934048  -0.01343038
  1771  5.926475  -0.01930693  -0.01340116
  1772  5.928976  -0.01927345  -0.01337202
  1773  5.931477  -0.01924005  -0.01334296
  1774  5.933978  -0.01920672  -0.01331397
  1775  5.936479  -0.01917346  -0.01328505
  1776  5.938980  -0.01914027  -0.01325621
  1777  5.941480  -0.01910715  -0.01322745
  1778  5.943981  -0.01907411  -0.01319876
  1779  5.946482  -0.01904114  -0.01317015
  1780  5.948983  -0.01900824  -0.01314161
  1781  5.951484  -0.01897541  -0.01311314
  1782  5.953985  -0.01894265  -0.01308475
  1783  5.956485  -0.01890996  -0.01305643
  1784  5.958986  -0.01887734  -0.01302819
  1785  5.961487  -0.01884480  -0.01300002
  1786  5.963988  -0.01881232  -0.01297192
  1787  5.966489  -0.01877992  -0.01294390
  1788  5.968990  -0.01874758  -0.01291595
  1789  5.971490  -0.01871532  -0.01288807
  1790  5.973991  -0.01868312  -0.01286026
  1791  5.976492  -0.01865099  -0.01283253
  1792  5.978993  -0.01861894  -0.01280487
  1793  5.981494  -0.01858695  -0.01277728
  1794  5.983995  -0.01855503  -0.01274976
  1795  5.986495  -0.01852318  -0.01272231
  1796  5.988996  -0.01849139  -0.01269493
  1797  5.991497  -0.01845968  -0.01266763
  1798  5.993998  -0.01842804  -0.01264039
  1799  5.996499  -0.01839646  -0.01261323
  1800  5.999000  -0.01836495  -0.01258613
  1801  6.001501  -0.01833351  -0.01255911
  1802  6.004001  -0.01830213  -0.01253215
  1803  6.006502  -0.01827082  -0.01250527
  1804  6.009003  -0.01823958  -0.01247845
  1805  6.011504  -0.01820841  -0.01245170
  1806  6.014005  -0.01817731  -0.01242502
  1807  6.016506  -0.01814627  -0.01239841
  1808  6.019006  -0.01811529  -0.01237187
  1809  6.021507  -0.01808439  -0.01234540
  1810  6.024008  -0.01805354  -0.01231900
  1811  6.026509  -0.01802277  -0.01229266
  1812  6.029010  -0.01799206  -0.01226639
  1813  6.031511  -0.01796142  -0.01224019
  1814  6.034011  -0.01793084  -0.01221405
  1815  6.036512  -0.01790033  -0.01218799
  1816  6.039013  -0.01786988  -0.01216199
  1817  6.041514  -0.01783950  -0.01213605
  1818  6.044015  -0.01780918  -0.01211019
  1819  6.046516  -0.01777893  -0.01208439
  1820  6.049016  -0.01774874  -0.01205865
  1821  6.051517  -0.01771861  -0.01203298
  1822  6.054018  -0.01768855  -0.01200738
  1823  6.056519  -0.01765856  -0.01198184
  1824  6.059020  -0.01762862  -0.01195637
  1825  6.061521  -0.01759875  -0.01193096
  1826  6.064021  -0.01756895  -0.01190562
  1827  6.066522  -0.01753921  -0.01188034
  1828  6.069023  -0.01750953  -0.01185513
  1829  6.071524  -0.01747991  -0.01182998
  1830  6.074025  -0.01745036  -0.01180489
  1831  6.076526  -0.01742087  -0.01177987
  1832  6.079026  -0.01739144  -0.01175491
  1833  6.081527  -0.01736207  -0.01173002
  1834  6.084028  -0.01733277  -0.01170519
  1835  6.086529  -0.01730353  -0.01168042
  1836  6.089030  -0.01727435  -0.01165572
  1837  6.091531  -0.01724523  -0.01163108
  1838  6.094031  -0.01721617  -0.01160650
  1839  6.096532  -0.01718718  -0.01158198
  1840  6.099033  -0.01715824  -0.01155753
  1841  6.101534  -0.01712937  -0.01153314
  1842  6.104035  -0.01710056  -0.01150881
  1843  6.106536  -0.01707181  -0.01148454
  1844  6.109036  -0.01704312  -0.01146033
  1845  6.111537  -0.01701448  -0.01143619
  1846  6.114038  -0.01698591  -0.01141210
  1847  6.116539  -0.01695741  -0.01138808
  1848  6.119040  -0.01692896  -0.01136412
  1849  6.121541  -0.01690057  -0.01134022
  1850  6.124041  -0.01687224  -0.01131637
  1851  6.126542  -0.01684396  -0.01129259
  1852  6.129043  -0.01681575  -0.01126887
  1853  6.131544  -0.01678760  -0.01124521
  1854  6.134045  -0.01675951  -0.01122161
  1855  6.136546  -0.01673147  -0.01119807
  1856  6.139046  -0.01670350  -0.01117458
  1857  6.141547  -0.01667558  -0.01115116
  1858  6.144048  -0.01664773  -0.01112780
  1859  6.146549  -0.01661993  -0.01110449
  1860  6.149050  -0.01659218  -0.01108125
  1861  6.151551  -0.01656450  -0.01105806
  1862  6.154051  -0.01653688  -0.01103493
  1863  6.156552  -0.01650931  -0.01101186
  1864  6.159053  -0.01648180  -0.01098884
  1865  6.161554  -0.01645435  -0.01096589
  1866  6.164055  -0.01642695  -0.01094299
  1867  6.166556  -0.01639961  -0.01092015
  1868  6.169056  -0.01637233  -0.01089736
  1869  6.171557  -0.01634511  -0.01087464
  1870  6.174058  -0.01631794  -0.01085197
  1871  6.176559  -0.01629083  -0.01082936
  1872  6.179060  -0.01626377  -0.01080680
  1873  6.181561  -0.01623678  -0.01078430
  1874  6.184061  -0.01620984  -0.01076186
  1875  6.186562  -0.01618295  -0.01073947
  1876  6.189063  -0.01615612  -0.01071714
  1877  6.191564  -0.01612935  -0.01069486
  1878  6.194065  -0.01610263  -0.01067264
  1879  6.196566  -0.01607597  -0.01065048
  1880  6.199066  -0.01604936  -0.01062837
  1881  6.201567  -0.01602281  -0.01060632
  1882  6.204068  -0.01599631  -0.01058432
  1883  6.206569  -0.01596987  -0.01056238
  1884  6.209070  -0.01594348  -0.01054049
  1885  6.211571  -0.01591715  -0.01051865
  1886  6.214071  -0.01589087  -0.01049687
  1887  6.216572  -0.01586464  -0.01047515
  1888  6.219073  -0.01583847  -0.01045348
  1889  6.221574  -0.01581236  -0.01043186
  1890  6.224075  -0.01578630  -0.01041030
  1891  6.226576  -0.01576029  -0.01038878
  1892  6.229076  -0.01573434  -0.01036733
  1893  6.231577  -0.01570844  -0.01034592
  1894  6.234078  -0.01568259  -0.01032457
  1895  6.236579  -0.01565680  -0.01030328
  1896  6.239080  -0.01563106  -0.01028203
  1897  6.241581  -0.01560537  -0.01026084
  1898  6.244081  -0.01557973  -0.01023970
  1899  6.246582  -0.01555415  -0.01021861
  1900  6.249083  -0.01552862  -0.01019758
  1901  6.251584  -0.01550315  -0.01017660
  1902  6.254085  -0.01547772  -0.01015566
  1903  6.256586  -0.01545235  -0.01013479
  1904  6.259086  -0.01542703  -0.01011396
  1905  6.261587  -0.01540177  -0.01009318
  1906  6.264088  -0.01537655  -0.01007246
  1907  6.266589  -0.01535139  -0.01005178
  1908  6.269090  -0.01532628  -0.01003116
  1909  6.271591  -0.01530121  -0.01001059
  1910  6.274091  -0.01527621  -0.00999007
  1911  6.276592  -0.01525125  -0.00996960
  1912  6.279093  -0.01522634  -0.00994918
  1913  6.281594  -0.01520149  -0.00992881
  1914  6.284095  -0.01517668  -0.00990849
  1915  6.286596  -0.01515193  -0.00988822
  1916  6.289096  -0.01512722  -0.00986800
  1917  6.291597  -0.01510257  -0.00984783
  1918  6.294098  -0.01507797  -0.00982771
  1919  6.296599  -0.01505341  -0.00980764
  1920  6.299100  -0.01502891  -0.00978762
  1921  6.301601  -0.01500446  -0.00976764
  1922  6.304101  -0.01498006  -0.00974772
  1923  6.306602  -0.01495571  -0.00972785
  1924  6.309103  -0.01493140  -0.00970802
  1925  6.311604  -0.01490715  -0.00968824
  1926  6.314105  -0.01488295  -0.00966851
  1927  6.316606  -0.01485879  -0.00964883
  1928  6.319106  -0.01483468  -0.00962920
  1929  6.321607  -0.01481063  -0.00960962
  1930  6.324108  -0.01478662  -0.00959008
  1931  6.326609  -0.01476266  -0.00957059
  1932  6.329110  -0.01473875  -0.00955115
  1933  6.331611  -0.01471489  -0.00953176
  1934  6.334111  -0.01469108  -0.00951241
  1935  6.336612  -0.01466731  -0.00949311
  1936  6.339113  -0.01464360  -0.00947386
  1937  6.341614  -0.01461993  -0.00945466
  1938  6.344115  -0.01459631  -0.00943550
  1939  6.346616  -0.01457273  -0.00941639
  1940  6.349116  -0.01454921  -0.00939732
  1941  6.351617  -0.01452573  -0.00937830
  1942  6.354118  -0.01450230  -0.00935933
  1943  6.356619  -0.01447892  -0.00934040
  1944  6.359120  -0.01445558  -0.00932152
  1945  6.361621  -0.01443230  -0.00930269
  1946  6.364121  -0.01440905  -0.00928390
  1947  6.366622  -0.01438586  -0.00926516
  1948  6.369123  -0.01436271  -0.00924646
  1949  6.371624  -0.01433961  -0.00922781
  1950  6.374125  -0.01431656  -0.00920920
  1951  6.376626  -0.01429355  -0.00919064
  1952  6.379126  -0.01427059  -0.00917213
  1953  6.381627  -0.01424768  -0.00915365
  1954  6.384128  -0.01422481  -0.00913523
  1955  6.386629  -0.01420198  -0.00911684
  1956  6.389130  -0.01417921  -0.00909851
  1957  6.391631  -0.01415648  -0.00908021
  1958  6.394131  -0.01413379  -0.00906196
  1959  6.396632  -0.01411115  -0.00904376
  1960  6.399133  -0.01408856  -0.00902560
  1961  6.401634  -0.01406601  -0.00900748
  1962  6.404135  -0.01404350  -0.00898941
  1963  6.406636  -0.01402105  -0.00897138
  1964  6.409136  -0.01399863  -0.00895339
  1965  6.411637  -0.01397626  -0.00893545
  1966  6.414138  -0.01395394  -0.00891755
  1967  6.416639  -0.01393166  -0.00889969
  1968  6.419140  -0.01390943  -0.00888188
  1969  6.421641  -0.01388724  -0.00886411
  1970  6.424141  -0.01386509  -0.00884638
  1971  6.426642  -0.01384299  -0.00882869
  1972  6.429143  -0.01382093  -0.00881105
  1973  6.431644  -0.01379892  -0.00879345
  1974  6.434145  -0.01377695  -0.00877589
  1975  6.436646  -0.01375503  -0.00875837
  1976  6.439146  -0.01373315  -0.00874090
  1977  6.441647  -0.01371131  -0.00872347
  1978  6.444148  -0.01368951  -0.00870608
  1979  6.446649  -0.01366776  -0.00868873
  1980  6.449150  -0.01364606  -0.00867142
  1981  6.451651  -0.01362439  -0.00865416
  1982  6.454151  -0.01360277  -0.00863693
  1983  6.456652  -0.01358119  -0.00861975
  1984  6.459153  -0.01355966  -0.00860261
  1985  6.461654  -0.01353816  -0.00858551
  1986  6.464155  -0.01351672  -0.00856845
  1987  6.466656  -0.01349531  -0.00855143
  1988  6.469156  -0.01347394  -0.00853445
  1989  6.471657  -0.01345262  -0.00851751
  1990  6.474158  -0.01343134  -0.00850061
  1991  6.476659  -0.01341010  -0.00848376
  1992  6.479160  -0.01338891  -0.00846694
  1993  6.481661  -0.01336776  -0.00845016
  1994  6.484161  -0.01334664  -0.00843343
  1995  6.486662  -0.01332557  -0.00841673
  1996  6.489163  -0.01330455  -0.00840007
  1997  6.491664  -0.01328356  -0.00838345
  1998  6.494165  -0.01326262  -0.00836687
  1999  6.496666  -0.01324171  -0.00835034
  2000  6.499166  -0.01322085  -0.00833384
  2001  6.501667  -0.01320003  -0.00831738
  2002  6.504168  -0.01317925  -0.00830096
  2003  6.506669  -0.01315851  -0.00828457
  2004  6.509170  -0.01313781  -0.00826823
  2005  6.511671  -0.01311715  -0.00825193
  2006  6.514171  -0.01309654  -0.00823566
  2007  6.516672  -0.01307596  -0.00821943
  2008  6.519173  -0.01305543  -0.00820324
  2009  6.521674  -0.01303493  -0.00818709
  2010  6.524175  -0.01301448  -0.00817098
  2011  6.526676  -0.01299406  -0.00815491
  2012  6.529176  -0.01297369  -0.00813887
  2013  6.531677  -0.01295336  -0.00812287
  2014  6.534178  -0.01293306  -0.00810691
  2015  6.536679  -0.01291281  -0.00809099
  2016  6.539180  -0.01289259  -0.00807510
  2017  6.541681  -0.01287242  -0.00805926
  2018  6.544181  -0.01285228  -0.00804345
  2019  6.546682  -0.01283219  -0.00802767
  2020  6.549183  -0.01281213  -0.00801194
  2021  6.551684  -0.01279212  -0.00799624
  2022  6.554185  -0.01277214  -0.00798058
  2023  6.556686  -0.01275220  -0.00796495
  2024  6.559186  -0.01273230  -0.00794937
  2025  6.561687  -0.01271244  -0.00793382
  2026  6.564188  -0.01269262  -0.00791830
  2027  6.566689  -0.01267283  -0.00790282
  2028  6.569190  -0.01265309  -0.00788738
  2029  6.571691  -0.01263338  -0.00787198
  2030  6.574191  -0.01261372  -0.00785661
  2031  6.576692  -0.01259409  -0.00784127
  2032  6.579193  -0.01257450  -0.00782598
  2033  6.581694  -0.01255495  -0.00781071
  2034  6.584195  -0.01253543  -0.00779549
  2035  6.586696  -0.01251595  -0.00778030
  2036  6.589196  -0.01249652  -0.00776515
  2037  6.591697  -0.01247712  -0.00775003
  2038  6.594198  -0.01245775  -0.00773494
  2039  6.596699  -0.01243843  -0.00771990
  2040  6.599200  -0.01241914  -0.00770488
  2041  6.601701  -0.01239989  -0.00768991
  2042  6.604201  -0.01238068  -0.00767496
  2043  6.606702  -0.01236150  -0.00766006
  2044  6.609203  -0.01234237  -0.00764518
  2045  6.611704  -0.01232326  -0.00763034
  2046  6.614205  -0.01230420  -0.00761554
  2047  6.616706  -0.01228517  -0.00760077
  2048  6.619206  -0.01226618  -0.00758604
  2049  6.621707  -0.01224723  -0.00757134
  2050  6.624208  -0.01222832  -0.00755667
  2051  6.626709  -0.01220944  -0.00754204
  2052  6.629210  -0.01219059  -0.00752744
  2053  6.631711  -0.01217179  -0.00751288
  2054  6.634211  -0.01215302  -0.00749835
  2055  6.636712  -0.01213428  -0.00748385
  2056  6.639213  -0.01211558  -0.00746939
  2057  6.641714  -0.01209692  -0.00745496
  2058  6.644215  -0.01207830  -0.00744057
  2059  6.646716  -0.01205971  -0.00742621
  2060  6.649216  -0.01204115  -0.00741188
  2061  6.651717  -0.01202263  -0.00739758
  2062  6.654218  -0.01200415  -0.00738332
  2063  6.656719  -0.01198571  -0.00736909
  2064  6.659220  -0.01196729  -0.00735490
  2065  6.661721  -0.01194892  -0.00734073
  2066  6.664221  -0.01193058  -0.00732660
  2067  6.666722  -0.01191227  -0.00731251
  2068  6.669223  -0.01189400  -0.00729844
  2069  6.671724  -0.01187577  -0.00728441
  2070  6.674225  -0.01185757  -0.00727041
  2071  6.676726  -0.01183941  -0.00725644
  2072  6.679226  -0.01182128  -0.00724251
  2073  6.681727  -0.01180318  -0.00722860
  2074  6.684228  -0.01178512  -0.00721473
  2075  6.686729  -0.01176710  -0.00720089
  2076  6.689230  -0.01174910  -0.00718709
  2077  6.691731  -0.01173115  -0.00717331
  2078  6.694231  -0.01171323  -0.00715957
  2079  6.696732  -0.01169534  -0.00714586
  2080  6.699233  -0.01167748  -0.00713218
  2081  6.701734  -0.01165967  -0.00711853
  2082  6.704235  -0.01164188  -0.00710491
  2083  6.706736  -0.01162413  -0.00709132
  2084  6.709236  -0.01160641  -0.00707777
  2085  6.711737  -0.01158873  -0.00706425
  2086  6.714238  -0.01157108  -0.00705075
  2087  6.716739  -0.01155346  -0.00703729
  2088  6.719240  -0.01153588  -0.00702386
  2089  6.721741  -0.01151833  -0.00701046
  2090  6.724241  -0.01150082  -0.00699709
  2091  6.726742  -0.01148333  -0.00698376
  2092  6.729243  -0.01146589  -0.00697045
  2093  6.731744  -0.01144847  -0.00695717
  2094  6.734245  -0.01143109  -0.00694392
  2095  6.736746  -0.01141374  -0.00693071
  2096  6.739246  -0.01139642  -0.00691752
  2097  6.741747  -0.01137914  -0.00690437
  2098  6.744248  -0.01136189  -0.00689124
  2099  6.746749  -0.01134467  -0.00687814
  2100  6.749250  -0.01132749  -0.00686508
  2101  6.751751  -0.01131034  -0.00685204
  2102  6.754251  -0.01129322  -0.00683904
  2103  6.756752  -0.01127613  -0.00682606
  2104  6.759253  -0.01125907  -0.00681311
  2105  6.761754  -0.01124205  -0.00680019
  2106  6.764255  -0.01122506  -0.00678731
  2107  6.766756  -0.01120810  -0.00677445
  2108  6.769256  -0.01119118  -0.00676162
  2109  6.771757  -0.01117428  -0.00674882
  2110  6.774258  -0.01115742  -0.00673605
  2111  6.776759  -0.01114059  -0.00672331
  2112  6.779260  -0.01112380  -0.00671059
  2113  6.781761  -0.01110703  -0.00669791
  2114  6.784261  -0.01109029  -0.00668525
  2115  6.786762  -0.01107359  -0.00667263
  2116  6.789263  -0.01105692  -0.00666003
  2117  6.791764  -0.01104028  -0.00664746
  2118  6.794265  -0.01102367  -0.00663492
  2119  6.796766  -0.01100709  -0.00662241
  2120  6.799266  -0.01099055  -0.00660992
  2121  6.801767  -0.01097403  -0.00659747
  2122  6.804268  -0.01095755  -0.00658504
  2123  6.806769  -0.01094110  -0.00657264
  2124  6.809270  -0.01092468  -0.00656027
  2125  6.811771  -0.01090829  -0.00654793
  2126  6.814271  -0.01089193  -0.00653561
  2127  6.816772  -0.01087560  -0.00652333
  2128  6.819273  -0.01085930  -0.00651107
  2129  6.821774  -0.01084303  -0.00649884
  2130  6.824275  -0.01082679  -0.00648663
  2131  6.826776  -0.01081059  -0.00647445
  2132  6.829276  -0.01079441  -0.00646231
  2133  6.831777  -0.01077826  -0.00645018
  2134  6.834278  -0.01076215  -0.00643809
  2135  6.836779  -0.01074606  -0.00642602
  2136  6.839280  -0.01073001  -0.00641398
  2137  6.841781  -0.01071398  -0.00640197
  2138  6.844281  -0.01069799  -0.00638999
  2139  6.846782  -0.01068202  -0.00637803
  2140  6.849283  -0.01066609  -0.00636610
  2141  6.851784  -0.01065018  -0.00635419
  2142  6.854285  -0.01063430  -0.00634231
  2143  6.856786  -0.01061846  -0.00633046
  2144  6.859286  -0.01060264  -0.00631864
  2145  6.861787  -0.01058685  -0.00630684
  2146  6.864288  -0.01057110  -0.00629507
  2147  6.866789  -0.01055537  -0.00628332
  2148  6.869290  -0.01053967  -0.00627160
  2149  6.871791  -0.01052400  -0.00625991
  2150  6.874291  -0.01050836  -0.00624824
  2151  6.876792  -0.01049275  -0.00623660
  2152  6.879293  -0.01047717  -0.00622499
  2153  6.881794  -0.01046161  -0.00621340
  2154  6.884295  -0.01044609  -0.00620184
  2155  6.886796  -0.01043059  -0.00619030
  2156  6.889296  -0.01041513  -0.00617879
  2157  6.891797  -0.01039969  -0.00616731
  2158  6.894298  -0.01038428  -0.00615585
  2159  6.896799  -0.01036890  -0.00614442
  2160  6.899300  -0.01035355  -0.00613301
  2161  6.901801  -0.01033822  -0.00612163
  2162  6.904301  -0.01032293  -0.00611027
  2163  6.906802  -0.01030766  -0.00609894
  2164  6.909303  -0.01029242  -0.00608763
  2165  6.911804  -0.01027721  -0.00607635
  2166  6.914305  -0.01026203  -0.00606510
  2167  6.916806  -0.01024688  -0.00605386
  2168  6.919306  -0.01023175  -0.00604266
  2169  6.921807  -0.01021666  -0.00603148
  2170  6.924308  -0.01020159  -0.00602032
  2171  6.926809  -0.01018654  -0.00600919
  2172  6.929310  -0.01017153  -0.00599808
  2173  6.931811  -0.01015654  -0.00598700
  2174  6.934311  -0.01014158  -0.00597594
  2175  6.936812  -0.01012665  -0.00596491
  2176  6.939313  -0.01011175  -0.00595390
  2177  6.941814  -0.01009687  -0.00594292
  2178  6.944315  -0.01008203  -0.00593196
  2179  6.946816  -0.01006720  -0.00592103
  2180  6.949316  -0.01005241  -0.00591012
  2181  6.951817  -0.01003764  -0.00589923
  2182  6.954318  -0.01002290  -0.00588837
  2183  6.956819  -0.01000819  -0.00587753
  2184  6.959320  -0.00999351  -0.00586671
  2185  6.961821  -0.00997885  -0.00585592
  2186  6.964321  -0.00996422  -0.00584516
  2187  6.966822  -0.00994961  -0.00583441
  2188  6.969323  -0.00993504  -0.00582370
  2189  6.971824  -0.00992049  -0.00581300
  2190  6.974325  -0.00990596  -0.00580233
  2191  6.976826  -0.00989146  -0.00579168
  2192  6.979326  -0.00987699  -0.00578106
  2193  6.981827  -0.00986255  -0.00577045
  2194  6.984328  -0.00984813  -0.00575988
  2195  6.986829  -0.00983374  -0.00574932
  2196  6.989330  -0.00981937  -0.00573879
  2197  6.991831  -0.00980504  -0.00572828
  2198  6.994331  -0.00979072  -0.00571780
  2199  6.996832  -0.00977644  -0.00570734
  2200  6.999333  -0.00976218  -0.00569690
  2201  7.001834  -0.00974794  -0.00568648
  2202  7.004335  -0.00973374  -0.00567609
  2203  7.006836  -0.00971955  -0.00566572
  2204  7.009336  -0.00970540  -0.00565537
  2205  7.011837  -0.00969127  -0.00564505
  2206  7.014338  -0.00967716  -0.00563475
  2207  7.016839  -0.00966308  -0.00562447
  2208  7.019340  -0.00964903  -0.00561421
  2209  7.021841  -0.00963500  -0.00560398
  2210  7.024341  -0.00962100  -0.00559376
  2211  7.026842  -0.00960703  -0.00558358
  2212  7.029343  -0.00959307  -0.00557341
  2213  7.031844  -0.00957915  -0.00556326
  2214  7.034345  -0.00956525  -0.00555314
  2215  7.036846  -0.00955137  -0.00554304
  2216  7.039346  -0.00953752  -0.00553296
  2217  7.041847  -0.00952370  -0.00552291
  2218  7.044348  -0.00950990  -0.00551287
  2219  7.046849  -0.00949613  -0.00550286
  2220  7.049350  -0.00948238  -0.00549287
  2221  7.051851  -0.00946865  -0.00548290
  2222  7.054351  -0.00945495  -0.00547295
  2223  7.056852  -0.00944128  -0.00546303
  2224  7.059353  -0.00942763  -0.00545313
  2225  7.061854  -0.00941400  -0.00544324
  2226  7.064355  -0.00940040  -0.00543338
  2227  7.066856  -0.00938683  -0.00542354
  2228  7.069356  -0.00937328  -0.00541373
  2229  7.071857  -0.00935975  -0.00540393
  2230  7.074358  -0.00934625  -0.00539416
  2231  7.076859  -0.00933277  -0.00538440
  2232  7.079360  -0.00931932  -0.00537467
  2233  7.081861  -0.00930589  -0.00536496
  2234  7.084361  -0.00929248  -0.00535527
  2235  7.086862  -0.00927910  -0.00534560
  2236  7.089363  -0.00926575  -0.00533595
  2237  7.091864  -0.00925241  -0.00532632
  2238  7.094365  -0.00923911  -0.00531672
  2239  7.096866  -0.00922582  -0.00530713
  2240  7.099366  -0.00921256  -0.00529757
  2241  7.101867  -0.00919933  -0.00528803
  2242  7.104368  -0.00918611  -0.00527850
  2243  7.106869  -0.00917292  -0.00526900
  2244  7.109370  -0.00915976  -0.00525952
  2245  7.111871  -0.00914662  -0.00525006
  2246  7.114371  -0.00913350  -0.00524062
  2247  7.116872  -0.00912041  -0.00523120
  2248  7.119373  -0.00910734  -0.00522180
  2249  7.121874  -0.00909429  -0.00521242
  2250  7.124375  -0.00908126  -0.00520306
  2251  7.126876  -0.00906826  -0.00519372
  2252  7.129376  -0.00905529  -0.00518440
  2253  7.131877  -0.00904233  -0.00517510
  2254  7.134378  -0.00902940  -0.00516582
  2255  7.136879  -0.00901650  -0.00515656
  2256  7.139380  -0.00900361  -0.00514732
  2257  7.141881  -0.00899075  -0.00513810
  2258  7.144381  -0.00897791  -0.00512890
  2259  7.146882  -0.00896510  -0.00511972
  2260  7.149383  -0.00895231  -0.00511056
  2261  7.151884  -0.00893954  -0.00510142
  2262  7.154385  -0.00892679  -0.00509230
  2263  7.156886  -0.00891407  -0.00508320
  2264  7.159386  -0.00890137  -0.00507412
  2265  7.161887  -0.00888869  -0.00506506
  2266  7.164388  -0.00887603  -0.00505602
  2267  7.166889  -0.00886340  -0.00504700
  2268  7.169390  -0.00885079  -0.00503799
  2269  7.171891  -0.00883820  -0.00502901
  2270  7.174391  -0.00882563  -0.00502004
  2271  7.176892  -0.00881309  -0.00501110
  2272  7.179393  -0.00880057  -0.00500217
  2273  7.181894  -0.00878807  -0.00499326
  2274  7.184395  -0.00877560  -0.00498438
  2275  7.186896  -0.00876314  -0.00497551
  2276  7.189396  -0.00875071  -0.00496666
  2277  7.191897  -0.00873830  -0.00495783
  2278  7.194398  -0.00872591  -0.00494901
  2279  7.196899  -0.00871355  -0.00494022
  2280  7.199400  -0.00870120  -0.00493145
  2281  7.201901  -0.00868888  -0.00492269
  2282  7.204401  -0.00867658  -0.00491395
  2283  7.206902  -0.00866430  -0.00490523
  2284  7.209403  -0.00865205  -0.00489653
  2285  7.211904  -0.00863981  -0.00488785
  2286  7.214405  -0.00862760  -0.00487919
  2287  7.216906  -0.00861541  -0.00487055
  2288  7.219406  -0.00860324  -0.00486192
  2289  7.221907  -0.00859109  -0.00485331
  2290  7.224408  -0.00857896  -0.00484472
  2291  7.226909  -0.00856686  -0.00483615
  2292  7.229410  -0.00855478  -0.00482760
  2293  7.231911  -0.00854271  -0.00481906
  2294  7.234411  -0.00853067  -0.00481055
  2295  7.236912  -0.00851865  -0.00480205
  2296  7.239413  -0.00850665  -0.00479357
  2297  7.241914  -0.00849468  -0.00478511
  2298  7.244415  -0.00848272  -0.00477666
  2299  7.246916  -0.00847079  -0.00476824
  2300  7.249416  -0.00845887  -0.00475983
  2301  7.251917  -0.00844698  -0.00475144
  2302  7.254418  -0.00843511  -0.00474306
  2303  7.256919  -0.00842326  -0.00473471
  2304  7.259420  -0.00841143  -0.00472637
  2305  7.261921  -0.00839962  -0.00471805
  2306  7.264421  -0.00838783  -0.00470975
  2307  7.266922  -0.00837606  -0.00470147
  2308  7.269423  -0.00836431  -0.00469320
  2309  7.271924  -0.00835259  -0.00468495
  2310  7.274425  -0.00834088  -0.00467672
  2311  7.276926  -0.00832919  -0.00466850
  2312  7.279426  -0.00831753  -0.00466031
  2313  7.281927  -0.00830588  -0.00465213
  2314  7.284428  -0.00829426  -0.00464396
  2315  7.286929  -0.00828266  -0.00463582
  2316  7.289430  -0.00827107  -0.00462769
  2317  7.291931  -0.00825951  -0.00461958
  2318  7.294431  -0.00824797  -0.00461148
  2319  7.296932  -0.00823645  -0.00460341
  2320  7.299433  -0.00822494  -0.00459535
  2321  7.301934  -0.00821346  -0.00458730
  2322  7.304435  -0.00820200  -0.00457928
  2323  7.306936  -0.00819056  -0.00457127
  2324  7.309436  -0.00817914  -0.00456328
  2325  7.311937  -0.00816773  -0.00455530
  2326  7.314438  -0.00815635  -0.00454734
  2327  7.316939  -0.00814499  -0.00453940
  2328  7.319440  -0.00813365  -0.00453147
  2329  7.321941  -0.00812232  -0.00452357
  2330  7.324441  -0.00811102  -0.00451567
  2331  7.326942  -0.00809974  -0.00450780
  2332  7.329443  -0.00808847  -0.00449994
  2333  7.331944  -0.00807723  -0.00449210
  2334  7.334445  -0.00806601  -0.00448427
  2335  7.336946  -0.00805480  -0.00447646
  2336  7.339446  -0.00804362  -0.00446867
  2337  7.341947  -0.00803245  -0.00446089
  2338  7.344448  -0.00802130  -0.00445313
  2339  7.346949  -0.00801018  -0.00444538
  2340  7.349450  -0.00799907  -0.00443766
  2341  7.351951  -0.00798798  -0.00442994
  2342  7.354451  -0.00797691  -0.00442225
  2343  7.356952  -0.00796586  -0.00441457
  2344  7.359453  -0.00795483  -0.00440690
  2345  7.361954  -0.00794382  -0.00439926
  2346  7.364455  -0.00793283  -0.00439162
  2347  7.366956  -0.00792186  -0.00438401
  2348  7.369456  -0.00791090  -0.00437641
  2349  7.371957  -0.00789997  -0.00436882
  2350  7.374458  -0.00788905  -0.00436125
  2351  7.376959  -0.00787815  -0.00435370
  2352  7.379460  -0.00786728  -0.00434617
  2353  7.381961  -0.00785642  -0.00433864
  2354  7.384461  -0.00784557  -0.00433114
  2355  7.386962  -0.00783475  -0.00432365
  2356  7.389463  -0.00782395  -0.00431617
  2357  7.391964  -0.00781316  -0.00430871
  2358  7.394465  -0.00780240  -0.00430127
  2359  7.396966  -0.00779165  -0.00429384
  2360  7.399466  -0.00778092  -0.00428643
  2361  7.401967  -0.00777021  -0.00427903
  2362  7.404468  -0.00775952  -0.00427165
  2363  7.406969  -0.00774885  -0.00426429
  2364  7.409470  -0.00773819  -0.00425693
  2365  7.411971  -0.00772755  -0.00424960
  2366  7.414471  -0.00771694  -0.00424228
  2367  7.416972  -0.00770634  -0.00423497
  2368  7.419473  -0.00769575  -0.00422768
  2369  7.421974  -0.00768519  -0.00422041
  2370  7.424475  -0.00767465  -0.00421315
  2371  7.426976  -0.00766412  -0.00420590
  2372  7.429476  -0.00765361  -0.00419867
  2373  7.431977  -0.00764312  -0.00419146
  2374  7.434478  -0.00763264  -0.00418426
  2375  7.436979  -0.00762219  -0.00417707
  2376  7.439480  -0.00761175  -0.00416990
  2377  7.441981  -0.00760133  -0.00416274
  2378  7.444481  -0.00759093  -0.00415560
  2379  7.446982  -0.00758055  -0.00414848
  2380  7.449483  -0.00757018  -0.00414136
  2381  7.451984  -0.00755983  -0.00413427
  2382  7.454485  -0.00754950  -0.00412718
  2383  7.456986  -0.00753919  -0.00412012
  2384  7.459486  -0.00752890  -0.00411306
  2385  7.461987  -0.00751862  -0.00410603
  2386  7.464488  -0.00750836  -0.00409900
  2387  7.466989  -0.00749812  -0.00409199
  2388  7.469490  -0.00748789  -0.00408500
  2389  7.471991  -0.00747769  -0.00407802
  2390  7.474491  -0.00746750  -0.00407105
  2391  7.476992  -0.00745732  -0.00406410
  2392  7.479493  -0.00744717  -0.00405716
  2393  7.481994  -0.00743703  -0.00405023
  2394  7.484495  -0.00742691  -0.00404333
  2395  7.486996  -0.00741681  -0.00403643
  2396  7.489496  -0.00740672  -0.00402955
  2397  7.491997  -0.00739665  -0.00402268
  2398  7.494498  -0.00738660  -0.00401583
  2399  7.496999  -0.00737657  -0.00400899
  2400  7.499500  -0.00736655  -0.00400216
  2401  7.502001  -0.00735655  -0.00399535
  2402  7.504502  -0.00734657  -0.00398856
  2403  7.507002  -0.00733660  -0.00398177
  2404  7.509503  -0.00732665  -0.00397500
  2405  7.512004  -0.00731672  -0.00396825
  2406  7.514505  -0.00730680  -0.00396151
  2407  7.517006  -0.00729690  -0.00395478
  2408  7.519507  -0.00728702  -0.00394807
  2409  7.522007  -0.00727716  -0.00394136
  2410  7.524508  -0.00726731  -0.00393468
  2411  7.527009  -0.00725748  -0.00392800
  2412  7.529510  -0.00724766  -0.00392135
  2413  7.532011  -0.00723786  -0.00391470
  2414  7.534512  -0.00722808  -0.00390807
  2415  7.537012  -0.00721832  -0.00390145
  2416  7.539513  -0.00720857  -0.00389484
  2417  7.542014  -0.00719884  -0.00388825
  2418  7.544515  -0.00718912  -0.00388167
  2419  7.547016  -0.00717942  -0.00387511
  2420  7.549517  -0.00716974  -0.00386856
  2421  7.552017  -0.00716007  -0.00386202
  2422  7.554518  -0.00715042  -0.00385549
  2423  7.557019  -0.00714079  -0.00384898
  2424  7.559520  -0.00713117  -0.00384248
  2425  7.562021  -0.00712157  -0.00383600
  2426  7.564522  -0.00711198  -0.00382952
  2427  7.567022  -0.00710242  -0.00382307
  2428  7.569523  -0.00709286  -0.00381662
  2429  7.572024  -0.00708333  -0.00381019
  2430  7.574525  -0.00707381  -0.00380377
  2431  7.577026  -0.00706430  -0.00379736
  2432  7.579527  -0.00705481  -0.00379097
  2433  7.582027  -0.00704534  -0.00378458
  2434  7.584528  -0.00703588  -0.00377822
  2435  7.587029  -0.00702644  -0.00377186
  2436  7.589530  -0.00701702  -0.00376552
  2437  7.592031  -0.00700761  -0.00375919
  2438  7.594532  -0.00699822  -0.00375287
  2439  7.597032  -0.00698884  -0.00374657
  2440  7.599533  -0.00697948  -0.00374028
  2441  7.602034  -0.00697013  -0.00373400
  2442  7.604535  -0.00696080  -0.00372773
  2443  7.607036  -0.00695149  -0.00372148
  2444  7.609537  -0.00694219  -0.00371524
  2445  7.612037  -0.00693290  -0.00370901
  2446  7.614538  -0.00692364  -0.00370280
  2447  7.617039  -0.00691438  -0.00369659
  2448  7.619540  -0.00690515  -0.00369040
  2449  7.622041  -0.00689592  -0.00368423
  2450  7.624542  -0.00688672  -0.00367806
  2451  7.627042  -0.00687753  -0.00367191
  2452  7.629543  -0.00686835  -0.00366577
  2453  7.632044  -0.00685919  -0.00365964
  2454  7.634545  -0.00685005  -0.00365352
  2455  7.637046  -0.00684092  -0.00364742
  2456  7.639547  -0.00683181  -0.00364133
  2457  7.642047  -0.00682271  -0.00363525
  2458  7.644548  -0.00681362  -0.00362918
  2459  7.647049  -0.00680455  -0.00362313
  2460  7.649550  -0.00679550  -0.00361708
  2461  7.652051  -0.00678646  -0.00361105
  2462  7.654552  -0.00677744  -0.00360503
  2463  7.657052  -0.00676843  -0.00359903
  2464  7.659553  -0.00675944  -0.00359303
  2465  7.662054  -0.00675046  -0.00358705
  2466  7.664555  -0.00674150  -0.00358108
  2467  7.667056  -0.00673255  -0.00357512
  2468  7.669557  -0.00672362  -0.00356918
  2469  7.672057  -0.00671470  -0.00356324
  2470  7.674558  -0.00670579  -0.00355732
  2471  7.677059  -0.00669691  -0.00355141
  2472  7.679560  -0.00668803  -0.00354551
  2473  7.682061  -0.00667917  -0.00353962
  2474  7.684562  -0.00667033  -0.00353375
  2475  7.687062  -0.00666150  -0.00352788
  2476  7.689563  -0.00665268  -0.00352203
  2477  7.692064  -0.00664388  -0.00351619
  2478  7.694565  -0.00663509  -0.00351036
  2479  7.697066  -0.00662632  -0.00350454
  2480  7.699567  -0.00661757  -0.00349874
  2481  7.702067  -0.00660882  -0.00349294
  2482  7.704568  -0.00660010  -0.00348716
  2483  7.707069  -0.00659138  -0.00348139
  2484  7.709570  -0.00658268  -0.00347563
  2485  7.712071  -0.00657400  -0.00346988
  2486  7.714572  -0.00656533  -0.00346415
  2487  7.717072  -0.00655667  -0.00345842
  2488  7.719573  -0.00654803  -0.00345271
  2489  7.722074  -0.00653940  -0.00344701
  2490  7.724575  -0.00653079  -0.00344131
  2491  7.727076  -0.00652219  -0.00343564
  2492  7.729577  -0.00651361  -0.00342997
  2493  7.732077  -0.00650503  -0.00342431
  2494  7.734578  -0.00649648  -0.00341866
  2495  7.737079  -0.00648794  -0.00341303
  2496  7.739580  -0.00647941  -0.00340740
  2497  7.742081  -0.00647089  -0.00340179
  2498  7.744582  -0.00646239  -0.00339619
  2499  7.747082  -0.00645391  -0.00339060
  2500  7.749583  -0.00644543  -0.00338502
  2501  7.752084  -0.00643698  -0.00337945
  2502  7.754585  -0.00642853  -0.00337390
  2503  7.757086  -0.00642010  -0.00336835
  2504  7.759587  -0.00641168  -0.00336281
  2505  7.762087  -0.00640328  -0.00335729
  2506  7.764588  -0.00639489  -0.00335178
  2507  7.767089  -0.00638652  -0.00334627
  2508  7.769590  -0.00637815  -0.00334078
  2509  7.772091  -0.00636981  -0.00333530
  2510  7.774592  -0.00636147  -0.00332983
  2511  7.777092  -0.00635315  -0.00332437
  2512  7.779593  -0.00634485  -0.00331892
  2513  7.782094  -0.00633655  -0.00331349
  2514  7.784595  -0.00632827  -0.00330806
  2515  7.787096  -0.00632001  -0.00330264
  2516  7.789597  -0.00631175  -0.00329724
  2517  7.792097  -0.00630351  -0.00329184
  2518  7.794598  -0.00629529  -0.00328646
  2519  7.797099  -0.00628708  -0.00328109
  2520  7.799600  -0.00627888  -0.00327572
  2521  7.802101  -0.00627069  -0.00327037
  2522  7.804602  -0.00626252  -0.00326503
  2523  7.807102  -0.00625436  -0.00325970
  2524  7.809603  -0.00624622  -0.00325437
  2525  7.812104  -0.00623808  -0.00324906
  2526  7.814605  -0.00622997  -0.00324376
  2527  7.817106  -0.00622186  -0.00323847
  2528  7.819607  -0.00621377  -0.00323319
  2529  7.822107  -0.00620569  -0.00322792
  2530  7.824608  -0.00619762  -0.00322267
  2531  7.827109  -0.00618957  -0.00321742
  2532  7.829610  -0.00618153  -0.00321218
  2533  7.832111  -0.00617350  -0.00320695
  2534  7.834612  -0.00616549  -0.00320173
  2535  7.837112  -0.00615749  -0.00319653
  2536  7.839613  -0.00614950  -0.00319133
  2537  7.842114  -0.00614153  -0.00318614
  2538  7.844615  -0.00613357  -0.00318096
  2539  7.847116  -0.00612562  -0.00317580
  2540  7.849617  -0.00611768  -0.00317064
  2541  7.852117  -0.00610976  -0.00316549
  2542  7.854618  -0.00610185  -0.00316036
  2543  7.857119  -0.00609395  -0.00315523
  2544  7.859620  -0.00608607  -0.00315011
  2545  7.862121  -0.00607820  -0.00314501
  2546  7.864622  -0.00607034  -0.00313991
  2547  7.867122  -0.00606249  -0.00313482
  2548  7.869623  -0.00605466  -0.00312975
  2549  7.872124  -0.00604684  -0.00312468
  2550  7.874625  -0.00603903  -0.00311962
  2551  7.877126  -0.00603123  -0.00311458
  2552  7.879627  -0.00602345  -0.00310954
  2553  7.882127  -0.00601568  -0.00310451
  2554  7.884628  -0.00600792  -0.00309949
  2555  7.887129  -0.00600018  -0.00309448
  2556  7.889630  -0.00599245  -0.00308949
  2557  7.892131  -0.00598473  -0.00308450
  2558  7.894632  -0.00597702  -0.00307952
  2559  7.897132  -0.00596932  -0.00307455
  2560  7.899633  -0.00596164  -0.00306959
  2561  7.902134  -0.00595397  -0.00306464
  2562  7.904635  -0.00594631  -0.00305970
  2563  7.907136  -0.00593867  -0.00305477
  2564  7.909637  -0.00593103  -0.00304985
  2565  7.912137  -0.00592341  -0.00304493
  2566  7.914638  -0.00591580  -0.00304003
  2567  7.917139  -0.00590821  -0.00303514
  2568  7.919640  -0.00590062  -0.00303026
  2569  7.922141  -0.00589305  -0.00302538
  2570  7.924642  -0.00588549  -0.00302052
  2571  7.927142  -0.00587794  -0.00301566
  2572  7.929643  -0.00587041  -0.00301082
  2573  7.932144  -0.00586288  -0.00300598
  2574  7.934645  -0.00585537  -0.00300115
  2575  7.937146  -0.00584787  -0.00299634
  2576  7.939647  -0.00584039  -0.00299153
  2577  7.942147  -0.00583291  -0.00298673
  2578  7.944648  -0.00582545  -0.00298194
  2579  7.947149  -0.00581800  -0.00297716
  2580  7.949650  -0.00581056  -0.00297239
  2581  7.952151  -0.00580313  -0.00296762
  2582  7.954652  -0.00579571  -0.00296287
  2583  7.957152  -0.00578831  -0.00295813
  2584  7.959653  -0.00578092  -0.00295339
  2585  7.962154  -0.00577354  -0.00294867
  2586  7.964655  -0.00576617  -0.00294395
  2587  7.967156  -0.00575881  -0.00293924
  2588  7.969657  -0.00575147  -0.00293455
  2589  7.972157  -0.00574414  -0.00292986
  2590  7.974658  -0.00573681  -0.00292518
  2591  7.977159  -0.00572950  -0.00292050
  2592  7.979660  -0.00572221  -0.00291584
  2593  7.982161  -0.00571492  -0.00291119
  2594  7.984662  -0.00570765  -0.00290654
  2595  7.987162  -0.00570038  -0.00290191
  2596  7.989663  -0.00569313  -0.00289728
  2597  7.992164  -0.00568589  -0.00289266
  2598  7.994665  -0.00567866  -0.00288806
  2599  7.997166  -0.00567145  -0.00288346
  2600  7.999667  -0.00566424  -0.00287886
  2601  8.002167  -0.00565705  -0.00287428
  2602  8.004668  -0.00564987  -0.00286971
  2603  8.007169  -0.00564269  -0.00286514
  2604  8.009670  -0.00563553  -0.00286059
  2605  8.012171  -0.00562839  -0.00285604
  2606  8.014672  -0.00562125  -0.00285150
  2607  8.017172  -0.00561412  -0.00284697
  2608  8.019673  -0.00560701  -0.00284245
  2609  8.022174  -0.00559991  -0.00283794
  2610  8.024675  -0.00559282  -0.00283343
  2611  8.027176  -0.00558574  -0.00282894
  2612  8.029677  -0.00557867  -0.00282445
  2613  8.032177  -0.00557161  -0.00281997
  2614  8.034678  -0.00556456  -0.00281550
  2615  8.037179  -0.00555753  -0.00281104
  2616  8.039680  -0.00555050  -0.00280659
  2617  8.042181  -0.00554349  -0.00280214
  2618  8.044682  -0.00553649  -0.00279771
  2619  8.047182  -0.00552950  -0.00279328
  2620  8.049683  -0.00552252  -0.00278886
  2621  8.052184  -0.00551555  -0.00278445
  2622  8.054685  -0.00550859  -0.00278005
  2623  8.057186  -0.00550164  -0.00277565
  2624  8.059687  -0.00549471  -0.00277127
  2625  8.062187  -0.00548778  -0.00276689
  2626  8.064688  -0.00548087  -0.00276252
  2627  8.067189  -0.00547396  -0.00275816
  2628  8.069690  -0.00546707  -0.00275381
  2629  8.072191  -0.00546019  -0.00274946
  2630  8.074692  -0.00545332  -0.00274513
  2631  8.077192  -0.00544646  -0.00274080
  2632  8.079693  -0.00543961  -0.00273648
  2633  8.082194  -0.00543277  -0.00273217
  2634  8.084695  -0.00542595  -0.00272787
  2635  8.087196  -0.00541913  -0.00272357
  2636  8.089697  -0.00541232  -0.00271928
  2637  8.092197  -0.00540553  -0.00271500
  2638  8.094698  -0.00539874  -0.00271073
  2639  8.097199  -0.00539197  -0.00270647
  2640  8.099700  -0.00538521  -0.00270222
  2641  8.102201  -0.00537845  -0.00269797
  2642  8.104702  -0.00537171  -0.00269373
  2643  8.107202  -0.00536498  -0.00268950
  2644  8.109703  -0.00535826  -0.00268528
  2645  8.112204  -0.00535155  -0.00268107
  2646  8.114705  -0.00534485  -0.00267686
  2647  8.117206  -0.00533816  -0.00267266
  2648  8.119707  -0.00533148  -0.00266847
  2649  8.122207  -0.00532481  -0.00266429
  2650  8.124708  -0.00531816  -0.00266011
  2651  8.127209  -0.00531151  -0.00265594
  2652  8.129710  -0.00530487  -0.00265179
  2653  8.132211  -0.00529825  -0.00264763
  2654  8.134712  -0.00529163  -0.00264349
  2655  8.137212  -0.00528502  -0.00263936
  2656  8.139713  -0.00527843  -0.00263523
  2657  8.142214  -0.00527184  -0.00263111
  2658  8.144715  -0.00526527  -0.00262699
  2659  8.147216  -0.00525870  -0.00262289
  2660  8.149717  -0.00525215  -0.00261879
  2661  8.152217  -0.00524561  -0.00261470
  2662  8.154718  -0.00523907  -0.00261062
  2663  8.157219  -0.00523255  -0.00260655
  2664  8.159720  -0.00522604  -0.00260248
  2665  8.162221  -0.00521953  -0.00259842
  2666  8.164722  -0.00521304  -0.00259437
  2667  8.167222  -0.00520656  -0.00259033
  2668  8.169723  -0.00520008  -0.00258629
  2669  8.172224  -0.00519362  -0.00258227
  2670  8.174725  -0.00518717  -0.00257824
  2671  8.177226  -0.00518072  -0.00257423
  2672  8.179727  -0.00517429  -0.00257023
  2673  8.182227  -0.00516787  -0.00256623
  2674  8.184728  -0.00516146  -0.00256224
  2675  8.187229  -0.00515505  -0.00255825
  2676  8.189730  -0.00514866  -0.00255428
  2677  8.192231  -0.00514228  -0.00255031
  2678  8.194732  -0.00513590  -0.00254635
  2679  8.197232  -0.00512954  -0.00254239
  2680  8.199733  -0.00512319  -0.00253845
  2681  8.202234  -0.00511685  -0.00253451
  2682  8.204735  -0.00511051  -0.00253058
  2683  8.207236  -0.00510419  -0.00252665
  2684  8.209737  -0.00509787  -0.00252274
  2685  8.212237  -0.00509157  -0.00251883
  2686  8.214738  -0.00508528  -0.00251493
  2687  8.217239  -0.00507899  -0.00251103
  2688  8.219740  -0.00507272  -0.00250714
  2689  8.222241  -0.00506645  -0.00250326
  2690  8.224742  -0.00506020  -0.00249939
  2691  8.227242  -0.00505395  -0.00249552
  2692  8.229743  -0.00504771  -0.00249166
  2693  8.232244  -0.00504149  -0.00248781
  2694  8.234745  -0.00503527  -0.00248397
  2695  8.237246  -0.00502906  -0.00248013
  2696  8.239747  -0.00502287  -0.00247630
  2697  8.242247  -0.00501668  -0.00247248
  2698  8.244748  -0.00501050  -0.00246866
  2699  8.247249  -0.00500433  -0.00246485
  2700  8.249750  -0.00499817  -0.00246105
  2701  8.252251  -0.00499202  -0.00245726
  2702  8.254752  -0.00498588  -0.00245347
  2703  8.257252  -0.00497975  -0.00244969
  2704  8.259753  -0.00497363  -0.00244591
  2705  8.262254  -0.00496752  -0.00244215
  2706  8.264755  -0.00496141  -0.00243839
  2707  8.267256  -0.00495532  -0.00243463
  2708  8.269757  -0.00494924  -0.00243089
  2709  8.272257  -0.00494316  -0.00242715
  2710  8.274758  -0.00493710  -0.00242342
  2711  8.277259  -0.00493104  -0.00241969
  2712  8.279760  -0.00492499  -0.00241597
  2713  8.282261  -0.00491896  -0.00241226
  2714  8.284762  -0.00491293  -0.00240856
  2715  8.287262  -0.00490691  -0.00240486
  2716  8.289763  -0.00490090  -0.00240117
  2717  8.292264  -0.00489490  -0.00239749
  2718  8.294765  -0.00488891  -0.00239381
  2719  8.297266  -0.00488293  -0.00239014
  2720  8.299767  -0.00487695  -0.00238647
  2721  8.302267  -0.00487099  -0.00238282
  2722  8.304768  -0.00486504  -0.00237917
  2723  8.307269  -0.00485909  -0.00237552
  2724  8.309770  -0.00485315  -0.00237189
  2725  8.312271  -0.00484723  -0.00236826
  2726  8.314772  -0.00484131  -0.00236463
  2727  8.317272  -0.00483540  -0.00236102
  2728  8.319773  -0.00482950  -0.00235741
  2729  8.322274  -0.00482361  -0.00235380
  2730  8.324775  -0.00481773  -0.00235021
  2731  8.327276  -0.00481185  -0.00234662
  2732  8.329777  -0.00480599  -0.00234303
  2733  8.332277  -0.00480014  -0.00233946
  2734  8.334778  -0.00479429  -0.00233589
  2735  8.337279  -0.00478845  -0.00233232
  2736  8.339780  -0.00478262  -0.00232876
  2737  8.342281  -0.00477680  -0.00232521
  2738  8.344782  -0.00477099  -0.00232167
  2739  8.347282  -0.00476519  -0.00231813
  2740  8.349783  -0.00475940  -0.00231460
  2741  8.352284  -0.00475362  -0.00231107
  2742  8.354785  -0.00474784  -0.00230756
  2743  8.357286  -0.00474207  -0.00230404
  2744  8.359787  -0.00473632  -0.00230054
  2745  8.362287  -0.00473057  -0.00229704
  2746  8.364788  -0.00472483  -0.00229355
  2747  8.367289  -0.00471910  -0.00229006
  2748  8.369790  -0.00471337  -0.00228658
  2749  8.372291  -0.00470766  -0.00228311
  2750  8.374792  -0.00470195  -0.00227964
  2751  8.377292  -0.00469626  -0.00227618
  2752  8.379793  -0.00469057  -0.00227272
  2753  8.382294  -0.00468489  -0.00226928
  2754  8.384795  -0.00467922  -0.00226583
  2755  8.387296  -0.00467356  -0.00226240
  2756  8.389797  -0.00466790  -0.00225897
  2757  8.392297  -0.00466226  -0.00225555
  2758  8.394798  -0.00465662  -0.00225213
  2759  8.397299  -0.00465099  -0.00224872
  2760  8.399800  -0.00464537  -0.00224531
  2761  8.402301  -0.00463976  -0.00224191
  2762  8.404802  -0.00463416  -0.00223852
  2763  8.407302  -0.00462857  -0.00223514
  2764  8.409803  -0.00462298  -0.00223176
  2765  8.412304  -0.00461740  -0.00222838
  2766  8.414805  -0.00461184  -0.00222502
  2767  8.417306  -0.00460628  -0.00222165
  2768  8.419807  -0.00460072  -0.00221830
  2769  8.422307  -0.00459518  -0.00221495
  2770  8.424808  -0.00458965  -0.00221161
  2771  8.427309  -0.00458412  -0.00220827
  2772  8.429810  -0.00457860  -0.00220494
  2773  8.432311  -0.00457309  -0.00220161
  2774  8.434812  -0.00456759  -0.00219829
  2775  8.437312  -0.00456210  -0.00219498
  2776  8.439813  -0.00455661  -0.00219167
  2777  8.442314  -0.00455113  -0.00218837
  2778  8.444815  -0.00454566  -0.00218508
  2779  8.447316  -0.00454020  -0.00218179
  2780  8.449817  -0.00453475  -0.00217851
  2781  8.452317  -0.00452931  -0.00217523
  2782  8.454818  -0.00452387  -0.00217196
  2783  8.457319  -0.00451844  -0.00216869
  2784  8.459820  -0.00451303  -0.00216543
  2785  8.462321  -0.00450761  -0.00216218
  2786  8.464822  -0.00450221  -0.00215893
  2787  8.467322  -0.00449682  -0.00215569
  2788  8.469823  -0.00449143  -0.00215245
  2789  8.472324  -0.00448605  -0.00214922
  2790  8.474825  -0.00448068  -0.00214600
  2791  8.477326  -0.00447532  -0.00214278
  2792  8.479827  -0.00446996  -0.00213957
  2793  8.482327  -0.00446461  -0.00213636
  2794  8.484828  -0.00445928  -0.00213316
  2795  8.487329  -0.00445395  -0.00212997
  2796  8.489830  -0.00444862  -0.00212678
  2797  8.492331  -0.00444331  -0.00212359
  2798  8.494832  -0.00443800  -0.00212041
  2799  8.497332  -0.00443270  -0.00211724
  2800  8.499833  -0.00442741  -0.00211408
  2801  8.502334  -0.00442213  -0.00211091
  2802  8.504835  -0.00441685  -0.00210776
  2803  8.507336  -0.00441159  -0.00210461
  2804  8.509837  -0.00440633  -0.00210147
  2805  8.512337  -0.00440108  -0.00209833
  2806  8.514838  -0.00439583  -0.00209520
  2807  8.517339  -0.00439060  -0.00209207
  2808  8.519840  -0.00438537  -0.00208895
  2809  8.522341  -0.00438015  -0.00208583
  2810  8.524842  -0.00437494  -0.00208272
  2811  8.527342  -0.00436973  -0.00207962
  2812  8.529843  -0.00436453  -0.00207652
  2813  8.532344  -0.00435934  -0.00207342
  2814  8.534845  -0.00435416  -0.00207034
  2815  8.537346  -0.00434899  -0.00206725
  2816  8.539847  -0.00434382  -0.00206418
  2817  8.542347  -0.00433866  -0.00206111
  2818  8.544848  -0.00433351  -0.00205804
  2819  8.547349  -0.00432837  -0.00205498
  2820  8.549850  -0.00432324  -0.00205192
  2821  8.552351  -0.00431811  -0.00204887
  2822  8.554852  -0.00431299  -0.00204583
  2823  8.557352  -0.00430788  -0.00204279
  2824  8.559853  -0.00430277  -0.00203976
  2825  8.562354  -0.00429767  -0.00203673
  2826  8.564855  -0.00429258  -0.00203371
  2827  8.567356  -0.00428750  -0.00203069
  2828  8.569857  -0.00428243  -0.00202768
  2829  8.572357  -0.00427736  -0.00202467
  2830  8.574858  -0.00427230  -0.00202167
  2831  8.577359  -0.00426725  -0.00201868
  2832  8.579860  -0.00426220  -0.00201569
  2833  8.582361  -0.00425717  -0.00201270
  2834  8.584862  -0.00425214  -0.00200972
  2835  8.587362  -0.00424711  -0.00200675
  2836  8.589863  -0.00424210  -0.00200378
  2837  8.592364  -0.00423709  -0.00200082
  2838  8.594865  -0.00423209  -0.00199786
  2839  8.597366  -0.00422710  -0.00199490
  2840  8.599867  -0.00422211  -0.00199196
  2841  8.602367  -0.00421714  -0.00198901
  2842  8.604868  -0.00421217  -0.00198608
  2843  8.607369  -0.00420720  -0.00198314
  2844  8.609870  -0.00420225  -0.00198022
  2845  8.612371  -0.00419730  -0.00197730
  2846  8.614872  -0.00419236  -0.00197438
  2847  8.617372  -0.00418742  -0.00197147
  2848  8.619873  -0.00418250  -0.00196856
  2849  8.622374  -0.00417758  -0.00196566
  2850  8.624875  -0.00417266  -0.00196276
  2851  8.627376  -0.00416776  -0.00195987
  2852  8.629877  -0.00416286  -0.00195699
  2853  8.632377  -0.00415797  -0.00195411
  2854  8.634878  -0.00415309  -0.00195123
  2855  8.637379  -0.00414821  -0.00194836
  2856  8.639880  -0.00414334  -0.00194550
  2857  8.642381  -0.00413848  -0.00194264
  2858  8.644882  -0.00413363  -0.00193978
  2859  8.647382  -0.00412878  -0.00193693
  2860  8.649883  -0.00412394  -0.00193409
  2861  8.652384  -0.00411911  -0.00193124
  2862  8.654885  -0.00411428  -0.00192841
  2863  8.657386  -0.00410946  -0.00192558
  2864  8.659887  -0.00410465  -0.00192275
  2865  8.662387  -0.00409984  -0.00191993
  2866  8.664888  -0.00409505  -0.00191712
  2867  8.667389  -0.00409025  -0.00191431
  2868  8.669890  -0.00408547  -0.00191150
  2869  8.672391  -0.00408069  -0.00190870
  2870  8.674892  -0.00407592  -0.00190591
  2871  8.677392  -0.00407116  -0.00190312
  2872  8.679893  -0.00406641  -0.00190033
  2873  8.682394  -0.00406166  -0.00189755
  2874  8.684895  -0.00405691  -0.00189478
  2875  8.687396  -0.00405218  -0.00189201
  2876  8.689897  -0.00404745  -0.00188924
  2877  8.692397  -0.00404273  -0.00188648
  2878  8.694898  -0.00403802  -0.00188372
  2879  8.697399  -0.00403331  -0.00188097
  2880  8.699900  -0.00402861  -0.00187822
  2881  8.702401  -0.00402391  -0.00187548
  2882  8.704902  -0.00401923  -0.00187275
  2883  8.707402  -0.00401455  -0.00187001
  2884  8.709903  -0.00400987  -0.00186729
  2885  8.712404  -0.00400521  -0.00186456
  2886  8.714905  -0.00400055  -0.00186185
  2887  8.717406  -0.00399590  -0.00185913
  2888  8.719907  -0.00399125  -0.00185642
  2889  8.722407  -0.00398661  -0.00185372
  2890  8.724908  -0.00398198  -0.00185102
  2891  8.727409  -0.00397735  -0.00184833
  2892  8.729910  -0.00397273  -0.00184564
  2893  8.732411  -0.00396812  -0.00184295
  2894  8.734912  -0.00396351  -0.00184027
  2895  8.737412  -0.00395892  -0.00183760
  2896  8.739913  -0.00395432  -0.00183493
  2897  8.742414  -0.00394974  -0.00183226
  2898  8.744915  -0.00394516  -0.00182960
  2899  8.747416  -0.00394059  -0.00182694
  2900  8.749917  -0.00393602  -0.00182429
  2901  8.752417  -0.00393146  -0.00182164
  2902  8.754918  -0.00392691  -0.00181900
  2903  8.757419  -0.00392236  -0.00181636
  2904  8.759920  -0.00391783  -0.00181373
  2905  8.762421  -0.00391329  -0.00181110
  2906  8.764922  -0.00390877  -0.00180848
  2907  8.767422  -0.00390425  -0.00180586
  2908  8.769923  -0.00389973  -0.00180324
  2909  8.772424  -0.00389523  -0.00180063
  2910  8.774925  -0.00389073  -0.00179802
  2911  8.777426  -0.00388624  -0.00179542
  2912  8.779927  -0.00388175  -0.00179283
  2913  8.782427  -0.00387727  -0.00179023
  2914  8.784928  -0.00387279  -0.00178765
  2915  8.787429  -0.00386833  -0.00178506
  2916  8.789930  -0.00386387  -0.00178248
  2917  8.792431  -0.00385941  -0.00177991
  2918  8.794932  -0.00385496  -0.00177734
  2919  8.797432  -0.00385052  -0.00177477
  2920  8.799933  -0.00384609  -0.00177221
  2921  8.802434  -0.00384166  -0.00176965
  2922  8.804935  -0.00383724  -0.00176710
  2923  8.807436  -0.00383282  -0.00176455
  2924  8.809937  -0.00382841  -0.00176201
  2925  8.812437  -0.00382401  -0.00175947
  2926  8.814938  -0.00381961  -0.00175694
  2927  8.817439  -0.00381522  -0.00175441
  2928  8.819940  -0.00381083  -0.00175188
  2929  8.822441  -0.00380646  -0.00174936
  2930  8.824942  -0.00380208  -0.00174684
  2931  8.827442  -0.00379772  -0.00174433
  2932  8.829943  -0.00379336  -0.00174182
  2933  8.832444  -0.00378901  -0.00173932
  2934  8.834945  -0.00378466  -0.00173682
  2935  8.837446  -0.00378032  -0.00173432
  2936  8.839947  -0.00377599  -0.00173183
  2937  8.842447  -0.00377166  -0.00172934
  2938  8.844948  -0.00376734  -0.00172686
  2939  8.847449  -0.00376302  -0.00172438
  2940  8.849950  -0.00375871  -0.00172191
  2941  8.852451  -0.00375441  -0.00171944
  2942  8.854952  -0.00375011  -0.00171697
  2943  8.857452  -0.00374582  -0.00171451
  2944  8.859953  -0.00374154  -0.00171206
  2945  8.862454  -0.00373726  -0.00170960
  2946  8.864955  -0.00373299  -0.00170715
  2947  8.867456  -0.00372872  -0.00170471
  2948  8.869957  -0.00372446  -0.00170227
  2949  8.872457  -0.00372021  -0.00169983
  2950  8.874958  -0.00371596  -0.00169740
  2951  8.877459  -0.00371172  -0.00169498
  2952  8.879960  -0.00370748  -0.00169255
  2953  8.882461  -0.00370325  -0.00169013
  2954  8.884962  -0.00369903  -0.00168772
  2955  8.887462  -0.00369481  -0.00168531
  2956  8.889963  -0.00369060  -0.00168290
  2957  8.892464  -0.00368639  -0.00168050
  2958  8.894965  -0.00368219  -0.00167810
  2959  8.897466  -0.00367800  -0.00167570
  2960  8.899967  -0.00367381  -0.00167331
  2961  8.902467  -0.00366963  -0.00167093
  2962  8.904968  -0.00366545  -0.00166855
  2963  8.907469  -0.00366128  -0.00166617
  2964  8.909970  -0.00365712  -0.00166379
  2965  8.912471  -0.00365296  -0.00166142
  2966  8.914972  -0.00364881  -0.00165906
  2967  8.917472  -0.00364466  -0.00165670
  2968  8.919973  -0.00364052  -0.00165434
  2969  8.922474  -0.00363639  -0.00165199
  2970  8.924975  -0.00363226  -0.00164964
  2971  8.927476  -0.00362814  -0.00164729
  2972  8.929977  -0.00362402  -0.00164495
  2973  8.932477  -0.00361991  -0.00164261
  2974  8.934978  -0.00361581  -0.00164028
  2975  8.937479  -0.00361171  -0.00163795
  2976  8.939980  -0.00360761  -0.00163562
  2977  8.942481  -0.00360353  -0.00163330
  2978  8.944982  -0.00359944  -0.00163098
  2979  8.947482  -0.00359537  -0.00162867
  2980  8.949983  -0.00359130  -0.00162636
  2981  8.952484  -0.00358723  -0.00162405
  2982  8.954985  -0.00358317  -0.00162175
  2983  8.957486  -0.00357912  -0.00161945
  2984  8.959987  -0.00357507  -0.00161716
  2985  8.962487  -0.00357103  -0.00161487
  2986  8.964988  -0.00356700  -0.00161258
  2987  8.967489  -0.00356297  -0.00161030
  2988  8.969990  -0.00355894  -0.00160802
  2989  8.972491  -0.00355492  -0.00160575
  2990  8.974992  -0.00355091  -0.00160348
  2991  8.977492  -0.00354690  -0.00160121
  2992  8.979993  -0.00354290  -0.00159895
  2993  8.982494  -0.00353891  -0.00159669
  2994  8.984995  -0.00353492  -0.00159443
  2995  8.987496  -0.00353093  -0.00159218
  2996  8.989997  -0.00352695  -0.00158993
  2997  8.992497  -0.00352298  -0.00158769
  2998  8.994998  -0.00351901  -0.00158545
  2999  8.997499  -0.00351505  -0.00158321
  3000  9.000000  -0.00351109  -0.00158098

MG_OCO3
N 3000 R 1.5000 9.0000

     1  1.500000  67.00849127  569.06959458
     2  1.502501  65.60095708  556.63115851
     3  1.505002  64.22416667  544.48156504
     4  1.507503  62.87740667  532.61367101
     5  1.510003  61.55998131  521.02052102
     6  1.512504  60.27121202  509.69534224
     7  1.515005  59.01043694  498.63153929
     8  1.517506  57.77701047  487.82268929
     9  1.520007  56.57030287  477.26253717
    10  1.522508  55.38969985  466.94499091
    11  1.525008  54.23460213  456.86411712
    12  1.527509  53.10442510  447.01413663
    13  1.530010  51.99859840  437.38942023
    14  1.532511  50.91656556  427.98448459
    15  1.535012  49.85778367  418.79398818
    16  1.537513  48.82172298  409.81272748
    17  1.540013  47.80786659  401.03563311
    18  1.542514  46.81571013  392.45776622
    19  1.545015  45.84476138  384.07431492
    20  1.547516  44.89454006  375.88059080
    21  1.550017  43.96457741  367.87202559
    22  1.552518  43.05441597  360.04416792
    23  1.555018  42.16360927  352.39268008
    24  1.557519  41.29172155  344.91333502
    25  1.560020  40.43832749  337.60201333
    26  1.562521  39.60301191  330.45470032
    27  1.565022  38.78536959  323.46748321
    28  1.567523  37.98500493  316.63654840
    29  1.570023  37.20153177  309.95817880
    30  1.572524  36.43457311  303.42875123
    31  1.575025  35.68376091  297.04473393
    32  1.577526  34.94873586  290.80268408
    33  1.580027  34.22914711  284.69924546
    34  1.582528  33.52465215  278.73114613
    35  1.585028  32.83491652  272.89519619
    36  1.587529  32.15961363  267.18828559
    37  1.590030  31.49842459  261.60738204
    38  1.592531  30.85103799  256.14952889
    39  1.595032  30.21714972  250.81184322
    40  1.597533  29.59646278  245.59151381
    41  1.600033  28.98868715  240.48579929
    42  1.602534  28.39353953  235.49202630
    43  1.605035  27.81074326  230.60758770
    44  1.607536  27.24002810  225.82994082
    45  1.610037  26.68113009  221.15660579
    46  1.612538  26.13379141  216.58516389
    47  1.615038  25.59776021  212.11325594
    48  1.617539  25.07279044  207.73858076
    49  1.620040  24.55864177  203.45889365
    50  1.622541  24.05507941  199.27200495
    51  1.625042  23.56187394  195.17577857
    52  1.627543  23.07880127  191.16813063
    53  1.630043  22.60564243  187.24702809
    54  1.632544  22.14218346  183.41048745
    55  1.635045  21.68821533  179.65657346
    56  1.637546  21.24353376  175.98339790
    57  1.640047  20.80793917  172.38911832
    58  1.642548  20.38123649  168.87193693
    59  1.645048  19.96323513  165.43009940
    60  1.647549  19.55374881  162.06189377
    61  1.650050  19.15259548  158.76564938
    62  1.652551  18.75959723  155.53973577
    63  1.655052  18.37458018  152.38256171
    64  1.657553  17.99737436  149.29257416
    65  1.660053  17.62781366  146.26825730
    66  1.662554  17.26573570  143.30813163
    67  1.665055  16.91098177  140.41075300
    68  1.667556  16.56339671  137.57471172
    69  1.670057  16.22282886  134.79863172
    70  1.672558  15.88912995  132.08116968
    71  1.675058  15.56215503  129.42101420
    72  1.677559  15.24176240  126.81688500
    73  1.680060  14.92781352  124.26753216
    74  1.682561  14.62017292  121.77173531
    75  1.685062  14.31870817  119.32830295
    76  1.687563  14.02328977  116.93607167
    77  1.690063  13.73379112  114.59390549
    78  1.692564  13.45008838  112.30069516
    79  1.695065  13.17206050  110.05535749
    80  1.697566  12.89958909  107.85683471
    81  1.700067  12.63255835  105.70409381
    82  1.702568  12.37085506  103.59612599
    83  1.705068  12.11436850  101.53194599
    84  1.707569  11.86299036  99.51059156
    85  1.710070  11.61661472  97.53112284
    86  1.712571  11.37513799  95.59262186
    87  1.715072  11.13845883  93.69419198
    88  1.717573  10.90647814  91.83495735
    89  1.720073  10.67909897  90.01406242
    90  1.722574  10.45622649  88.23067142
    91  1.725075  10.23776794  86.48396792
    92  1.727576  10.02363255  84.77315431
    93  1.730077  9.81373156  83.09745134
    94  1.732578  9.60797812  81.45609773
    95  1.735078  9.40628725  79.84834965
    96  1.737579  9.20857584  78.27348036
    97  1.740080  9.01476254  76.73077978
    98  1.742581  8.82476777  75.21955406
    99  1.745082  8.63851369  73.73912522
   100  1.747583  8.45592409  72.28883073
   101  1.750083  8.27692443  70.86802318
   102  1.752584  8.10144177  69.47606990
   103  1.755085  7.92940471  68.11235257
   104  1.757586  7.76074341  66.77626692
   105  1.760087  7.59538950  65.46722239
   106  1.762588  7.43327609  64.18464175
   107  1.765088  7.27433769  62.92796086
   108  1.767589  7.11851024  61.69662829
   109  1.770090  6.96573101  60.49010504
   110  1.772591  6.81593862  59.30786425
   111  1.775092  6.66907300  58.14939092
   112  1.777593  6.52507533  57.01418159
   113  1.780093  6.38388805  55.90174411
   114  1.782594  6.24545482  54.81159732
   115  1.785095  6.10972049  53.74327086
   116  1.787596  5.97663106  52.69630485
   117  1.790097  5.84613368  51.67024966
   118  1.792598  5.71817660  50.66466571
   119  1.795098  5.59270918  49.67912317
   120  1.797599  5.46968181  48.71320176
   121  1.800100  5.34904594  47.76649053
   122  1.802601  5.23075404  46.83858765
   123  1.805102  5.11475956  45.92910016
   124  1.807603  5.00101693  45.03764379
   125  1.810103  4.88948153  44.16384276
   126  1.812604  4.78010968  43.30732957
   127  1.815105  4.67285857  42.46774481
   128  1.817606  4.56768633  41.64473696
   129  1.820107  4.46455192  40.83796224
   130  1.822608  4.36341518  40.04708438
   131  1.825108  4.26423676  39.27177451
   132  1.827609  4.16697812  38.51171092
   133  1.830110  4.07160155  37.76657895
   134  1.832611  3.97807007  37.03607079
   135  1.835112  3.88634751  36.31988535
   136  1.837613  3.79639840  35.61772807
   137  1.840113  3.70818803  34.92931083
   138  1.842614  3.62168239  34.25435171
   139  1.845115  3.53684817  33.59257495
   140  1.847616  3.45365275  32.94371074
   141  1.850117  3.37206415  32.30749510
   142  1.852618  3.29205108  31.68366976
   143  1.855118  3.21358286  31.07198200
   144  1.857619  3.13662945  30.47218458
   145  1.860120  3.06116142  29.88403555
   146  1.862621  2.98714994  29.30729816
   147  1.865122  2.91456675  28.74174076
   148  1.867623  2.84338419  28.18713665
   149  1.870123  2.77357513  27.64326398
   150  1.872624  2.70511301  27.10990565
   151  1.875125  2.63797182  26.58684919
   152  1.877626  2.57212603  26.07388668
   153  1.880127  2.50755067  25.57081460
   154  1.882628  2.44422124  25.07743379
   155  1.885128  2.38211377  24.59354929
   156  1.887629  2.32120474  24.11897030
   157  1.890130  2.26147111  23.65351005
   158  1.892631  2.20289030  23.19698575
   159  1.895132  2.14544020  22.74921844
   160  1.897633  2.08909913  22.31003296
   161  1.900133  2.03384583  21.87925784
   162  1.902634  1.97965949  21.45672523
   163  1.905135  1.92651970  21.04227080
   164  1.907636  1.87440646  20.63573367
   165  1.910137  1.82330016  20.23695635
   166  1.912638  1.77318159  19.84578465
   167  1.915138  1.72403193  19.46206761
   168  1.917639  1.67583272  19.08565741
   169  1.920140  1.62856586  18.71640934
   170  1.922641  1.58221361  18.35418171
   171  1.925142  1.53675861  17.99883575
   172  1.927643  1.49218380  17.65023562
   173  1.930143  1.44847249  17.30824828
   174  1.932644  1.40560830  16.97274346
   175  1.935145  1.36357518  16.64359360
   176  1.937646  1.32235739  16.32067375
   177  1.940147  1.28193951  16.00386159
   178  1.942648  1.24230641  15.69303731
   179  1.945148  1.20344327  15.38808356
   180  1.947649  1.16533554  15.08888542
   181  1.950150  1.12796898  14.79533034
   182  1.952651  1.09132961  14.50730809
   183  1.955152  1.05540373  14.22471069
   184  1.957653  1.02017791  13.94743239
   185  1.960153  0.98563897  13.67536960
   186  1.962654  0.95177399  13.40842085
   187  1.965155  0.91857033  13.14648676
   188  1.967656  0.88601554  12.88946996
   189  1.970157  0.85409747  12.63727508
   190  1.972658  0.82280416  12.38980869
   191  1.975158  0.79212390  12.14697926
   192  1.977659  0.76204522  11.90869713
   193  1.980160  0.73255684  11.67487445
   194  1.982661  0.70364774  11.44542517
   195  1.985162  0.67530706  11.22026495
   196  1.987663  0.64752420  10.99931120
   197  1.990163  0.62028873  10.78248298
   198  1.992664  0.59359043  10.56970097
   199  1.995165  0.56741929  10.36088747
   200  1.997666  0.54176548  10.15596635
   201  2.000167  0.51661935  9.95486300
   202  2.002668  0.49197144  9.75750431
   203  2.005168  0.46781250  9.56381865
   204  2.007669  0.44413340  9.37373581
   205  2.010170  0.42092524  9.18718701
   206  2.012671  0.39817926  9.00410482
   207  2.015172  0.37588687  8.82442319
   208  2.017673  0.35403965  8.64807736
   209  2.020173  0.33262934  8.47500388
   210  2.022674  0.31164783  8.30514055
   211  2.025175  0.29108716  8.13842644
   212  2.027676  0.27093955  7.97480178
   213  2.030177  0.25119733  7.81420804
   214  2.032678  0.23185300  7.65658783
   215  2.035178  0.21289920  7.50188488
   216  2.037679  0.19432869  7.35004406
   217  2.040180  0.17613438  7.20101133
   218  2.042681  0.15830933  7.05473370
   219  2.045182  0.14084670  6.91115923
   220  2.047683  0.12373980  6.77023703
   221  2.050183  0.10698206  6.63191717
   222  2.052684  0.09056703  6.49615074
   223  2.055185  0.07448838  6.36288977
   224  2.057686  0.05873992  6.23208724
   225  2.060187  0.04331555  6.10369705
   226  2.062688  0.02820928  5.97767401
   227  2.065188  0.01341527  5.85397380
   228  2.067689  -0.00107224  5.73255298
   229  2.070190  -0.01525891  5.61336895
   230  2.072691  -0.02915028  5.49637995
   231  2.075192  -0.04275177  5.38154503
   232  2.077693  -0.05606874  5.26882403
   233  2.080193  -0.06910641  5.15817758
   234  2.082694  -0.08186992  5.04956707
   235  2.085195  -0.09436433  4.94295465
   236  2.087696  -0.10659457  4.83830319
   237  2.090197  -0.11856551  4.73557629
   238  2.092698  -0.13028192  4.63473825
   239  2.095198  -0.14174848  4.53575406
   240  2.097699  -0.15296977  4.43858938
   241  2.100200  -0.16395031  4.34321055
   242  2.102701  -0.17469453  4.24958453
   243  2.105202  -0.18520675  4.15767896
   244  2.107703  -0.19549126  4.06746206
   245  2.110203  -0.20555223  3.97890268
   246  2.112704  -0.21539376  3.89197027
   247  2.115205  -0.22501990  3.80663485
   248  2.117706  -0.23443459  3.72286704
   249  2.120207  -0.24364172  3.64063800
   250  2.122708  -0.25264511  3.55991945
   251  2.125208  -0.26144849  3.48068366
   252  2.127709  -0.27005555  3.40290340
   253  2.130210  -0.27846987  3.32655200
   254  2.132711  -0.28669502  3.25160327
   255  2.135212  -0.29473446  3.17803151
   256  2.137713  -0.30259160  3.10581154
   257  2.140213  -0.31026980  3.03491864
   258  2.142714  -0.31777234  2.96532856
   259  2.145215  -0.32510245  2.89701751
   260  2.147716  -0.33226331  2.82996214
   261  2.150217  -0.33925801  2.76413957
   262  2.152718  -0.34608962  2.69952733
   263  2.155218  -0.35276114  2.63610338
   264  2.157719  -0.35927551  2.57384609
   265  2.160220  -0.36563562  2.51273425
   266  2.162721  -0.37184430  2.45274705
   267  2.165222  -0.37790436  2.39386405
   268  2.167723  -0.38381852  2.33606521
   269  2.170223  -0.38958947  2.27933087
   270  2.172724  -0.39521985  2.22364173
   271  2.175225  -0.40071224  2.16897887
   272  2.177726  -0.40606920  2.11532369
   273  2.180227  -0.41129321  2.06265797
   274  2.182728  -0.41638673  2.01096382
   275  2.185228  -0.42135218  1.96022367
   276  2.187729  -0.42619190  1.91042031
   277  2.190230  -0.43090823  1.86153681
   278  2.192731  -0.43550344  1.81355660
   279  2.195232  -0.43997978  1.76646337
   280  2.197733  -0.44433943  1.72024116
   281  2.200233  -0.44858456  1.67487427
   282  2.202734  -0.45271729  1.63034732
   283  2.205235  -0.45673971  1.58664519
   284  2.207736  -0.46065384  1.54375306
   285  2.210237  -0.46446171  1.50165637
   286  2.212738  -0.46816528  1.46034084
   287  2.215238  -0.47176649  1.41979245
   288  2.217739  -0.47526723  1.37999743
   289  2.220240  -0.47866939  1.34094228
   290  2.222741  -0.48197479  1.30261373
   291  2.225242  -0.48518523  1.26499878
   292  2.227743  -0.48830247  1.22808465
   293  2.230243  -0.49132827  1.19185880
   294  2.232744  -0.49426432  1.15630892
   295  2.235245  -0.49711230  1.12142291
   296  2.237746  -0.49987385  1.08718893
   297  2.240247  -0.50255059  1.05359533
   298  2.242748  -0.50514410  1.02063067
   299  2.245248  -0.50765596  0.98828373
   300  2.247749  -0.51008768  0.95654350
   301  2.250250  -0.51244077  0.92539915
   302  2.252751  -0.51471670  0.89484007
   303  2.255252  -0.51691694  0.86485583
   304  2.257753  -0.51904289  0.83543620
   305  2.260253  -0.52109597  0.80657112
   306  2.262754  -0.52307755  0.77825074
   307  2.265255  -0.52498897  0.75046535
   308  2.267756  -0.52683157  0.72320547
   309  2.270257  -0.52860663  0.69646173
   310  2.272758  -0.53031546  0.67022498
   311  2.275258  -0.53195929  0.64448621
   312  2.277759  -0.53353937  0.61923658
   313  2.280260  -0.53505691  0.59446741
   314  2.282761  -0.53651309  0.57017018
   315  2.285262  -0.53790910  0.54633651
   316  2.287763  -0.53924607  0.52295820
   317  2.290263  -0.54052513  0.50002716
   318  2.292764  -0.54174740  0.47753547
   319  2.295265  -0.54291396  0.45547536
   320  2.297766  -0.54402589  0.43383918
   321  2.300267  -0.54508423  0.41261942
   322  2.302768  -0.54609002  0.39180871
   323  2.305268  -0.54704426  0.37139982
   324  2.307769  -0.54794796  0.35138564
   325  2.310270  -0.54880210  0.33175919
   326  2.312771  -0.54960763  0.31251361
   327  2.315272  -0.55036550  0.29364217
   328  2.317773  -0.55107664  0.27513826
   329  2.320273  -0.55174195  0.25699538
   330  2.322774  -0.55236234  0.23920716
   331  2.325275  -0.55293868  0.22176733
   332  2.327776  -0.55347183  0.20466974
   333  2.330277  -0.55396265  0.18790835
   334  2.332778  -0.55441196  0.17147722
   335  2.335278  -0.55482059  0.15537052
   336  2.337779  -0.55518934  0.13958252
   337  2.340280  -0.55551900  0.12410761
   338  2.342781  -0.55581034  0.10894025
   339  2.345282  -0.55606413  0.09407503
   340  2.347783  -0.55628112  0.07950660
   341  2.350283  -0.55646204  0.06522974
   342  2.352784  -0.55660761  0.05123930
   343  2.355285  -0.55671856  0.03753024
   344  2.357786  -0.55679556  0.02409758
   345  2.360287  -0.55683931  0.01093646
   346  2.362788  -0.55685048  -0.00195792
   347  2.365288  -0.55682974  -0.01459026
   348  2.367789  -0.55677772  -0.02696517
   349  2.370290  -0.55669508  -0.03908720
   350  2.372791  -0.55658243  -0.05096081
   351  2.375292  -0.55644039  -0.06259038
   352  2.377793  -0.55626957  -0.07398022
   353  2.380293  -0.55607056  -0.08513454
   354  2.382794  -0.55584395  -0.09605751
   355  2.385295  -0.55559030  -0.10675320
   356  2.387796  -0.55531019  -0.11722563
   357  2.390297  -0.55500416  -0.12747873
   358  2.392798  -0.55467276  -0.13751637
   359  2.395298  -0.55431653  -0.14734236
   360  2.397799  -0.55393598  -0.15696043
   361  2.400300  -0.55353163  -0.16637425
   362  2.402801  -0.55310400  -0.17558742
   363  2.405302  -0.55265357  -0.18460350
   364  2.407803  -0.55218083  -0.19342595
   365  2.410303  -0.55168628  -0.20205820
   366  2.412804  -0.55117036  -0.21050361
   367  2.415305  -0.55063356  -0.21876547
   368  2.417806  -0.55007632  -0.22684705
   369  2.420307  -0.54949909  -0.23475151
   370  2.422808  -0.54890232  -0.24248200
   371  2.425308  -0.54828642  -0.25004159
   372  2.427809  -0.54765183  -0.25743331
   373  2.430310  -0.54699896  -0.26466012
   374  2.432811  -0.54632823  -0.27172495
   375  2.435312  -0.54564002  -0.27863066
   376  2.437813  -0.54493474  -0.28538008
   377  2.440313  -0.54421277  -0.29197597
   378  2.442814  -0.54347450  -0.29842106
   379  2.445315  -0.54272029  -0.30471801
   380  2.447816  -0.54195052  -0.31086947
   381  2.450317  -0.54116554  -0.31687801
   382  2.452818  -0.54036572  -0.32274617
   383  2.455318  -0.53955139  -0.32847644
   384  2.457819  -0.53872290  -0.33407129
   385  2.460320  -0.53788059  -0.33953310
   386  2.462821  -0.53702478  -0.34486426
   387  2.465322  -0.53615580  -0.35006708
   388  2.467823  -0.53527397  -0.35514386
   389  2.470323  -0.53437959  -0.36009684
   390  2.472824  -0.53347298  -0.36492823
   391  2.475325  -0.53255444  -0.36964020
   392  2.477826  -0.53162426  -0.37423488
   393  2.480327  -0.53068274  -0.37871436
   394  2.482828  -0.52973015  -0.38308071
   395  2.485328  -0.52876679  -0.38733595
   396  2.487829  -0.52779292  -0.39148207
   397  2.490330  -0.52680881  -0.39552102
   398  2.492831  -0.52581474  -0.39945473
   399  2.495332  -0.52481096  -0.40328508
   400  2.497833  -0.52379773  -0.40701393
   401  2.500333  -0.52277530  -0.41064311
   402  2.502834  -0.52174391  -0.41417440
   403  2.505335  -0.52070381  -0.41760957
   404  2.507836  -0.51965524  -0.42095034
   405  2.510337  -0.51859844  -0.42419843
   406  2.512838  -0.51753362  -0.42735551
   407  2.515338  -0.51646102  -0.43042321
   408  2.517839  -0.51538086  -0.43340315
   409  2.520340  -0.51429336  -0.43629693
   410  2.522841  -0.51319872  -0.43910610
   411  2.525342  -0.51209716  -0.44183220
   412  2.527843  -0.51098889  -0.44447674
   413  2.530343  -0.50987410  -0.44704119
   414  2.532844  -0.50875300  -0.44952701
   415  2.535345  -0.50762578  -0.45193565
   416  2.537846  -0.50649264  -0.45426849
   417  2.540347  -0.50535375  -0.45652693
   418  2.542848  -0.50420930  -0.45871233
   419  2.545348  -0.50305948  -0.46082603
   420  2.547849  -0.50190446  -0.46286933
   421  2.550350  -0.50074442  -0.46484352
   422  2.552851  -0.49957952  -0.46674989
   423  2.555352  -0.49840995  -0.46858966
   424  2.557853  -0.49723585  -0.47036408
   425  2.560353  -0.49605740  -0.47207434
   426  2.562854  -0.49487474  -0.47372164
   427  2.565355  -0.49368805  -0.47530713
   428  2.567856  -0.49249747  -0.47683196
   429  2.570357  -0.49130314  -0.47829725
   430  2.572858  -0.49010523  -0.47970411
   431  2.575358  -0.48890387  -0.48105363
   432  2.577859  -0.48769921  -0.48234687
   433  2.580360  -0.48649138  -0.48358490
   434  2.582861  -0.48528052  -0.48476873
   435  2.585362  -0.48406677  -0.48589938
   436  2.587863  -0.48285026  -0.48697785
   437  2.590363  -0.48163111  -0.48800512
   438  2.592864  -0.48040946  -0.48898216
   439  2.595365  -0.47918543  -0.48990991
   440  2.597866  -0.47795914  -0.49078930
   441  2.600367  -0.47673070  -0.49162126
   442  2.602868  -0.47550025  -0.49240666
   443  2.605368  -0.47426789  -0.49314642
   444  2.607869  -0.47303373  -0.49384138
   445  2.610370  -0.47179789  -0.49449241
   446  2.612871  -0.47056048  -0.49510035
   447  2.615372  -0.46932160  -0.49566602
   448  2.617873  -0.46808136  -0.49619023
   449  2.620373  -0.46683986  -0.49667379
   450  2.622874  -0.46559719  -0.49711747
   451  2.625375  -0.46435347  -0.49752204
   452  2.627876  -0.46310879  -0.49788827
   453  2.630377  -0.46186323  -0.49821690
   454  2.632878  -0.46061690  -0.49850866
   455  2.635378  -0.45936989  -0.49876428
   456  2.637879  -0.45812228  -0.49898445
   457  2.640380  -0.45687416  -0.49916987
   458  2.642881  -0.45562563  -0.49932123
   459  2.645382  -0.45437675  -0.49943920
   460  2.647883  -0.45312762  -0.49952444
   461  2.650383  -0.45187832  -0.49957760
   462  2.652884  -0.45062893  -0.49959931
   463  2.655385  -0.44937952  -0.49959020
   464  2.657886  -0.44813017  -0.49955090
   465  2.660387  -0.44688096  -0.49948200
   466  2.662888  -0.44563195  -0.49938411
   467  2.665388  -0.44438323  -0.49925780
   468  2.667889  -0.44313485  -0.49910365
   469  2.670390  -0.44188690  -0.49892223
   470  2.672891  -0.44063943  -0.49871410
   471  2.675392  -0.43939252  -0.49847979
   472  2.677893  -0.43814623  -0.49821985
   473  2.680393  -0.43690061  -0.49793481
   474  2.682894  -0.43565574  -0.49762518
   475  2.685395  -0.43441168  -0.49729148
   476  2.687896  -0.43316847  -0.49693420
   477  2.690397  -0.43192620  -0.49655384
   478  2.692898  -0.43068490  -0.49615089
   479  2.695398  -0.42944463  -0.49572581
   480  2.697899  -0.42820546  -0.49527908
   481  2.700400  -0.42696743  -0.49481115
   482  2.702901  -0.42573060  -0.49432248
   483  2.705402  -0.42449501  -0.49381352
   484  2.707903  -0.42326072  -0.49328469
   485  2.710403  -0.42202778  -0.49273644
   486  2.712904  -0.42079623  -0.49216917
   487  2.715405  -0.41956613  -0.49158331
   488  2.717906  -0.41833751  -0.49097925
   489  2.720407  -0.41711043  -0.49035741
   490  2.722908  -0.41588492  -0.48971818
   491  2.725408  -0.41466104  -0.48906194
   492  2.727909  -0.41343881  -0.48838907
   493  2.730410  -0.41221829  -0.48769995
   494  2.732911  -0.41099951  -0.48699493
   495  2.735412  -0.40978252  -0.48627440
   496  2.737913  -0.40856734  -0.48553869
   497  2.740413  -0.40735403  -0.48478815
   498  2.742914  -0.40614260  -0.48402314
   499  2.745415  -0.40493311  -0.48324398
   500  2.747916  -0.40372559  -0.48245100
   501  2.750417  -0.40252007  -0.48164453
   502  2.752918  -0.40131658  -0.48082490
   503  2.755418  -0.40011515  -0.47999241
   504  2.757919  -0.39891582  -0.47914737
   505  2.760420  -0.39771863  -0.47829008
   506  2.762921  -0.39652359  -0.47742085
   507  2.765422  -0.39533074  -0.47653995
   508  2.767923  -0.39414010  -0.47564770
   509  2.770423  -0.39295171  -0.47474435
   510  2.772924  -0.39176560  -0.47383020
   511  2.775425  -0.39058178  -0.47290551
   512  2.777926  -0.38940029  -0.47197055
   513  2.780427  -0.38822115  -0.47102559
   514  2.782928  -0.38704438  -0.47007088
   515  2.785428  -0.38587002  -0.46910668
   516  2.787929  -0.38469808  -0.46813324
   517  2.790430  -0.38352858  -0.46715080
   518  2.792931  -0.38236155  -0.46615960
   519  2.795432  -0.38119701  -0.46515989
   520  2.797933  -0.38003498  -0.46415188
   521  2.800433  -0.37887549  -0.46313582
   522  2.802934  -0.37771854  -0.46211192
   523  2.805435  -0.37656416  -0.46108040
   524  2.807936  -0.37541237  -0.46004149
   525  2.810437  -0.37426319  -0.45899539
   526  2.812938  -0.37311664  -0.45794232
   527  2.815438  -0.37197272  -0.45688247
   528  2.817939  -0.37083147  -0.45581606
   529  2.820440  -0.36969289  -0.45474327
   530  2.822941  -0.36855700  -0.45366431
   531  2.825442  -0.36742382  -0.45257936
   532  2.827943  -0.36629335  -0.45148861
   533  2.830443  -0.36516562  -0.45039224
   534  2.832944  -0.36404065  -0.44929044
   535  2.835445  -0.36291843  -0.44818339
   536  2.837946  -0.36179899  -0.44707125
   537  2.840447  -0.36068233  -0.44595420
   538  2.842948  -0.35956847  -0.44483242
   539  2.845448  -0.35845743  -0.44370605
   540  2.847949  -0.35734921  -0.44257527
   541  2.850450  -0.35624382  -0.44144023
   542  2.852951  -0.35514127  -0.44030110
   543  2.855452  -0.35404158  -0.43915802
   544  2.857953  -0.35294476  -0.43801114
   545  2.860453  -0.35185080  -0.43686062
   546  2.862954  -0.35075973  -0.43570660
   547  2.865455  -0.34967154  -0.43454922
   548  2.867956  -0.34858626  -0.43338862
   549  2.870457  -0.34750388  -0.43222494
   550  2.872958  -0.34642442  -0.43105831
   551  2.875458  -0.34534787  -0.42988887
   552  2.877959  -0.34427426  -0.42871675
   553  2.880460  -0.34320358  -0.42754207
   554  2.882961  -0.34213584  -0.42636496
   555  2.885462  -0.34107104  -0.42518554
   556  2.887963  -0.34000920  -0.42400394
   557  2.890463  -0.33895032  -0.42282026
   558  2.892964  -0.33789440  -0.42163464
   559  2.895465  -0.33684144  -0.42044717
   560  2.897966  -0.33579146  -0.41925799
   561  2.900467  -0.33474446  -0.41806718
   562  2.902968  -0.33370043  -0.41687486
   563  2.905468  -0.33265939  -0.41568115
   564  2.907969  -0.33162133  -0.41448613
   565  2.910470  -0.33058627  -0.41328992
   566  2.912971  -0.32955419  -0.41209260
   567  2.915472  -0.32852512  -0.41089429
   568  2.917973  -0.32749904  -0.40969508
   569  2.920473  -0.32647596  -0.40849505
   570  2.922974  -0.32545588  -0.40729431
   571  2.925475  -0.32443881  -0.40609294
   572  2.927976  -0.32342474  -0.40489103
   573  2.930477  -0.32241368  -0.40368868
   574  2.932978  -0.32140563  -0.40248595
   575  2.935478  -0.32040058  -0.40128295
   576  2.937979  -0.31939854  -0.40007975
   577  2.940480  -0.31839951  -0.39887642
   578  2.942981  -0.31740350  -0.39767306
   579  2.945482  -0.31641049  -0.39646974
   580  2.947983  -0.31542049  -0.39526653
   581  2.950483  -0.31443349  -0.39406351
   582  2.952984  -0.31344951  -0.39286075
   583  2.955485  -0.31246853  -0.39165832
   584  2.957986  -0.31149057  -0.39045629
   585  2.960487  -0.31051560  -0.38925473
   586  2.962988  -0.30954364  -0.38805372
   587  2.965488  -0.30857469  -0.38685330
   588  2.967989  -0.30760873  -0.38565356
   589  2.970490  -0.30664577  -0.38445454
   590  2.972991  -0.30568582  -0.38325632
   591  2.975492  -0.30472885  -0.38205896
   592  2.977993  -0.30377488  -0.38086251
   593  2.980493  -0.30282390  -0.37966702
   594  2.982994  -0.30187591  -0.37847257
   595  2.985495  -0.30093091  -0.37727921
   596  2.987996  -0.29998889  -0.37608698
   597  2.990497  -0.29904985  -0.37489594
   598  2.992998  -0.29811378  -0.37370615
   599  2.995498  -0.29718069  -0.37251765
   600  2.997999  -0.29625057  -0.37133051
   601  3.000500  -0.29532342  -0.37014475
   602  3.003001  -0.29439923  -0.36896044
   603  3.005502  -0.29347800  -0.36777762
   604  3.008003  -0.29255973  -0.36659633
   605  3.010504  -0.29164441  -0.36541663
   606  3.013004  -0.29073203  -0.36423855
   607  3.015505  -0.28982261  -0.36306214
   608  3.018006  -0.28891612  -0.36188744
   609  3.020507  -0.28801256  -0.36071448
   610  3.023008  -0.28711194  -0.35954332
   611  3.025509  -0.28621425  -0.35837399
   612  3.028009  -0.28531947  -0.35720653
   613  3.030510  -0.28442762  -0.35604097
   614  3.033011  -0.28353867  -0.35487736
   615  3.035512  -0.28265264  -0.35371573
   616  3.038013  -0.28176950  -0.35255610
   617  3.040514  -0.28088927  -0.35139853
   618  3.043014  -0.28001192  -0.35024303
   619  3.045515  -0.27913747  -0.34908965
   620  3.048016  -0.27826589  -0.34793842
   621  3.050517  -0.27739719  -0.34678936
   622  3.053018  -0.27653136  -0.34564250
   623  3.055519  -0.27566840  -0.34449788
   624  3.058019  -0.27480830  -0.34335553
   625  3.060520  -0.27395105  -0.34221546
   626  3.063021  -0.27309665  -0.34107772
   627  3.065522  -0.27224509  -0.33994232
   628  3.068023  -0.27139637  -0.33880930
   629  3.070524  -0.27055048  -0.33767867
   630  3.073024  -0.26970741  -0.33655047
   631  3.075525  -0.26886716  -0.33542471
   632  3.078026  -0.26802972  -0.33430142
   633  3.080527  -0.26719509  -0.33318062
   634  3.083028  -0.26636326  -0.33206234
   635  3.085529  -0.26553423  -0.33094659
   636  3.088029  -0.26470798  -0.32983341
   637  3.090530  -0.26388451  -0.32872279
   638  3.093031  -0.26306381  -0.32761478
   639  3.095532  -0.26224589  -0.32650938
   640  3.098033  -0.26143072  -0.32540662
   641  3.100534  -0.26061831  -0.32430651
   642  3.103034  -0.25980864  -0.32320907
   643  3.105535  -0.25900172  -0.32211432
   644  3.108036  -0.25819753  -0.32102227
   645  3.110537  -0.25739607  -0.31993295
   646  3.113038  -0.25659733  -0.31884636
   647  3.115539  -0.25580131  -0.31776252
   648  3.118039  -0.25500799  -0.31668145
   649  3.120540  -0.25421737  -0.31560315
   650  3.123041  -0.25342944  -0.31452766
   651  3.125542  -0.25264420  -0.31345497
   652  3.128043  -0.25186164  -0.31238510
   653  3.130544  -0.25108176  -0.31131806
   654  3.133044  -0.25030453  -0.31025386
   655  3.135545  -0.24952997  -0.30919253
   656  3.138046  -0.24875805  -0.30813405
   657  3.140547  -0.24798878  -0.30707846
   658  3.143048  -0.24722214  -0.30602576
   659  3.145549  -0.24645814  -0.30497595
   660  3.148049  -0.24569675  -0.30392905
   661  3.150550  -0.24493798  -0.30288506
   662  3.153051  -0.24418182  -0.30184401
   663  3.155552  -0.24342826  -0.30080588
   664  3.158053  -0.24267729  -0.29977070
   665  3.160554  -0.24192890  -0.29873847
   666  3.163054  -0.24118309  -0.29770919
   667  3.165555  -0.24043986  -0.29668288
   668  3.168056  -0.23969918  -0.29565954
   669  3.170557  -0.23896106  -0.29463917
   670  3.173058  -0.23822549  -0.29362179
   671  3.175559  -0.23749246  -0.29260740
   672  3.178059  -0.23676197  -0.29159600
   673  3.180560  -0.23603400  -0.29058760
   674  3.183061  -0.23530854  -0.28958220
   675  3.185562  -0.23458560  -0.28857982
   676  3.188063  -0.23386516  -0.28758044
   677  3.190564  -0.23314721  -0.28658409
   678  3.193064  -0.23243176  -0.28559075
   679  3.195565  -0.23171878  -0.28460044
   680  3.198066  -0.23100828  -0.28361315
   681  3.200567  -0.23030024  -0.28262890
   682  3.203068  -0.22959466  -0.28164767
   683  3.205569  -0.22889153  -0.28066948
   684  3.208069  -0.22819084  -0.27969433
   685  3.210570  -0.22749259  -0.27872222
   686  3.213071  -0.22679676  -0.27775315
   687  3.215572  -0.22610336  -0.27678712
   688  3.218073  -0.22541236  -0.27582413
   689  3.220574  -0.22472378  -0.27486419
   690  3.223074  -0.22403758  -0.27390730
   691  3.225575  -0.22335378  -0.27295345
   692  3.228076  -0.22267236  -0.27200264
   693  3.230577  -0.22199331  -0.27105488
   694  3.233078  -0.22131663  -0.27011017
   695  3.235579  -0.22064231  -0.26916850
   696  3.238079  -0.21997034  -0.26822988
   697  3.240580  -0.21930071  -0.26729430
   698  3.243081  -0.21863342  -0.26636176
   699  3.245582  -0.21796845  -0.26543227
   700  3.248083  -0.21730581  -0.26450582
   701  3.250584  -0.21664548  -0.26358241
   702  3.253084  -0.21598746  -0.26266204
   703  3.255585  -0.21533173  -0.26174470
   704  3.258086  -0.21467829  -0.26083040
   705  3.260587  -0.21402714  -0.25991913
   706  3.263088  -0.21337826  -0.25901089
   707  3.265589  -0.21273165  -0.25810568
   708  3.268089  -0.21208730  -0.25720350
   709  3.270590  -0.21144520  -0.25630434
   710  3.273091  -0.21080535  -0.25540820
   711  3.275592  -0.21016773  -0.25451507
   712  3.278093  -0.20953235  -0.25362496
   713  3.280594  -0.20889918  -0.25273786
   714  3.283094  -0.20826823  -0.25185377
   715  3.285595  -0.20763949  -0.25097268
   716  3.288096  -0.20701295  -0.25009459
   717  3.290597  -0.20638860  -0.24921949
   718  3.293098  -0.20576643  -0.24834739
   719  3.295599  -0.20514645  -0.24747828
   720  3.298099  -0.20452863  -0.24661215
   721  3.300600  -0.20391297  -0.24574901
   722  3.303101  -0.20329947  -0.24488883
   723  3.305602  -0.20268812  -0.24403163
   724  3.308103  -0.20207890  -0.24317740
   725  3.310604  -0.20147182  -0.24232613
   726  3.313104  -0.20086687  -0.24147781
   727  3.315605  -0.20026403  -0.24063245
   728  3.318106  -0.19966330  -0.23979003
   729  3.320607  -0.19906467  -0.23895056
   730  3.323108  -0.19846815  -0.23811402
   731  3.325609  -0.19787371  -0.23728041
   732  3.328109  -0.19728135  -0.23644973
   733  3.330610  -0.19669106  -0.23562198
   734  3.333111  -0.19610284  -0.23479713
   735  3.335612  -0.19551668  -0.23397520
   736  3.338113  -0.19493257  -0.23315617
   737  3.340614  -0.19435051  -0.23234004
   738  3.343114  -0.19377048  -0.23152680
   739  3.345615  -0.19319249  -0.23071645
   740  3.348116  -0.19261651  -0.22990897
   741  3.350617  -0.19204256  -0.22910437
   742  3.353118  -0.19147061  -0.22830264
   743  3.355619  -0.19090066  -0.22750378
   744  3.358119  -0.19033271  -0.22670776
   745  3.360620  -0.18976674  -0.22591460
   746  3.363121  -0.18920275  -0.22512428
   747  3.365622  -0.18864074  -0.22433679
   748  3.368123  -0.18808069  -0.22355214
   749  3.370624  -0.18752261  -0.22277031
   750  3.373124  -0.18696647  -0.22199129
   751  3.375625  -0.18641228  -0.22121509
   752  3.378126  -0.18586002  -0.22044168
   753  3.380627  -0.18530970  -0.21967108
   754  3.383128  -0.18476130  -0.21890326
   755  3.385629  -0.18421481  -0.21813823
   756  3.388129  -0.18367024  -0.21737597
   757  3.390630  -0.18312757  -0.21661648
   758  3.393131  -0.18258679  -0.21585975
   759  3.395632  -0.18204791  -0.21510578
   760  3.398133  -0.18151091  -0.21435455
   761  3.400634  -0.18097578  -0.21360606
   762  3.403134  -0.18044252  -0.21286031
   763  3.405635  -0.17991112  -0.21211728
   764  3.408136  -0.17938157  -0.21137696
   765  3.410637  -0.17885388  -0.21063936
   766  3.413138  -0.17832802  -0.20990447
   767  3.415639  -0.17780400  -0.20917227
   768  3.418139  -0.17728181  -0.20844275
   769  3.420640  -0.17676144  -0.20771592
   770  3.423141  -0.17624288  -0.20699177
   771  3.425642  -0.17572613  -0.20627028
   772  3.428143  -0.17521119  -0.20555144
   773  3.430644  -0.17469803  -0.20483526
   774  3.433144  -0.17418667  -0.20412172
   775  3.435645  -0.17367708  -0.20341082
   776  3.438146  -0.17316927  -0.20270254
   777  3.440647  -0.17266323  -0.20199689
   778  3.443148  -0.17215895  -0.20129385
   779  3.445649  -0.17165642  -0.20059341
   780  3.448149  -0.17115564  -0.19989557
   781  3.450650  -0.17065661  -0.19920032
   782  3.453151  -0.17015931  -0.19850765
   783  3.455652  -0.16966374  -0.19781756
   784  3.458153  -0.16916989  -0.19713003
   785  3.460654  -0.16867776  -0.19644506
   786  3.463154  -0.16818733  -0.19576264
   787  3.465655  -0.16769861  -0.19508276
   788  3.468156  -0.16721159  -0.19440542
   789  3.470657  -0.16672626  -0.19373060
   790  3.473158  -0.16624261  -0.19305831
   791  3.475659  -0.16576064  -0.19238852
   792  3.478159  -0.16528035  -0.19172124
   793  3.480660  -0.16480172  -0.19105645
   794  3.483161  -0.16432475  -0.19039415
   795  3.485662  -0.16384943  -0.18973432
   796  3.488163  -0.16337576  -0.18907697
   797  3.490664  -0.16290372  -0.18842209
   798  3.493164  -0.16243333  -0.18776965
   799  3.495665  -0.16196456  -0.18711967
   800  3.498166  -0.16149742  -0.18647212
   801  3.500667  -0.16103189  -0.18582701
   802  3.503168  -0.16056797  -0.18518431
   803  3.505669  -0.16010566  -0.18454404
   804  3.508169  -0.15964494  -0.18390617
   805  3.510670  -0.15918582  -0.18327070
   806  3.513171  -0.15872828  -0.18263762
   807  3.515672  -0.15827232  -0.18200693
   808  3.518173  -0.15781794  -0.18137861
   809  3.520674  -0.15736512  -0.18075265
   810  3.523174  -0.15691387  -0.18012906
   811  3.525675  -0.15646418  -0.17950782
   812  3.528176  -0.15601603  -0.17888892
   813  3.530677  -0.15556943  -0.17827236
   814  3.533178  -0.15512437  -0.17765812
   815  3.535679  -0.15468084  -0.17704621
   816  3.538179  -0.15423884  -0.17643660
   817  3.540680  -0.15379836  -0.17582930
   818  3.543181  -0.15335940  -0.17522430
   819  3.545682  -0.15292195  -0.17462158
   820  3.548183  -0.15248600  -0.17402114
   821  3.550684  -0.15205155  -0.17342297
   822  3.553184  -0.15161859  -0.17282707
   823  3.555685  -0.15118712  -0.17223342
   824  3.558186  -0.15075714  -0.17164202
   825  3.560687  -0.15032863  -0.17105286
   826  3.563188  -0.14990159  -0.17046593
   827  3.565689  -0.14947601  -0.16988123
   828  3.568189  -0.14905190  -0.16929874
   829  3.570690  -0.14862923  -0.16871846
   830  3.573191  -0.14820802  -0.16814038
   831  3.575692  -0.14778825  -0.16756450
   832  3.578193  -0.14736992  -0.16699080
   833  3.580694  -0.14695301  -0.16641927
   834  3.583194  -0.14653754  -0.16584991
   835  3.585695  -0.14612349  -0.16528272
   836  3.588196  -0.14571085  -0.16471768
   837  3.590697  -0.14529962  -0.16415478
   838  3.593198  -0.14488980  -0.16359402
   839  3.595699  -0.14448138  -0.16303539
   840  3.598199  -0.14407435  -0.16247889
   841  3.600700  -0.14366871  -0.16192450
   842  3.603201  -0.14326446  -0.16137221
   843  3.605702  -0.14286158  -0.16082202
   844  3.608203  -0.14246008  -0.16027393
   845  3.610704  -0.14205994  -0.15972792
   846  3.613204  -0.14166117  -0.15918398
   847  3.615705  -0.14126375  -0.15864211
   848  3.618206  -0.14086769  -0.15810231
   849  3.620707  -0.14047298  -0.15756455
   850  3.623208  -0.14007960  -0.15702885
   851  3.625709  -0.13968757  -0.15649518
   852  3.628209  -0.13929687  -0.15596353
   853  3.630710  -0.13890749  -0.15543392
   854  3.633211  -0.13851943  -0.15490631
   855  3.635712  -0.13813270  -0.15438072
   856  3.638213  -0.13774727  -0.15385712
   857  3.640714  -0.13736315  -0.15333552
   858  3.643214  -0.13698034  -0.15281590
   859  3.645715  -0.13659882  -0.15229826
   860  3.648216  -0.13621859  -0.15178259
   861  3.650717  -0.13583965  -0.15126888
   862  3.653218  -0.13546199  -0.15075713
   863  3.655719  -0.13508561  -0.15024732
   864  3.658219  -0.13471050  -0.14973945
   865  3.660720  -0.13433666  -0.14923352
   866  3.663221  -0.13396409  -0.14872952
   867  3.665722  -0.13359277  -0.14822743
   868  3.668223  -0.13322270  -0.14772725
   869  3.670724  -0.13285388  -0.14722898
   870  3.673224  -0.13248631  -0.14673260
   871  3.675725  -0.13211997  -0.14623811
   872  3.678226  -0.13175487  -0.14574550
   873  3.680727  -0.13139100  -0.14525477
   874  3.683228  -0.13102835  -0.14476591
   875  3.685729  -0.13066693  -0.14427890
   876  3.688229  -0.13030672  -0.14379375
   877  3.690730  -0.12994772  -0.14331045
   878  3.693231  -0.12958993  -0.14282898
   879  3.695732  -0.12923333  -0.14234935
   880  3.698233  -0.12887794  -0.14187154
   881  3.700734  -0.12852374  -0.14139554
   882  3.703234  -0.12817072  -0.14092136
   883  3.705735  -0.12781889  -0.14044898
   884  3.708236  -0.12746824  -0.13997840
   885  3.710737  -0.12711877  -0.13950961
   886  3.713238  -0.12677046  -0.13904260
   887  3.715739  -0.12642332  -0.13857737
   888  3.718239  -0.12607734  -0.13811390
   889  3.720740  -0.12573252  -0.13765220
   890  3.723241  -0.12538885  -0.13719225
   891  3.725742  -0.12504633  -0.13673405
   892  3.728243  -0.12470495  -0.13627759
   893  3.730744  -0.12436471  -0.13582287
   894  3.733244  -0.12402561  -0.13536987
   895  3.735745  -0.12368764  -0.13491859
   896  3.738246  -0.12335079  -0.13446903
   897  3.740747  -0.12301506  -0.13402118
   898  3.743248  -0.12268046  -0.13357502
   899  3.745749  -0.12234697  -0.13313056
   900  3.748249  -0.12201458  -0.13268779
   901  3.750750  -0.12168330  -0.13224670
   902  3.753251  -0.12135313  -0.13180728
   903  3.755752  -0.12102405  -0.13136953
   904  3.758253  -0.12069606  -0.13093344
   905  3.760754  -0.12036916  -0.13049900
   906  3.763254  -0.12004334  -0.13006622
   907  3.765755  -0.11971861  -0.12963507
   908  3.768256  -0.11939495  -0.12920556
   909  3.770757  -0.11907237  -0.12877767
   910  3.773258  -0.11875085  -0.12835141
   911  3.775759  -0.11843039  -0.12792676
   912  3.778259  -0.11811100  -0.12750373
   913  3.780760  -0.11779266  -0.12708229
   914  3.783261  -0.11747537  -0.12666245
   915  3.785762  -0.11715914  -0.12624420
   916  3.788263  -0.11684394  -0.12582754
   917  3.790764  -0.11652979  -0.12541245
   918  3.793264  -0.11621667  -0.12499893
   919  3.795765  -0.11590458  -0.12458698
   920  3.798266  -0.11559353  -0.12417658
   921  3.800767  -0.11528349  -0.12376774
   922  3.803268  -0.11497448  -0.12336044
   923  3.805769  -0.11466648  -0.12295469
   924  3.808269  -0.11435950  -0.12255047
   925  3.810770  -0.11405352  -0.12214777
   926  3.813271  -0.11374856  -0.12174660
   927  3.815772  -0.11344459  -0.12134694
   928  3.818273  -0.11314162  -0.12094879
   929  3.820774  -0.11283964  -0.12055214
   930  3.823274  -0.11253865  -0.12015699
   931  3.825775  -0.11223865  -0.11976333
   932  3.828276  -0.11193964  -0.11937116
   933  3.830777  -0.11164160  -0.11898047
   934  3.833278  -0.11134453  -0.11859125
   935  3.835779  -0.11104844  -0.11820349
   936  3.838279  -0.11075332  -0.11781720
   937  3.840780  -0.11045916  -0.11743236
   938  3.843281  -0.11016596  -0.11704898
   939  3.845782  -0.10987372  -0.11666704
   940  3.848283  -0.10958243  -0.11628653
   941  3.850784  -0.10929209  -0.11590746
   942  3.853284  -0.10900270  -0.11552981
   943  3.855785  -0.10871425  -0.11515359
   944  3.858286  -0.10842674  -0.11477878
   945  3.860787  -0.10814016  -0.11440538
   946  3.863288  -0.10785452  -0.11403338
   947  3.865789  -0.10756980  -0.11366278
   948  3.868289  -0.10728601  -0.11329358
   949  3.870790  -0.10700314  -0.11292576
   950  3.873291  -0.10672119  -0.11255932
   951  3.875792  -0.10644016  -0.11219426
   952  3.878293  -0.10616004  -0.11183057
   953  3.880794  -0.10588082  -0.11146824
   954  3.883294  -0.10560251  -0.11110727
   955  3.885795  -0.10532510  -0.11074765
   956  3.888296  -0.10504858  -0.11038938
   957  3.890797  -0.10477296  -0.11003246
   958  3.893298  -0.10449824  -0.10967687
   959  3.895799  -0.10422440  -0.10932261
   960  3.898299  -0.10395144  -0.10896968
   961  3.900800  -0.10367936  -0.10861808
   962  3.903301  -0.10340817  -0.10826778
   963  3.905802  -0.10313784  -0.10791880
   964  3.908303  -0.10286839  -0.10757112
   965  3.910804  -0.10259981  -0.10722474
   966  3.913304  -0.10233209  -0.10687966
   967  3.915805  -0.10206523  -0.10653586
   968  3.918306  -0.10179923  -0.10619335
   969  3.920807  -0.10153409  -0.10585212
   970  3.923308  -0.10126979  -0.10551216
   971  3.925809  -0.10100635  -0.10517347
   972  3.928309  -0.10074375  -0.10483604
   973  3.930810  -0.10048199  -0.10449988
   974  3.933311  -0.10022107  -0.10416496
   975  3.935812  -0.09996099  -0.10383129
   976  3.938313  -0.09970174  -0.10349887
   977  3.940814  -0.09944332  -0.10316768
   978  3.943314  -0.09918573  -0.10283773
   979  3.945815  -0.09892896  -0.10250900
   980  3.948316  -0.09867302  -0.10218150
   981  3.950817  -0.09841788  -0.10185521
   982  3.953318  -0.09816357  -0.10153014
   983  3.955819  -0.09791006  -0.10120627
   984  3.958319  -0.09765737  -0.10088361
   985  3.960820  -0.09740548  -0.10056215
   986  3.963321  -0.09715439  -0.10024188
   987  3.965822  -0.09690410  -0.09992279
   988  3.968323  -0.09665461  -0.09960490
   989  3.970824  -0.09640591  -0.09928818
   990  3.973324  -0.09615800  -0.09897263
   991  3.975825  -0.09591088  -0.09865826
   992  3.978326  -0.09566454  -0.09834504
   993  3.980827  -0.09541899  -0.09803299
   994  3.983328  -0.09517421  -0.09772210
   995  3.985829  -0.09493021  -0.09741235
   996  3.988329  -0.09468699  -0.09710375
   997  3.990830  -0.09444453  -0.09679629
   998  3.993331  -0.09420284  -0.09648997
   999  3.995832  -0.09396192  -0.09618478
  1000  3.998333  -0.09372176  -0.09588071
  1001  4.000834  -0.09348236  -0.09557777
  1002  4.003334  -0.09324371  -0.09527595
  1003  4.005835  -0.09300582  -0.09497524
  1004  4.008336  -0.09276867  -0.09467564
  1005  4.010837  -0.09253228  -0.09437714
  1006  4.013338  -0.09229663  -0.09407975
  1007  4.015839  -0.09206172  -0.09378345
  1008  4.018339  -0.09182756  -0.09348824
  1009  4.020840  -0.09159413  -0.09319411
  1010  4.023341  -0.09136143  -0.09290107
  1011  4.025842  -0.09112946  -0.09260911
  1012  4.028343  -0.09089823  -0.09231822
  1013  4.030844  -0.09066772  -0.09202840
  1014  4.033344  -0.09043793  -0.09173965
  1015  4.035845  -0.09020887  -0.09145195
  1016  4.038346  -0.08998052  -0.09116531
  1017  4.040847  -0.08975289  -0.09087973
  1018  4.043348  -0.08952597  -0.09059519
  1019  4.045849  -0.08929976  -0.09031169
  1020  4.048349  -0.08907426  -0.09002924
  1021  4.050850  -0.08884946  -0.08974781
  1022  4.053351  -0.08862537  -0.08946742
  1023  4.055852  -0.08840197  -0.08918806
  1024  4.058353  -0.08817928  -0.08890972
  1025  4.060854  -0.08795728  -0.08863239
  1026  4.063354  -0.08773597  -0.08835608
  1027  4.065855  -0.08751535  -0.08808078
  1028  4.068356  -0.08729542  -0.08780649
  1029  4.070857  -0.08707617  -0.08753320
  1030  4.073358  -0.08685760  -0.08726090
  1031  4.075859  -0.08663972  -0.08698960
  1032  4.078359  -0.08642251  -0.08671929
  1033  4.080860  -0.08620598  -0.08644996
  1034  4.083361  -0.08599011  -0.08618162
  1035  4.085862  -0.08577492  -0.08591425
  1036  4.088363  -0.08556040  -0.08564786
  1037  4.090864  -0.08534654  -0.08538244
  1038  4.093364  -0.08513334  -0.08511798
  1039  4.095865  -0.08492081  -0.08485448
  1040  4.098366  -0.08470893  -0.08459195
  1041  4.100867  -0.08449771  -0.08433036
  1042  4.103368  -0.08428714  -0.08406973
  1043  4.105869  -0.08407722  -0.08381004
  1044  4.108369  -0.08386795  -0.08355130
  1045  4.110870  -0.08365932  -0.08329349
  1046  4.113371  -0.08345134  -0.08303662
  1047  4.115872  -0.08324400  -0.08278068
  1048  4.118373  -0.08303730  -0.08252567
  1049  4.120874  -0.08283123  -0.08227158
  1050  4.123374  -0.08262580  -0.08201841
  1051  4.125875  -0.08242100  -0.08176616
  1052  4.128376  -0.08221683  -0.08151482
  1053  4.130877  -0.08201329  -0.08126439
  1054  4.133378  -0.08181037  -0.08101486
  1055  4.135879  -0.08160808  -0.08076624
  1056  4.138379  -0.08140641  -0.08051851
  1057  4.140880  -0.08120535  -0.08027168
  1058  4.143381  -0.08100491  -0.08002574
  1059  4.145882  -0.08080509  -0.07978068
  1060  4.148383  -0.08060588  -0.07953651
  1061  4.150884  -0.08040727  -0.07929322
  1062  4.153384  -0.08020928  -0.07905080
  1063  4.155885  -0.08001189  -0.07880926
  1064  4.158386  -0.07981510  -0.07856859
  1065  4.160887  -0.07961891  -0.07832878
  1066  4.163388  -0.07942332  -0.07808984
  1067  4.165889  -0.07922833  -0.07785175
  1068  4.168389  -0.07903394  -0.07761452
  1069  4.170890  -0.07884013  -0.07737814
  1070  4.173391  -0.07864692  -0.07714261
  1071  4.175892  -0.07845429  -0.07690792
  1072  4.178393  -0.07826225  -0.07667408
  1073  4.180894  -0.07807079  -0.07644107
  1074  4.183394  -0.07787991  -0.07620890
  1075  4.185895  -0.07768962  -0.07597756
  1076  4.188396  -0.07749990  -0.07574705
  1077  4.190897  -0.07731075  -0.07551736
  1078  4.193398  -0.07712218  -0.07528849
  1079  4.195899  -0.07693419  -0.07506045
  1080  4.198399  -0.07674676  -0.07483321
  1081  4.200900  -0.07655989  -0.07460679
  1082  4.203401  -0.07637360  -0.07438118
  1083  4.205902  -0.07618786  -0.07415637
  1084  4.208403  -0.07600269  -0.07393237
  1085  4.210904  -0.07581808  -0.07370916
  1086  4.213404  -0.07563402  -0.07348675
  1087  4.215905  -0.07545052  -0.07326513
  1088  4.218406  -0.07526757  -0.07304430
  1089  4.220907  -0.07508518  -0.07282425
  1090  4.223408  -0.07490333  -0.07260499
  1091  4.225909  -0.07472203  -0.07238651
  1092  4.228409  -0.07454128  -0.07216880
  1093  4.230910  -0.07436107  -0.07195187
  1094  4.233411  -0.07418140  -0.07173571
  1095  4.235912  -0.07400227  -0.07152031
  1096  4.238413  -0.07382367  -0.07130568
  1097  4.240914  -0.07364562  -0.07109181
  1098  4.243414  -0.07346810  -0.07087870
  1099  4.245915  -0.07329111  -0.07066634
  1100  4.248416  -0.07311465  -0.07045474
  1101  4.250917  -0.07293871  -0.07024388
  1102  4.253418  -0.07276331  -0.07003377
  1103  4.255919  -0.07258843  -0.06982441
  1104  4.258419  -0.07241407  -0.06961578
  1105  4.260920  -0.07224023  -0.06940789
  1106  4.263421  -0.07206691  -0.06920074
  1107  4.265922  -0.07189411  -0.06899431
  1108  4.268423  -0.07172183  -0.06878862
  1109  4.270924  -0.07155005  -0.06858364
  1110  4.273424  -0.07137879  -0.06837940
  1111  4.275925  -0.07120804  -0.06817587
  1112  4.278426  -0.07103780  -0.06797306
  1113  4.280927  -0.07086806  -0.06777096
  1114  4.283428  -0.07069883  -0.06756957
  1115  4.285929  -0.07053010  -0.06736889
  1116  4.288429  -0.07036187  -0.06716892
  1117  4.290930  -0.07019415  -0.06696965
  1118  4.293431  -0.07002691  -0.06677108
  1119  4.295932  -0.06986018  -0.06657320
  1120  4.298433  -0.06969394  -0.06637602
  1121  4.300934  -0.06952819  -0.06617953
  1122  4.303434  -0.06936293  -0.06598373
  1123  4.305935  -0.06919816  -0.06578862
  1124  4.308436  -0.06903387  -0.06559419
  1125  4.310937  -0.06887008  -0.06540044
  1126  4.313438  -0.06870676  -0.06520737
  1127  4.315939  -0.06854393  -0.06501497
  1128  4.318439  -0.06838158  -0.06482324
  1129  4.320940  -0.06821971  -0.06463219
  1130  4.323441  -0.06805831  -0.06444180
  1131  4.325942  -0.06789739  -0.06425208
  1132  4.328443  -0.06773694  -0.06406302
  1133  4.330944  -0.06757697  -0.06387461
  1134  4.333444  -0.06741746  -0.06368687
  1135  4.335945  -0.06725843  -0.06349978
  1136  4.338446  -0.06709986  -0.06331334
  1137  4.340947  -0.06694175  -0.06312755
  1138  4.343448  -0.06678411  -0.06294240
  1139  4.345949  -0.06662694  -0.06275790
  1140  4.348449  -0.06647022  -0.06257404
  1141  4.350950  -0.06631396  -0.06239082
  1142  4.353451  -0.06615816  -0.06220823
  1143  4.355952  -0.06600281  -0.06202628
  1144  4.358453  -0.06584792  -0.06184496
  1145  4.360954  -0.06569349  -0.06166427
  1146  4.363454  -0.06553950  -0.06148420
  1147  4.365955  -0.06538596  -0.06130476
  1148  4.368456  -0.06523287  -0.06112594
  1149  4.370957  -0.06508023  -0.06094774
  1150  4.373458  -0.06492803  -0.06077015
  1151  4.375959  -0.06477628  -0.06059318
  1152  4.378459  -0.06462496  -0.06041682
  1153  4.380960  -0.06447409  -0.06024107
  1154  4.383461  -0.06432366  -0.06006593
  1155  4.385962  -0.06417366  -0.05989139
  1156  4.388463  -0.06402410  -0.05971745
  1157  4.390964  -0.06387497  -0.05954411
  1158  4.393464  -0.06372628  -0.05937137
  1159  4.395965  -0.06357802  -0.05919923
  1160  4.398466  -0.06343019  -0.05902767
  1161  4.400967  -0.06328278  -0.05885671
  1162  4.403468  -0.06313580  -0.05868633
  1163  4.405969  -0.06298925  -0.05851654
  1164  4.408469  -0.06284312  -0.05834734
  1165  4.410970  -0.06269742  -0.05817871
  1166  4.413471  -0.06255213  -0.05801067
  1167  4.415972  -0.06240727  -0.05784320
  1168  4.418473  -0.06226282  -0.05767630
  1169  4.420974  -0.06211879  -0.05750998
  1170  4.423474  -0.06197517  -0.05734422
  1171  4.425975  -0.06183197  -0.05717904
  1172  4.428476  -0.06168918  -0.05701441
  1173  4.430977  -0.06154680  -0.05685036
  1174  4.433478  -0.06140483  -0.05668686
  1175  4.435979  -0.06126327  -0.05652392
  1176  4.438479  -0.06112212  -0.05636154
  1177  4.440980  -0.06098137  -0.05619971
  1178  4.443481  -0.06084103  -0.05603844
  1179  4.445982  -0.06070109  -0.05587771
  1180  4.448483  -0.06056155  -0.05571753
  1181  4.450984  -0.06042240  -0.05555790
  1182  4.453484  -0.06028366  -0.05539881
  1183  4.455985  -0.06014532  -0.05524027
  1184  4.458486  -0.06000737  -0.05508226
  1185  4.460987  -0.05986981  -0.05492479
  1186  4.463488  -0.05973265  -0.05476786
  1187  4.465989  -0.05959588  -0.05461146
  1188  4.468489  -0.05945950  -0.05445559
  1189  4.470990  -0.05932351  -0.05430024
  1190  4.473491  -0.05918791  -0.05414543
  1191  4.475992  -0.05905270  -0.05399114
  1192  4.478493  -0.05891787  -0.05383737
  1193  4.480994  -0.05878342  -0.05368413
  1194  4.483494  -0.05864936  -0.05353140
  1195  4.485995  -0.05851567  -0.05337919
  1196  4.488496  -0.05838237  -0.05322750
  1197  4.490997  -0.05824945  -0.05307632
  1198  4.493498  -0.05811690  -0.05292565
  1199  4.495999  -0.05798473  -0.05277548
  1200  4.498499  -0.05785293  -0.05262583
  1201  4.501000  -0.05772151  -0.05247668
  1202  4.503501  -0.05759046  -0.05232803
  1203  4.506002  -0.05745978  -0.05217989
  1204  4.508503  -0.05732948  -0.05203224
  1205  4.511004  -0.05719954  -0.05188509
  1206  4.513505  -0.05706996  -0.05173843
  1207  4.516005  -0.05694076  -0.05159227
  1208  4.518506  -0.05681192  -0.05144660
  1209  4.521007  -0.05668344  -0.05130142
  1210  4.523508  -0.05655532  -0.05115673
  1211  4.526009  -0.05642757  -0.05101253
  1212  4.528510  -0.05630017  -0.05086880
  1213  4.531010  -0.05617314  -0.05072556
  1214  4.533511  -0.05604646  -0.05058280
  1215  4.536012  -0.05592014  -0.05044052
  1216  4.538513  -0.05579417  -0.05029872
  1217  4.541014  -0.05566856  -0.05015739
  1218  4.543515  -0.05554330  -0.05001653
  1219  4.546015  -0.05541840  -0.04987614
  1220  4.548516  -0.05529384  -0.04973623
  1221  4.551017  -0.05516963  -0.04959678
  1222  4.553518  -0.05504577  -0.04945779
  1223  4.556019  -0.05492226  -0.04931927
  1224  4.558520  -0.05479909  -0.04918121
  1225  4.561020  -0.05467627  -0.04904362
  1226  4.563521  -0.05455379  -0.04890648
  1227  4.566022  -0.05443166  -0.04876980
  1228  4.568523  -0.05430986  -0.04863357
  1229  4.571024  -0.05418841  -0.04849780
  1230  4.573525  -0.05406729  -0.04836247
  1231  4.576025  -0.05394651  -0.04822760
  1232  4.578526  -0.05382607  -0.04809318
  1233  4.581027  -0.05370597  -0.04795920
  1234  4.583528  -0.05358620  -0.04782567
  1235  4.586029  -0.05346676  -0.04769258
  1236  4.588530  -0.05334765  -0.04755993
  1237  4.591030  -0.05322888  -0.04742772
  1238  4.593531  -0.05311044  -0.04729595
  1239  4.596032  -0.05299232  -0.04716462
  1240  4.598533  -0.05287453  -0.04703372
  1241  4.601034  -0.05275707  -0.04690326
  1242  4.603535  -0.05263994  -0.04677322
  1243  4.606035  -0.05252313  -0.04664362
  1244  4.608536  -0.05240664  -0.04651444
  1245  4.611037  -0.05229048  -0.04638569
  1246  4.613538  -0.05217464  -0.04625737
  1247  4.616039  -0.05205911  -0.04612946
  1248  4.618540  -0.05194391  -0.04600198
  1249  4.621040  -0.05182903  -0.04587492
  1250  4.623541  -0.05171446  -0.04574828
  1251  4.626042  -0.05160021  -0.04562206
  1252  4.628543  -0.05148627  -0.04549625
  1253  4.631044  -0.05137265  -0.04537085
  1254  4.633545  -0.05125934  -0.04524587
  1255  4.636045  -0.05114635  -0.04512130
  1256  4.638546  -0.05103366  -0.04499713
  1257  4.641047  -0.05092129  -0.04487338
  1258  4.643548  -0.05080922  -0.04475003
  1259  4.646049  -0.05069746  -0.04462708
  1260  4.648550  -0.05058601  -0.04450454
  1261  4.651050  -0.05047486  -0.04438240
  1262  4.653551  -0.05036402  -0.04426066
  1263  4.656052  -0.05025349  -0.04413931
  1264  4.658553  -0.05014325  -0.04401837
  1265  4.661054  -0.05003332  -0.04389782
  1266  4.663555  -0.04992369  -0.04377766
  1267  4.666055  -0.04981436  -0.04365790
  1268  4.668556  -0.04970533  -0.04353852
  1269  4.671057  -0.04959659  -0.04341954
  1270  4.673558  -0.04948816  -0.04330095
  1271  4.676059  -0.04938002  -0.04318274
  1272  4.678560  -0.04927217  -0.04306491
  1273  4.681060  -0.04916462  -0.04294747
  1274  4.683561  -0.04905736  -0.04283041
  1275  4.686062  -0.04895040  -0.04271374
  1276  4.688563  -0.04884372  -0.04259744
  1277  4.691064  -0.04873734  -0.04248152
  1278  4.693565  -0.04863124  -0.04236598
  1279  4.696065  -0.04852544  -0.04225081
  1280  4.698566  -0.04841992  -0.04213601
  1281  4.701067  -0.04831469  -0.04202159
  1282  4.703568  -0.04820974  -0.04190754
  1283  4.706069  -0.04810508  -0.04179386
  1284  4.708570  -0.04800070  -0.04168055
  1285  4.711070  -0.04789661  -0.04156760
  1286  4.713571  -0.04779279  -0.04145502
  1287  4.716072  -0.04768926  -0.04134280
  1288  4.718573  -0.04758601  -0.04123095
  1289  4.721074  -0.04748304  -0.04111946
  1290  4.723575  -0.04738034  -0.04100832
  1291  4.726075  -0.04727793  -0.04089755
  1292  4.728576  -0.04717579  -0.04078713
  1293  4.731077  -0.04707392  -0.04067707
  1294  4.733578  -0.04697233  -0.04056737
  1295  4.736079  -0.04687102  -0.04045801
  1296  4.738580  -0.04676998  -0.04034901
  1297  4.741080  -0.04666921  -0.04024036
  1298  4.743581  -0.04656871  -0.04013206
  1299  4.746082  -0.04646848  -0.04002411
  1300  4.748583  -0.04636852  -0.03991650
  1301  4.751084  -0.04626883  -0.03980924
  1302  4.753585  -0.04616941  -0.03970233
  1303  4.756085  -0.04607025  -0.03959576
  1304  4.758586  -0.04597136  -0.03948953
  1305  4.761087  -0.04587274  -0.03938364
  1306  4.763588  -0.04577438  -0.03927809
  1307  4.766089  -0.04567628  -0.03917287
  1308  4.768590  -0.04557845  -0.03906800
  1309  4.771090  -0.04548088  -0.03896346
  1310  4.773591  -0.04538356  -0.03885925
  1311  4.776092  -0.04528651  -0.03875538
  1312  4.778593  -0.04518972  -0.03865183
  1313  4.781094  -0.04509319  -0.03854862
  1314  4.783595  -0.04499692  -0.03844574
  1315  4.786095  -0.04490090  -0.03834319
  1316  4.788596  -0.04480514  -0.03824096
  1317  4.791097  -0.04470963  -0.03813906
  1318  4.793598  -0.04461438  -0.03803748
  1319  4.796099  -0.04451938  -0.03793623
  1320  4.798600  -0.04442463  -0.03783530
  1321  4.801100  -0.04433014  -0.03773469
  1322  4.803601  -0.04423589  -0.03763440
  1323  4.806102  -0.04414190  -0.03753443
  1324  4.808603  -0.04404816  -0.03743477
  1325  4.811104  -0.04395467  -0.03733544
  1326  4.813605  -0.04386142  -0.03723641
  1327  4.816105  -0.04376842  -0.03713770
  1328  4.818606  -0.04367567  -0.03703931
  1329  4.821107  -0.04358316  -0.03694122
  1330  4.823608  -0.04349090  -0.03684345
  1331  4.826109  -0.04339888  -0.03674599
  1332  4.828610  -0.04330711  -0.03664883
  1333  4.831110  -0.04321558  -0.03655198
  1334  4.833611  -0.04312429  -0.03645544
  1335  4.836112  -0.04303324  -0.03635920
  1336  4.838613  -0.04294243  -0.03626327
  1337  4.841114  -0.04285186  -0.03616763
  1338  4.843615  -0.04276153  -0.03607230
  1339  4.846115  -0.04267144  -0.03597727
  1340  4.848616  -0.04258159  -0.03588254
  1341  4.851117  -0.04249197  -0.03578811
  1342  4.853618  -0.04240259  -0.03569398
  1343  4.856119  -0.04231344  -0.03560014
  1344  4.858620  -0.04222453  -0.03550660
  1345  4.861120  -0.04213585  -0.03541335
  1346  4.863621  -0.04204740  -0.03532039
  1347  4.866122  -0.04195919  -0.03522772
  1348  4.868623  -0.04187120  -0.03513535
  1349  4.871124  -0.04178345  -0.03504327
  1350  4.873625  -0.04169593  -0.03495147
  1351  4.876125  -0.04160863  -0.03485996
  1352  4.878626  -0.04152157  -0.03476874
  1353  4.881127  -0.04143473  -0.03467780
  1354  4.883628  -0.04134812  -0.03458715
  1355  4.886129  -0.04126174  -0.03449678
  1356  4.888630  -0.04117558  -0.03440670
  1357  4.891130  -0.04108965  -0.03431689
  1358  4.893631  -0.04100394  -0.03422737
  1359  4.896132  -0.04091845  -0.03413813
  1360  4.898633  -0.04083319  -0.03404916
  1361  4.901134  -0.04074815  -0.03396047
  1362  4.903635  -0.04066333  -0.03387206
  1363  4.906135  -0.04057873  -0.03378392
  1364  4.908636  -0.04049436  -0.03369606
  1365  4.911137  -0.04041020  -0.03360847
  1366  4.913638  -0.04032626  -0.03352116
  1367  4.916139  -0.04024253  -0.03343411
  1368  4.918640  -0.04015903  -0.03334734
  1369  4.921140  -0.04007574  -0.03326083
  1370  4.923641  -0.03999267  -0.03317459
  1371  4.926142  -0.03990981  -0.03308863
  1372  4.928643  -0.03982717  -0.03300292
  1373  4.931144  -0.03974474  -0.03291749
  1374  4.933645  -0.03966253  -0.03283231
  1375  4.936145  -0.03958053  -0.03274741
  1376  4.938646  -0.03949874  -0.03266276
  1377  4.941147  -0.03941716  -0.03257838
  1378  4.943648  -0.03933579  -0.03249425
  1379  4.946149  -0.03925463  -0.03241039
  1380  4.948650  -0.03917368  -0.03232679
  1381  4.951150  -0.03909294  -0.03224344
  1382  4.953651  -0.03901241  -0.03216035
  1383  4.956152  -0.03893209  -0.03207752
  1384  4.958653  -0.03885197  -0.03199494
  1385  4.961154  -0.03877206  -0.03191262
  1386  4.963655  -0.03869236  -0.03183055
  1387  4.966155  -0.03861286  -0.03174874
  1388  4.968656  -0.03853356  -0.03166717
  1389  4.971157  -0.03845447  -0.03158586
  1390  4.973658  -0.03837558  -0.03150480
  1391  4.976159  -0.03829689  -0.03142398
  1392  4.978660  -0.03821840  -0.03134342
  1393  4.981160  -0.03814012  -0.03126310
  1394  4.983661  -0.03806204  -0.03118302
  1395  4.986162  -0.03798415  -0.03110320
  1396  4.988663  -0.03790647  -0.03102361
  1397  4.991164  -0.03782898  -0.03094428
  1398  4.993665  -0.03775170  -0.03086518
  1399  4.996165  -0.03767461  -0.03078633
  1400  4.998666  -0.03759771  -0.03070771
  1401  5.001167  -0.03752102  -0.03062934
  1402  5.003668  -0.03744451  -0.03055121
  1403  5.006169  -0.03736821  -0.03047332
  1404  5.008670  -0.03729210  -0.03039566
  1405  5.011170  -0.03721618  -0.03031824
  1406  5.013671  -0.03714045  -0.03024106
  1407  5.016172  -0.03706492  -0.03016411
  1408  5.018673  -0.03698958  -0.03008740
  1409  5.021174  -0.03691444  -0.03001092
  1410  5.023675  -0.03683948  -0.02993467
  1411  5.026175  -0.03676471  -0.02985866
  1412  5.028676  -0.03669014  -0.02978287
  1413  5.031177  -0.03661575  -0.02970732
  1414  5.033678  -0.03654155  -0.02963200
  1415  5.036179  -0.03646754  -0.02955690
  1416  5.038680  -0.03639372  -0.02948203
  1417  5.041180  -0.03632008  -0.02940739
  1418  5.043681  -0.03624663  -0.02933298
  1419  5.046182  -0.03617336  -0.02925879
  1420  5.048683  -0.03610029  -0.02918483
  1421  5.051184  -0.03602739  -0.02911109
  1422  5.053685  -0.03595468  -0.02903757
  1423  5.056185  -0.03588216  -0.02896428
  1424  5.058686  -0.03580981  -0.02889121
  1425  5.061187  -0.03573765  -0.02881836
  1426  5.063688  -0.03566567  -0.02874572
  1427  5.066189  -0.03559387  -0.02867331
  1428  5.068690  -0.03552226  -0.02860112
  1429  5.071190  -0.03545082  -0.02852914
  1430  5.073691  -0.03537956  -0.02845738
  1431  5.076192  -0.03530849  -0.02838584
  1432  5.078693  -0.03523759  -0.02831451
  1433  5.081194  -0.03516687  -0.02824340
  1434  5.083695  -0.03509632  -0.02817250
  1435  5.086195  -0.03502596  -0.02810182
  1436  5.088696  -0.03495577  -0.02803135
  1437  5.091197  -0.03488575  -0.02796109
  1438  5.093698  -0.03481591  -0.02789104
  1439  5.096199  -0.03474625  -0.02782120
  1440  5.098700  -0.03467676  -0.02775157
  1441  5.101200  -0.03460745  -0.02768214
  1442  5.103701  -0.03453830  -0.02761293
  1443  5.106202  -0.03446934  -0.02754392
  1444  5.108703  -0.03440054  -0.02747513
  1445  5.111204  -0.03433191  -0.02740653
  1446  5.113705  -0.03426346  -0.02733814
  1447  5.116205  -0.03419518  -0.02726996
  1448  5.118706  -0.03412707  -0.02720198
  1449  5.121207  -0.03405912  -0.02713420
  1450  5.123708  -0.03399135  -0.02706663
  1451  5.126209  -0.03392374  -0.02699926
  1452  5.128710  -0.03385631  -0.02693208
  1453  5.131210  -0.03378904  -0.02686511
  1454  5.133711  -0.03372194  -0.02679834
  1455  5.136212  -0.03365500  -0.02673177
  1456  5.138713  -0.03358823  -0.02666539
  1457  5.141214  -0.03352163  -0.02659921
  1458  5.143715  -0.03345519  -0.02653323
  1459  5.146215  -0.03338892  -0.02646745
  1460  5.148716  -0.03332281  -0.02640186
  1461  5.151217  -0.03325687  -0.02633647
  1462  5.153718  -0.03319108  -0.02627127
  1463  5.156219  -0.03312547  -0.02620626
  1464  5.158720  -0.03306001  -0.02614145
  1465  5.161220  -0.03299472  -0.02607682
  1466  5.163721  -0.03292958  -0.02601239
  1467  5.166222  -0.03286461  -0.02594815
  1468  5.168723  -0.03279980  -0.02588411
  1469  5.171224  -0.03273515  -0.02582025
  1470  5.173725  -0.03267065  -0.02575658
  1471  5.176225  -0.03260632  -0.02569309
  1472  5.178726  -0.03254214  -0.02562980
  1473  5.181227  -0.03247813  -0.02556669
  1474  5.183728  -0.03241427  -0.02550377
  1475  5.186229  -0.03235057  -0.02544103
  1476  5.188730  -0.03228702  -0.02537848
  1477  5.191230  -0.03222363  -0.02531611
  1478  5.193731  -0.03216040  -0.02525393
  1479  5.196232  -0.03209732  -0.02519193
  1480  5.198733  -0.03203440  -0.02513011
  1481  5.201234  -0.03197163  -0.02506848
  1482  5.203735  -0.03190901  -0.02500702
  1483  5.206235  -0.03184655  -0.02494575
  1484  5.208736  -0.03178424  -0.02488465
  1485  5.211237  -0.03172209  -0.02482374
  1486  5.213738  -0.03166008  -0.02476300
  1487  5.216239  -0.03159823  -0.02470244
  1488  5.218740  -0.03153653  -0.02464206
  1489  5.221240  -0.03147498  -0.02458186
  1490  5.223741  -0.03141358  -0.02452183
  1491  5.226242  -0.03135233  -0.02446198
  1492  5.228743  -0.03129123  -0.02440231
  1493  5.231244  -0.03123027  -0.02434281
  1494  5.233745  -0.03116947  -0.02428348
  1495  5.236245  -0.03110882  -0.02422432
  1496  5.238746  -0.03104831  -0.02416534
  1497  5.241247  -0.03098795  -0.02410653
  1498  5.243748  -0.03092774  -0.02404790
  1499  5.246249  -0.03086767  -0.02398943
  1500  5.248750  -0.03080775  -0.02393113
  1501  5.251250  -0.03074797  -0.02387301
  1502  5.253751  -0.03068834  -0.02381505
  1503  5.256252  -0.03062886  -0.02375726
  1504  5.258753  -0.03056952  -0.02369964
  1505  5.261254  -0.03051032  -0.02364219
  1506  5.263755  -0.03045127  -0.02358491
  1507  5.266255  -0.03039236  -0.02352779
  1508  5.268756  -0.03033359  -0.02347083
  1509  5.271257  -0.03027496  -0.02341405
  1510  5.273758  -0.03021648  -0.02335742
  1511  5.276259  -0.03015814  -0.02330096
  1512  5.278760  -0.03009994  -0.02324467
  1513  5.281260  -0.03004188  -0.02318854
  1514  5.283761  -0.02998395  -0.02313257
  1515  5.286262  -0.02992617  -0.02307676
  1516  5.288763  -0.02986853  -0.02302111
  1517  5.291264  -0.02981103  -0.02296563
  1518  5.293765  -0.02975367  -0.02291030
  1519  5.296265  -0.02969644  -0.02285514
  1520  5.298766  -0.02963935  -0.02280013
  1521  5.301267  -0.02958240  -0.02274529
  1522  5.303768  -0.02952559  -0.02269060
  1523  5.306269  -0.02946891  -0.02263607
  1524  5.308770  -0.02941237  -0.02258169
  1525  5.311270  -0.02935596  -0.02252748
  1526  5.313771  -0.02929969  -0.02247342
  1527  5.316272  -0.02924356  -0.02241951
  1528  5.318773  -0.02918756  -0.02236576
  1529  5.321274  -0.02913169  -0.02231217
  1530  5.323775  -0.02907596  -0.02225872
  1531  5.326275  -0.02902036  -0.02220544
  1532  5.328776  -0.02896490  -0.02215230
  1533  5.331277  -0.02890956  -0.02209932
  1534  5.333778  -0.02885436  -0.02204649
  1535  5.336279  -0.02879929  -0.02199381
  1536  5.338780  -0.02874436  -0.02194128
  1537  5.341280  -0.02868955  -0.02188890
  1538  5.343781  -0.02863488  -0.02183668
  1539  5.346282  -0.02858033  -0.02178460
  1540  5.348783  -0.02852592  -0.02173267
  1541  5.351284  -0.02847163  -0.02168089
  1542  5.353785  -0.02841748  -0.02162926
  1543  5.356285  -0.02836345  -0.02157777
  1544  5.358786  -0.02830955  -0.02152643
  1545  5.361287  -0.02825578  -0.02147524
  1546  5.363788  -0.02820214  -0.02142420
  1547  5.366289  -0.02814862  -0.02137330
  1548  5.368790  -0.02809524  -0.02132254
  1549  5.371290  -0.02804198  -0.02127193
  1550  5.373791  -0.02798884  -0.02122146
  1551  5.376292  -0.02793583  -0.02117114
  1552  5.378793  -0.02788295  -0.02112096
  1553  5.381294  -0.02783019  -0.02107093
  1554  5.383795  -0.02777756  -0.02102103
  1555  5.386295  -0.02772505  -0.02097128
  1556  5.388796  -0.02767267  -0.02092167
  1557  5.391297  -0.02762041  -0.02087220
  1558  5.393798  -0.02756827  -0.02082287
  1559  5.396299  -0.02751626  -0.02077368
  1560  5.398800  -0.02746437  -0.02072463
  1561  5.401300  -0.02741260  -0.02067571
  1562  5.403801  -0.02736096  -0.02062694
  1563  5.406302  -0.02730943  -0.02057830
  1564  5.408803  -0.02725803  -0.02052981
  1565  5.411304  -0.02720675  -0.02048145
  1566  5.413805  -0.02715559  -0.02043322
  1567  5.416305  -0.02710455  -0.02038513
  1568  5.418806  -0.02705363  -0.02033718
  1569  5.421307  -0.02700283  -0.02028937
  1570  5.423808  -0.02695215  -0.02024168
  1571  5.426309  -0.02690159  -0.02019414
  1572  5.428810  -0.02685114  -0.02014672
  1573  5.431310  -0.02680082  -0.02009944
  1574  5.433811  -0.02675061  -0.02005230
  1575  5.436312  -0.02670052  -0.02000528
  1576  5.438813  -0.02665055  -0.01995840
  1577  5.441314  -0.02660070  -0.01991165
  1578  5.443815  -0.02655096  -0.01986503
  1579  5.446315  -0.02650134  -0.01981855
  1580  5.448816  -0.02645184  -0.01977219
  1581  5.451317  -0.02640245  -0.01972596
  1582  5.453818  -0.02635317  -0.01967986
  1583  5.456319  -0.02630401  -0.01963390
  1584  5.458820  -0.02625497  -0.01958806
  1585  5.461320  -0.02620604  -0.01954235
  1586  5.463821  -0.02615723  -0.01949676
  1587  5.466322  -0.02610852  -0.01945131
  1588  5.468823  -0.02605994  -0.01940598
  1589  5.471324  -0.02601146  -0.01936078
  1590  5.473825  -0.02596310  -0.01931571
  1591  5.476325  -0.02591485  -0.01927076
  1592  5.478826  -0.02586671  -0.01922593
  1593  5.481327  -0.02581869  -0.01918124
  1594  5.483828  -0.02577078  -0.01913666
  1595  5.486329  -0.02572297  -0.01909221
  1596  5.488830  -0.02567528  -0.01904789
  1597  5.491330  -0.02562770  -0.01900369
  1598  5.493831  -0.02558023  -0.01895961
  1599  5.496332  -0.02553287  -0.01891565
  1600  5.498833  -0.02548562  -0.01887182
  1601  5.501334  -0.02543848  -0.01882811
  1602  5.503835  -0.02539145  -0.01878452
  1603  5.506335  -0.02534453  -0.01874105
  1604  5.508836  -0.02529771  -0.01869770
  1605  5.511337  -0.02525101  -0.01865447
  1606  5.513838  -0.02520441  -0.01861136
  1607  5.516339  -0.02515792  -0.01856838
  1608  5.518840  -0.02511154  -0.01852551
  1609  5.521340  -0.02506526  -0.01848276
  1610  5.523841  -0.02501909  -0.01844012
  1611  5.526342  -0.02497303  -0.01839761
  1612  5.528843  -0.02492707  -0.01835521
  1613  5.531344  -0.02488122  -0.01831293
  1614  5.533845  -0.02483548  -0.01827077
  1615  5.536345  -0.02478984  -0.01822873
  1616  5.538846  -0.02474431  -0.01818680
  1617  5.541347  -0.02469888  -0.01814498
  1618  5.543848  -0.02465355  -0.01810328
  1619  5.546349  -0.02460833  -0.01806170
  1620  5.548850  -0.02456321  -0.01802023
  1621  5.551350  -0.02451820  -0.01797888
  1622  5.553851  -0.02447329  -0.01793764
  1623  5.556352  -0.02442848  -0.01789651
  1624  5.558853  -0.02438377  -0.01785550
  1625  5.561354  -0.02433917  -0.01781459
  1626  5.563855  -0.02429467  -0.01777381
  1627  5.566355  -0.02425027  -0.01773313
  1628  5.568856  -0.02420598  -0.01769257
  1629  5.571357  -0.02416178  -0.01765211
  1630  5.573858  -0.02411769  -0.01761177
  1631  5.576359  -0.02407369  -0.01757154
  1632  5.578860  -0.02402980  -0.01753142
  1633  5.581360  -0.02398601  -0.01749141
  1634  5.583861  -0.02394231  -0.01745150
  1635  5.586362  -0.02389872  -0.01741171
  1636  5.588863  -0.02385523  -0.01737203
  1637  5.591364  -0.02381183  -0.01733245
  1638  5.593865  -0.02376853  -0.01729299
  1639  5.596365  -0.02372534  -0.01725363
  1640  5.598866  -0.02368224  -0.01721438
  1641  5.601367  -0.02363924  -0.01717523
  1642  5.603868  -0.02359633  -0.01713619
  1643  5.606369  -0.02355353  -0.01709726
  1644  5.608870  -0.02351082  -0.01705844
  1645  5.611370  -0.02346821  -0.01701972
  1646  5.613871  -0.02342569  -0.01698111
  1647  5.616372  -0.02338327  -0.01694260
  1648  5.618873  -0.02334095  -0.01690420
  1649  5.621374  -0.02329872  -0.01686590
  1650  5.623875  -0.02325659  -0.01682770
  1651  5.626375  -0.02321456  -0.01678961
  1652  5.628876  -0.02317262  -0.01675162
  1653  5.631377  -0.02313077  -0.01671374
  1654  5.633878  -0.02308902  -0.01667596
  1655  5.636379  -0.02304736  -0.01663828
  1656  5.638880  -0.02300580  -0.01660070
  1657  5.641380  -0.02296433  -0.01656323
  1658  5.643881  -0.02292296  -0.01652586
  1659  5.646382  -0.02288167  -0.01648858
  1660  5.648883  -0.02284048  -0.01645141
  1661  5.651384  -0.02279939  -0.01641434
  1662  5.653885  -0.02275839  -0.01637737
  1663  5.656385  -0.02271747  -0.01634050
  1664  5.658886  -0.02267666  -0.01630373
  1665  5.661387  -0.02263593  -0.01626706
  1666  5.663888  -0.02259529  -0.01623049
  1667  5.666389  -0.02255475  -0.01619402
  1668  5.668890  -0.02251430  -0.01615764
  1669  5.671390  -0.02247393  -0.01612136
  1670  5.673891  -0.02243366  -0.01608519
  1671  5.676392  -0.02239348  -0.01604910
  1672  5.678893  -0.02235339  -0.01601312
  1673  5.681394  -0.02231339  -0.01597723
  1674  5.683895  -0.02227348  -0.01594144
  1675  5.686395  -0.02223365  -0.01590575
  1676  5.688896  -0.02219392  -0.01587015
  1677  5.691397  -0.02215428  -0.01583465
  1678  5.693898  -0.02211472  -0.01579924
  1679  5.696399  -0.02207525  -0.01576393
  1680  5.698900  -0.02203588  -0.01572871
  1681  5.701400  -0.02199659  -0.01569358
  1682  5.703901  -0.02195738  -0.01565856
  1683  5.706402  -0.02191827  -0.01562362
  1684  5.708903  -0.02187924  -0.01558878
  1685  5.711404  -0.02184030  -0.01555403
  1686  5.713905  -0.02180144  -0.01551937
  1687  5.716405  -0.02176267  -0.01548481
  1688  5.718906  -0.02172399  -0.01545034
  1689  5.721407  -0.02168540  -0.01541596
  1690  5.723908  -0.02164689  -0.01538168
  1691  5.726409  -0.02160846  -0.01534748
  1692  5.728910  -0.02157012  -0.01531338
  1693  5.731410  -0.02153187  -0.01527937
  1694  5.733911  -0.02149370  -0.01524545
  1695  5.736412  -0.02145562  -0.01521161
  1696  5.738913  -0.02141762  -0.01517787
  1697  5.741414  -0.02137970  -0.01514422
  1698  5.743915  -0.02134187  -0.01511066
  1699  5.746415  -0.02130412  -0.01507719
  1700  5.748916  -0.02126646  -0.01504380
  1701  5.751417  -0.02122888  -0.01501051
  1702  5.753918  -0.02119138  -0.01497730
  1703  5.756419  -0.02115397  -0.01494419
  1704  5.758920  -0.02111664  -0.01491116
  1705  5.761420  -0.02107939  -0.01487821
  1706  5.763921  -0.02104222  -0.01484536
  1707  5.766422  -0.02100514  -0.01481259
  1708  5.768923  -0.02096813  -0.01477991
  1709  5.771424  -0.02093121  -0.01474732
  1710  5.773925  -0.02089437  -0.01471481
  1711  5.776425  -0.02085761  -0.01468239
  1712  5.778926  -0.02082093  -0.01465005
  1713  5.781427  -0.02078434  -0.01461780
  1714  5.783928  -0.02074782  -0.01458563
  1715  5.786429  -0.02071138  -0.01455355
  1716  5.788930  -0.02067503  -0.01452156
  1717  5.791430  -0.02063875  -0.01448965
  1718  5.793931  -0.02060256  -0.01445782
  1719  5.796432  -0.02056644  -0.01442608
  1720  5.798933  -0.02053040  -0.01439442
  1721  5.801434  -0.02049444  -0.01436284
  1722  5.803935  -0.02045856  -0.01433135
  1723  5.806435  -0.02042276  -0.01429994
  1724  5.808936  -0.02038704  -0.01426861
  1725  5.811437  -0.02035140  -0.01423737
  1726  5.813938  -0.02031583  -0.01420620
  1727  5.816439  -0.02028034  -0.01417512
  1728  5.818940  -0.02024493  -0.01414413
  1729  5.821440  -0.02020960  -0.01411321
  1730  5.823941  -0.02017434  -0.01408237
  1731  5.826442  -0.02013916  -0.01405162
  1732  5.828943  -0.02010406  -0.01402094
  1733  5.831444  -0.02006903  -0.01399035
  1734  5.833945  -0.02003408  -0.01395983
  1735  5.836445  -0.01999921  -0.01392940
  1736  5.838946  -0.01996441  -0.01389904
  1737  5.841447  -0.01992969  -0.01386877
  1738  5.843948  -0.01989505  -0.01383857
  1739  5.846449  -0.01986048  -0.01380846
  1740  5.848950  -0.01982598  -0.01377842
  1741  5.851450  -0.01979156  -0.01374846
  1742  5.853951  -0.01975722  -0.01371858
  1743  5.856452  -0.01972295  -0.01368877
  1744  5.858953  -0.01968875  -0.01365905
  1745  5.861454  -0.01965463  -0.01362940
  1746  5.863955  -0.01962058  -0.01359983
  1747  5.866455  -0.01958661  -0.01357033
  1748  5.868956  -0.01955271  -0.01354092
  1749  5.871457  -0.01951888  -0.01351158
  1750  5.873958  -0.01948512  -0.01348231
  1751  5.876459  -0.01945144  -0.01345312
  1752  5.878960  -0.01941784  -0.01342401
  1753  5.881460  -0.01938430  -0.01339498
  1754  5.883961  -0.01935084  -0.01336601
  1755  5.886462  -0.01931745  -0.01333713
  1756  5.888963  -0.01928413  -0.01330832
  1757  5.891464  -0.01925089  -0.01327958
  1758  5.893965  -0.01921771  -0.01325092
  1759  5.896465  -0.01918461  -0.01322233
  1760  5.898966  -0.01915158  -0.01319382
  1761  5.901467  -0.01911862  -0.01316538
  1762  5.903968  -0.01908573  -0.01313701
  1763  5.906469  -0.01905291  -0.01310872
  1764  5.908970  -0.01902016  -0.01308050
  1765  5.911470  -0.01898749  -0.01305236
  1766  5.913971  -0.01895488  -0.01302428
  1767  5.916472  -0.01892234  -0.01299628
  1768  5.918973  -0.01888988  -0.01296835
  1769  5.921474  -0.01885748  -0.01294050
  1770  5.923975  -0.01882515  -0.01291271
  1771  5.926475  -0.01879289  -0.01288500
  1772  5.928976  -0.01876071  -0.01285736
  1773  5.931477  -0.01872859  -0.01282979
  1774  5.933978  -0.01869654  -0.01280229
  1775  5.936479  -0.01866455  -0.01277486
  1776  5.938980  -0.01863264  -0.01274750
  1777  5.941480  -0.01860079  -0.01272021
  1778  5.943981  -0.01856902  -0.01269300
  1779  5.946482  -0.01853731  -0.01266585
  1780  5.948983  -0.01850567  -0.01263877
  1781  5.951484  -0.01847409  -0.01261176
  1782  5.953985  -0.01844259  -0.01258482
  1783  5.956485  -0.01841115  -0.01255795
  1784  5.958986  -0.01837978  -0.01253115
  1785  5.961487  -0.01834847  -0.01250442
  1786  5.963988  -0.01831723  -0.01247776
  1787  5.966489  -0.01828606  -0.01245116
  1788  5.968990  -0.01825496  -0.01242464
  1789  5.971490  -0.01822392  -0.01239818
  1790  5.973991  -0.01819294  -0.01237178
  1791  5.976492  -0.01816204  -0.01234546
  1792  5.978993  -0.01813120  -0.01231920
  1793  5.981494  -0.01810042  -0.01229301
  1794  5.983995  -0.01806971  -0.01226689
  1795  5.986495  -0.01803907  -0.01224083
  1796  5.988996  -0.01800849  -0.01221484
  1797  5.991497  -0.01797797  -0.01218892
  1798  5.993998  -0.01794752  -0.01216306
  1799  5.996499  -0.01791714  -0.01213727
  1800  5.999000  -0.01788681  -0.01211155
  1801  6.001501  -0.01785656  -0.01208589
  1802  6.004001  -0.01782637  -0.01206029
  1803  6.006502  -0.01779624  -0.01203476
  1804  6.009003  -0.01776617  -0.01200930
  1805  6.011504  -0.01773617  -0.01198390
  1806  6.014005  -0.01770623  -0.01195856
  1807  6.016506  -0.01767636  -0.01193329
  1808  6.019006  -0.01764655  -0.01190808
  1809  6.021507  -0.01761680  -0.01188294
  1810  6.024008  -0.01758711  -0.01185786
  1811  6.026509  -0.01755749  -0.01183284
  1812  6.029010  -0.01752793  -0.01180789
  1813  6.031511  -0.01749843  -0.01178300
  1814  6.034011  -0.01746899  -0.01175817
  1815  6.036512  -0.01743962  -0.01173341
  1816  6.039013  -0.01741031  -0.01170871
  1817  6.041514  -0.01738105  -0.01168407
  1818  6.044015  -0.01735187  -0.01165949
  1819  6.046516  -0.01732274  -0.01163498
  1820  6.049016  -0.01729367  -0.01161053
  1821  6.051517  -0.01726467  -0.01158614
  1822  6.054018  -0.01723572  -0.01156181
  1823  6.056519  -0.01720684  -0.01153754
  1824  6.059020  -0.01717801  -0.01151334
  1825  6.061521  -0.01714925  -0.01148919
  1826  6.064021  -0.01712055  -0.01146511
  1827  6.066522  -0.01709191  -0.01144108
  1828  6.069023  -0.01706332  -0.01141712
  1829  6.071524  -0.01703480  -0.01139322
  1830  6.074025  -0.01700634  -0.01136937
  1831  6.076526  -0.01697794  -0.01134559
  1832  6.079026  -0.01694959  -0.01132187
  1833  6.081527  -0.01692131  -0.01129820
  1834  6.084028  -0.01689308  -0.01127460
  1835  6.086529  -0.01686492  -0.01125105
  1836  6.089030  -0.01683681  -0.01122757
  1837  6.091531  -0.01680876  -0.01120414
  1838  6.094031  -0.01678077  -0.01118077
  1839  6.096532  -0.01675284  -0.01115746
  1840  6.099033  -0.01672496  -0.01113421
  1841  6.101534  -0.01669715  -0.01111102
  1842  6.104035  -0.01666939  -0.01108788
  1843  6.106536  -0.01664169  -0.01106481
  1844  6.109036  -0.01661405  -0.01104179
  1845  6.111537  -0.01658646  -0.01101882
  1846  6.114038  -0.01655893  -0.01099592
  1847  6.116539  -0.01653146  -0.01097307
  1848  6.119040  -0.01650405  -0.01095028
  1849  6.121541  -0.01647669  -0.01092755
  1850  6.124041  -0.01644939  -0.01090487
  1851  6.126542  -0.01642215  -0.01088225
  1852  6.129043  -0.01639497  -0.01085969
  1853  6.131544  -0.01636784  -0.01083718
  1854  6.134045  -0.01634076  -0.01081473
  1855  6.136546  -0.01631374  -0.01079233
  1856  6.139046  -0.01628678  -0.01076999
  1857  6.141547  -0.01625988  -0.01074771
  1858  6.144048  -0.01623303  -0.01072548
  1859  6.146549  -0.01620623  -0.01070330
  1860  6.149050  -0.01617949  -0.01068119
  1861  6.151551  -0.01615281  -0.01065912
  1862  6.154051  -0.01612618  -0.01063711
  1863  6.156552  -0.01609960  -0.01061516
  1864  6.159053  -0.01607308  -0.01059326
  1865  6.161554  -0.01604662  -0.01057141
  1866  6.164055  -0.01602021  -0.01054962
  1867  6.166556  -0.01599385  -0.01052788
  1868  6.169056  -0.01596755  -0.01050620
  1869  6.171557  -0.01594130  -0.01048457
  1870  6.174058  -0.01591511  -0.01046299
  1871  6.176559  -0.01588897  -0.01044147
  1872  6.179060  -0.01586289  -0.01042000
  1873  6.181561  -0.01583685  -0.01039858
  1874  6.184061  -0.01581088  -0.01037722
  1875  6.186562  -0.01578495  -0.01035590
  1876  6.189063  -0.01575908  -0.01033465
  1877  6.191564  -0.01573326  -0.01031344
  1878  6.194065  -0.01570750  -0.01029228
  1879  6.196566  -0.01568178  -0.01027118
  1880  6.199066  -0.01565612  -0.01025013
  1881  6.201567  -0.01563051  -0.01022913
  1882  6.204068  -0.01560496  -0.01020819
  1883  6.206569  -0.01557946  -0.01018729
  1884  6.209070  -0.01555401  -0.01016645
  1885  6.211571  -0.01552861  -0.01014566
  1886  6.214071  -0.01550326  -0.01012491
  1887  6.216572  -0.01547797  -0.01010422
  1888  6.219073  -0.01545272  -0.01008358
  1889  6.221574  -0.01542753  -0.01006300
  1890  6.224075  -0.01540239  -0.01004246
  1891  6.226576  -0.01537730  -0.01002197
  1892  6.229076  -0.01535226  -0.01000153
  1893  6.231577  -0.01532728  -0.00998114
  1894  6.234078  -0.01530234  -0.00996080
  1895  6.236579  -0.01527746  -0.00994052
  1896  6.239080  -0.01525262  -0.00992028
  1897  6.241581  -0.01522784  -0.00990009
  1898  6.244081  -0.01520311  -0.00987995
  1899  6.246582  -0.01517842  -0.00985986
  1900  6.249083  -0.01515379  -0.00983982
  1901  6.251584  -0.01512921  -0.00981982
  1902  6.254085  -0.01510467  -0.00979988
  1903  6.256586  -0.01508019  -0.00977999
  1904  6.259086  -0.01505576  -0.00976014
  1905  6.261587  -0.01503137  -0.00974034
  1906  6.264088  -0.01500704  -0.00972059
  1907  6.266589  -0.01498276  -0.00970089
  1908  6.269090  -0.01495852  -0.00968124
  1909  6.271591  -0.01493433  -0.00966163
  1910  6.274091  -0.01491020  -0.00964207
  1911  6.276592  -0.01488611  -0.00962256
  1912  6.279093  -0.01486207  -0.00960310
  1913  6.281594  -0.01483807  -0.00958368
  1914  6.284095  -0.01481413  -0.00956431
  1915  6.286596  -0.01479024  -0.00954499
  1916  6.289096  -0.01476639  -0.00952572
  1917  6.291597  -0.01474259  -0.00950649
  1918  6.294098  -0.01471884  -0.00948731
  1919  6.296599  -0.01469514  -0.00946817
  1920  6.299100  -0.01467149  -0.00944908
  1921  6.301601  -0.01464788  -0.00943004
  1922  6.304101  -0.01462432  -0.00941105
  1923  6.306602  -0.01460081  -0.00939210
  1924  6.309103  -0.01457734  -0.00937319
  1925  6.311604  -0.01455393  -0.00935433
  1926  6.314105  -0.01453056  -0.00933552
  1927  6.316606  -0.01450723  -0.00931675
  1928  6.319106  -0.01448396  -0.00929803
  1929  6.321607  -0.01446073  -0.00927935
  1930  6.324108  -0.01443754  -0.00926072
  1931  6.326609  -0.01441441  -0.00924213
  1932  6.329110  -0.01439132  -0.00922359
  1933  6.331611  -0.01436828  -0.00920509
  1934  6.334111  -0.01434528  -0.00918664
  1935  6.336612  -0.01432233  -0.00916823
  1936  6.339113  -0.01429942  -0.00914987
  1937  6.341614  -0.01427656  -0.00913155
  1938  6.344115  -0.01425375  -0.00911327
  1939  6.346616  -0.01423098  -0.00909504
  1940  6.349116  -0.01420826  -0.00907685
  1941  6.351617  -0.01418558  -0.00905871
  1942  6.354118  -0.01416295  -0.00904061
  1943  6.356619  -0.01414036  -0.00902255
  1944  6.359120  -0.01411782  -0.00900454
  1945  6.361621  -0.01409533  -0.00898657
  1946  6.364121  -0.01407287  -0.00896864
  1947  6.366622  -0.01405047  -0.00895075
  1948  6.369123  -0.01402810  -0.00893291
  1949  6.371624  -0.01400579  -0.00891511
  1950  6.374125  -0.01398351  -0.00889735
  1951  6.376626  -0.01396129  -0.00887964
  1952  6.379126  -0.01393910  -0.00886197
  1953  6.381627  -0.01391696  -0.00884434
  1954  6.384128  -0.01389486  -0.00882675
  1955  6.386629  -0.01387281  -0.00880921
  1956  6.389130  -0.01385080  -0.00879170
  1957  6.391631  -0.01382884  -0.00877424
  1958  6.394131  -0.01380692  -0.00875682
  1959  6.396632  -0.01378504  -0.00873944
  1960  6.399133  -0.01376321  -0.00872211
  1961  6.401634  -0.01374142  -0.00870481
  1962  6.404135  -0.01371967  -0.00868756
  1963  6.406636  -0.01369796  -0.00867034
  1964  6.409136  -0.01367630  -0.00865317
  1965  6.411637  -0.01365468  -0.00863604
  1966  6.414138  -0.01363311  -0.00861895
  1967  6.416639  -0.01361157  -0.00860190
  1968  6.419140  -0.01359008  -0.00858489
  1969  6.421641  -0.01356864  -0.00856792
  1970  6.424141  -0.01354723  -0.00855099
  1971  6.426642  -0.01352587  -0.00853410
  1972  6.429143  -0.01350454  -0.00851725
  1973  6.431644  -0.01348327  -0.00850044
  1974  6.434145  -0.01346203  -0.00848368
  1975  6.436646  -0.01344083  -0.00846695
  1976  6.439146  -0.01341968  -0.00845026
  1977  6.441647  -0.01339857  -0.00843361
  1978  6.444148  -0.01337750  -0.00841700
  1979  6.446649  -0.01335647  -0.00840043
  1980  6.449150  -0.01333548  -0.00838389
  1981  6.451651  -0.01331453  -0.00836740
  1982  6.454151  -0.01329363  -0.00835095
  1983  6.456652  -0.01327277  -0.00833453
  1984  6.459153  -0.01325194  -0.00831816
  1985  6.461654  -0.01323116  -0.00830182
  1986  6.464155  -0.01321042  -0.00828552
  1987  6.466656  -0.01318972  -0.00826926
  1988  6.469156  -0.01316906  -0.00825304
  1989  6.471657  -0.01314844  -0.00823685
  1990  6.474158  -0.01312786  -0.00822071
  1991  6.476659  -0.01310732  -0.00820460
  1992  6.479160  -0.01308683  -0.00818853
  1993  6.481661  -0.01306637  -0.00817250
  1994  6.484161  -0.01304595  -0.00815650
  1995  6.486662  -0.01302557  -0.00814055
  1996  6.489163  -0.01300523  -0.00812463
  1997  6.491664  -0.01298493  -0.00810874
  1998  6.494165  -0.01296468  -0.00809290
  1999  6.496666  -0.01294446  -0.00807709
  2000  6.499166  -0.01292428  -0.00806132
  2001  6.501667  -0.01290414  -0.00804559
  2002  6.504168  -0.01288404  -0.00802989
  2003  6.506669  -0.01286397  -0.00801423
  2004  6.509170  -0.01284395  -0.00799861
  2005  6.511671  -0.01282397  -0.00798302
  2006  6.514171  -0.01280402  -0.00796747
  2007  6.516672  -0.01278412  -0.00795196
  2008  6.519173  -0.01276425  -0.00793648
  2009  6.521674  -0.01274442  -0.00792104
  2010  6.524175  -0.01272463  -0.00790564
  2011  6.526676  -0.01270488  -0.00789027
  2012  6.529176  -0.01268517  -0.00787494
  2013  6.531677  -0.01266549  -0.00785964
  2014  6.534178  -0.01264585  -0.00784438
  2015  6.536679  -0.01262626  -0.00782915
  2016  6.539180  -0.01260670  -0.00781396
  2017  6.541681  -0.01258717  -0.00779881
  2018  6.544181  -0.01256769  -0.00778369
  2019  6.546682  -0.01254824  -0.00776860
  2020  6.549183  -0.01252883  -0.00775355
  2021  6.551684  -0.01250946  -0.00773854
  2022  6.554185  -0.01249013  -0.00772356
  2023  6.556686  -0.01247083  -0.00770862
  2024  6.559186  -0.01245157  -0.00769371
  2025  6.561687  -0.01243235  -0.00767883
  2026  6.564188  -0.01241316  -0.00766399
  2027  6.566689  -0.01239402  -0.00764919
  2028  6.569190  -0.01237491  -0.00763441
  2029  6.571691  -0.01235583  -0.00761968
  2030  6.574191  -0.01233679  -0.00760497
  2031  6.576692  -0.01231779  -0.00759030
  2032  6.579193  -0.01229883  -0.00757567
  2033  6.581694  -0.01227990  -0.00756107
  2034  6.584195  -0.01226101  -0.00754650
  2035  6.586696  -0.01224216  -0.00753197
  2036  6.589196  -0.01222334  -0.00751747
  2037  6.591697  -0.01220456  -0.00750300
  2038  6.594198  -0.01218581  -0.00748857
  2039  6.596699  -0.01216710  -0.00747417
  2040  6.599200  -0.01214843  -0.00745980
  2041  6.601701  -0.01212979  -0.00744547
  2042  6.604201  -0.01211119  -0.00743117
  2043  6.606702  -0.01209262  -0.00741690
  2044  6.609203  -0.01207409  -0.00740267
  2045  6.611704  -0.01205560  -0.00738847
  2046  6.614205  -0.01203714  -0.00737430
  2047  6.616706  -0.01201871  -0.00736016
  2048  6.619206  -0.01200032  -0.00734606
  2049  6.621707  -0.01198197  -0.00733199
  2050  6.624208  -0.01196365  -0.00731795
  2051  6.626709  -0.01194537  -0.00730394
  2052  6.629210  -0.01192712  -0.00728997
  2053  6.631711  -0.01190891  -0.00727603
  2054  6.634211  -0.01189073  -0.00726212
  2055  6.636712  -0.01187258  -0.00724824
  2056  6.639213  -0.01185447  -0.00723439
  2057  6.641714  -0.01183640  -0.00722058
  2058  6.644215  -0.01181836  -0.00720680
  2059  6.646716  -0.01180035  -0.00719304
  2060  6.649216  -0.01178238  -0.00717933
  2061  6.651717  -0.01176445  -0.00716564
  2062  6.654218  -0.01174654  -0.00715198
  2063  6.656719  -0.01172867  -0.00713836
  2064  6.659220  -0.01171084  -0.00712476
  2065  6.661721  -0.01169304  -0.00711120
  2066  6.664221  -0.01167527  -0.00709767
  2067  6.666722  -0.01165754  -0.00708416
  2068  6.669223  -0.01163984  -0.00707069
  2069  6.671724  -0.01162217  -0.00705725
  2070  6.674225  -0.01160454  -0.00704385
  2071  6.676726  -0.01158694  -0.00703047
  2072  6.679226  -0.01156938  -0.00701712
  2073  6.681727  -0.01155184  -0.00700380
  2074  6.684228  -0.01153435  -0.00699052
  2075  6.686729  -0.01151688  -0.00697726
  2076  6.689230  -0.01149945  -0.00696403
  2077  6.691731  -0.01148205  -0.00695084
  2078  6.694231  -0.01146468  -0.00693767
  2079  6.696732  -0.01144735  -0.00692453
  2080  6.699233  -0.01143005  -0.00691143
  2081  6.701734  -0.01141278  -0.00689835
  2082  6.704235  -0.01139554  -0.00688531
  2083  6.706736  -0.01137834  -0.00687229
  2084  6.709236  -0.01136117  -0.00685930
  2085  6.711737  -0.01134403  -0.00684634
  2086  6.714238  -0.01132693  -0.00683341
  2087  6.716739  -0.01130986  -0.00682051
  2088  6.719240  -0.01129281  -0.00680764
  2089  6.721741  -0.01127581  -0.00679480
  2090  6.724241  -0.01125883  -0.00678199
  2091  6.726742  -0.01124188  -0.00676921
  2092  6.729243  -0.01122497  -0.00675646
  2093  6.731744  -0.01120809  -0.00674373
  2094  6.734245  -0.01119124  -0.00673103
  2095  6.736746  -0.01117442  -0.00671837
  2096  6.739246  -0.01115764  -0.00670573
  2097  6.741747  -0.01114088  -0.00669312
  2098  6.744248  -0.01112416  -0.00668054
  2099  6.746749  -0.01110747  -0.00666798
  2100  6.749250  -0.01109081  -0.00665546
  2101  6.751751  -0.01107418  -0.00664296
  2102  6.754251  -0.01105758  -0.00663049
  2103  6.756752  -0.01104102  -0.00661805
  2104  6.759253  -0.01102448  -0.00660564
  2105  6.761754  -0.01100798  -0.00659326
  2106  6.764255  -0.01099151  -0.00658090
  2107  6.766756  -0.01097506  -0.00656857
  2108  6.769256  -0.01095865  -0.00655627
  2109  6.771757  -0.01094227  -0.00654400
  2110  6.774258  -0.01092592  -0.00653175
  2111  6.776759  -0.01090960  -0.00651953
  2112  6.779260  -0.01089331  -0.00650734
  2113  6.781761  -0.01087705  -0.00649518
  2114  6.784261  -0.01086083  -0.00648304
  2115  6.786762  -0.01084463  -0.00647094
  2116  6.789263  -0.01082846  -0.00645885
  2117  6.791764  -0.01081232  -0.00644680
  2118  6.794265  -0.01079622  -0.00643477
  2119  6.796766  -0.01078014  -0.00642277
  2120  6.799266  -0.01076409  -0.00641080
  2121  6.801767  -0.01074807  -0.00639885
  2122  6.804268  -0.01073209  -0.00638693
  2123  6.806769  -0.01071613  -0.00637504
  2124  6.809270  -0.01070020  -0.00636317
  2125  6.811771  -0.01068430  -0.00635133
  2126  6.814271  -0.01066843  -0.00633952
  2127  6.816772  -0.01065259  -0.00632773
  2128  6.819273  -0.01063678  -0.00631597
  2129  6.821774  -0.01062100  -0.00630424
  2130  6.824275  -0.01060525  -0.00629253
  2131  6.826776  -0.01058953  -0.00628085
  2132  6.829276  -0.01057384  -0.00626919
  2133  6.831777  -0.01055817  -0.00625756
  2134  6.834278  -0.01054254  -0.00624596
  2135  6.836779  -0.01052693  -0.00623438
  2136  6.839280  -0.01051136  -0.00622282
  2137  6.841781  -0.01049581  -0.00621130
  2138  6.844281  -0.01048029  -0.00619980
  2139  6.846782  -0.01046480  -0.00618832
  2140  6.849283  -0.01044934  -0.00617687
  2141  6.851784  -0.01043391  -0.00616545
  2142  6.854285  -0.01041850  -0.00615405
  2143  6.856786  -0.01040312  -0.00614267
  2144  6.859286  -0.01038778  -0.00613132
  2145  6.861787  -0.01037246  -0.00612000
  2146  6.864288  -0.01035717  -0.00610870
  2147  6.866789  -0.01034190  -0.00609743
  2148  6.869290  -0.01032667  -0.00608618
  2149  6.871791  -0.01031146  -0.00607496
  2150  6.874291  -0.01029628  -0.00606376
  2151  6.876792  -0.01028113  -0.00605259
  2152  6.879293  -0.01026601  -0.00604144
  2153  6.881794  -0.01025092  -0.00603031
  2154  6.884295  -0.01023585  -0.00601921
  2155  6.886796  -0.01022081  -0.00600814
  2156  6.889296  -0.01020580  -0.00599709
  2157  6.891797  -0.01019082  -0.00598606
  2158  6.894298  -0.01017586  -0.00597506
  2159  6.896799  -0.01016093  -0.00596408
  2160  6.899300  -0.01014603  -0.00595313
  2161  6.901801  -0.01013115  -0.00594220
  2162  6.904301  -0.01011631  -0.00593129
  2163  6.906802  -0.01010149  -0.00592041
  2164  6.909303  -0.01008670  -0.00590956
  2165  6.911804  -0.01007193  -0.00589872
  2166  6.914305  -0.01005719  -0.00588791
  2167  6.916806  -0.01004248  -0.00587713
  2168  6.919306  -0.01002780  -0.00586637
  2169  6.921807  -0.01001314  -0.00585563
  2170  6.924308  -0.00999851  -0.00584491
  2171  6.926809  -0.00998390  -0.00583422
  2172  6.929310  -0.00996933  -0.00582356
  2173  6.931811  -0.00995478  -0.00581291
  2174  6.934311  -0.00994025  -0.00580229
  2175  6.936812  -0.00992576  -0.00579169
  2176  6.939313  -0.00991129  -0.00578112
  2177  6.941814  -0.00989684  -0.00577057
  2178  6.944315  -0.00988242  -0.00576004
  2179  6.946816  -0.00986803  -0.00574954
  2180  6.949316  -0.00985367  -0.00573906
  2181  6.951817  -0.00983933  -0.00572860
  2182  6.954318  -0.00982501  -0.00571816
  2183  6.956819  -0.00981073  -0.00570775
  2184  6.959320  -0.00979646  -0.00569736
  2185  6.961821  -0.00978223  -0.00568699
  2186  6.964321  -0.00976802  -0.00567665
  2187  6.966822  -0.00975384  -0.00566633
  2188  6.969323  -0.00973968  -0.00565603
  2189  6.971824  -0.00972555  -0.00564575
  2190  6.974325  -0.00971144  -0.00563550
  2191  6.976826  -0.00969736  -0.00562526
  2192  6.979326  -0.00968331  -0.00561505
  2193  6.981827  -0.00966928  -0.00560487
  2194  6.984328  -0.00965527  -0.00559470
  2195  6.986829  -0.00964129  -0.00558456
  2196  6.989330  -0.00962734  -0.00557444
  2197  6.991831  -0.00961341  -0.00556434
  2198  6.994331  -0.00959951  -0.00555426
  2199  6.996832  -0.00958563  -0.00554420
  2200  6.999333  -0.00957178  -0.00553417
  2201  7.001834  -0.00955795  -0.00552416
  2202  7.004335  -0.00954415  -0.00551417
  2203  7.006836  -0.00953037  -0.00550420
  2204  7.009336  -0.00951662  -0.00549426
  2205  7.011837  -0.00950289  -0.00548433
  2206  7.014338  -0.00948919  -0.00547443
  2207  7.016839  -0.00947551  -0.00546455
  2208  7.019340  -0.00946186  -0.00545469
  2209  7.021841  -0.00944823  -0.00544485
  2210  7.024341  -0.00943462  -0.00543503
  2211  7.026842  -0.00942104  -0.00542523
  2212  7.029343  -0.00940749  -0.00541546
  2213  7.031844  -0.00939396  -0.00540570
  2214  7.034345  -0.00938045  -0.00539597
  2215  7.036846  -0.00936697  -0.00538626
  2216  7.039346  -0.00935351  -0.00537657
  2217  7.041847  -0.00934007  -0.00536690
  2218  7.044348  -0.00932667  -0.00535725
  2219  7.046849  -0.00931328  -0.00534762
  2220  7.049350  -0.00929992  -0.00533802
  2221  7.051851  -0.00928658  -0.00532843
  2222  7.054351  -0.00927327  -0.00531886
  2223  7.056852  -0.00925998  -0.00530932
  2224  7.059353  -0.00924671  -0.00529979
  2225  7.061854  -0.00923347  -0.00529029
  2226  7.064355  -0.00922025  -0.00528081
  2227  7.066856  -0.00920706  -0.00527134
  2228  7.069356  -0.00919389  -0.00526190
  2229  7.071857  -0.00918074  -0.00525248
  2230  7.074358  -0.00916761  -0.00524308
  2231  7.076859  -0.00915451  -0.00523369
  2232  7.079360  -0.00914144  -0.00522433
  2233  7.081861  -0.00912838  -0.00521499
  2234  7.084361  -0.00911535  -0.00520567
  2235  7.086862  -0.00910235  -0.00519637
  2236  7.089363  -0.00908936  -0.00518709
  2237  7.091864  -0.00907640  -0.00517782
  2238  7.094365  -0.00906347  -0.00516858
  2239  7.096866  -0.00905055  -0.00515936
  2240  7.099366  -0.00903766  -0.00515016
  2241  7.101867  -0.00902479  -0.00514098
  2242  7.104368  -0.00901195  -0.00513181
  2243  7.106869  -0.00899912  -0.00512267
  2244  7.109370  -0.00898632  -0.00511355
  2245  7.111871  -0.00897355  -0.00510444
  2246  7.114371  -0.00896079  -0.00509536
  2247  7.116872  -0.00894806  -0.00508629
  2248  7.119373  -0.00893535  -0.00507725
  2249  7.121874  -0.00892267  -0.00506822
  2250  7.124375  -0.00891000  -0.00505921
  2251  7.126876  -0.00889736  -0.00505022
  2252  7.129376  -0.00888475  -0.00504126
  2253  7.131877  -0.00887215  -0.00503231
  2254  7.134378  -0.00885958  -0.00502338
  2255  7.136879  -0.00884702  -0.00501446
  2256  7.139380  -0.00883449  -0.00500557
  2257  7.141881  -0.00882199  -0.00499670
  2258  7.144381  -0.00880950  -0.00498784
  2259  7.146882  -0.00879704  -0.00497901
  2260  7.149383  -0.00878460  -0.00497019
  2261  7.151884  -0.00877218  -0.00496139
  2262  7.154385  -0.00875978  -0.00495261
  2263  7.156886  -0.00874741  -0.00494385
  2264  7.159386  -0.00873506  -0.00493511
  2265  7.161887  -0.00872273  -0.00492639
  2266  7.164388  -0.00871042  -0.00491768
  2267  7.166889  -0.00869813  -0.00490899
  2268  7.169390  -0.00868586  -0.00490033
  2269  7.171891  -0.00867362  -0.00489168
  2270  7.174391  -0.00866140  -0.00488304
  2271  7.176892  -0.00864920  -0.00487443
  2272  7.179393  -0.00863702  -0.00486584
  2273  7.181894  -0.00862486  -0.00485726
  2274  7.184395  -0.00861272  -0.00484870
  2275  7.186896  -0.00860061  -0.00484016
  2276  7.189396  -0.00858851  -0.00483164
  2277  7.191897  -0.00857644  -0.00482313
  2278  7.194398  -0.00856439  -0.00481465
  2279  7.196899  -0.00855236  -0.00480618
  2280  7.199400  -0.00854035  -0.00479773
  2281  7.201901  -0.00852836  -0.00478930
  2282  7.204401  -0.00851640  -0.00478088
  2283  7.206902  -0.00850445  -0.00477248
  2284  7.209403  -0.00849253  -0.00476411
  2285  7.211904  -0.00848062  -0.00475574
  2286  7.214405  -0.00846874  -0.00474740
  2287  7.216906  -0.00845688  -0.00473907
  2288  7.219406  -0.00844504  -0.00473076
  2289  7.221907  -0.00843322  -0.00472247
  2290  7.224408  -0.00842142  -0.00471420
  2291  7.226909  -0.00840964  -0.00470594
  2292  7.229410  -0.00839788  -0.00469770
  2293  7.231911  -0.00838614  -0.00468948
  2294  7.234411  -0.00837442  -0.00468128
  2295  7.236912  -0.00836273  -0.00467309
  2296  7.239413  -0.00835105  -0.00466492
  2297  7.241914  -0.00833939  -0.00465677
  2298  7.244415  -0.00832776  -0.00464863
  2299  7.246916  -0.00831614  -0.00464051
  2300  7.249416  -0.00830455  -0.00463241
  2301  7.251917  -0.00829297  -0.00462433
  2302  7.254418  -0.00828142  -0.00461626
  2303  7.256919  -0.00826988  -0.00460821
  2304  7.259420  -0.00825837  -0.00460017
  2305  7.261921  -0.00824687  -0.00459216
  2306  7.264421  -0.00823540  -0.00458416
  2307  7.266922  -0.00822395  -0.00457617
  2308  7.269423  -0.00821251  -0.00456821
  2309  7.271924  -0.00820110  -0.00456026
  2310  7.274425  -0.00818970  -0.00455232
  2311  7.276926  -0.00817833  -0.00454441
  2312  7.279426  -0.00816697  -0.00453650
  2313  7.281927  -0.00815564  -0.00452862
  2314  7.284428  -0.00814432  -0.00452075
  2315  7.286929  -0.00813303  -0.00451290
  2316  7.289430  -0.00812175  -0.00450507
  2317  7.291931  -0.00811049  -0.00449725
  2318  7.294431  -0.00809926  -0.00448945
  2319  7.296932  -0.00808804  -0.00448166
  2320  7.299433  -0.00807684  -0.00447389
  2321  7.301934  -0.00806566  -0.00446614
  2322  7.304435  -0.00805450  -0.00445840
  2323  7.306936  -0.00804336  -0.00445068
  2324  7.309436  -0.00803224  -0.00444298
  2325  7.311937  -0.00802114  -0.00443529
  2326  7.314438  -0.00801006  -0.00442761
  2327  7.316939  -0.00799900  -0.00441996
  2328  7.319440  -0.00798795  -0.00441232
  2329  7.321941  -0.00797693  -0.00440469
  2330  7.324441  -0.00796592  -0.00439708
  2331  7.326942  -0.00795493  -0.00438949
  2332  7.329443  -0.00794397  -0.00438191
  2333  7.331944  -0.00793302  -0.00437435
  2334  7.334445  -0.00792209  -0.00436680
  2335  7.336946  -0.00791118  -0.00435927
  2336  7.339446  -0.00790028  -0.00435175
  2337  7.341947  -0.00788941  -0.00434426
  2338  7.344448  -0.00787855  -0.00433677
  2339  7.346949  -0.00786772  -0.00432930
  2340  7.349450  -0.00785690  -0.00432185
  2341  7.351951  -0.00784610  -0.00431441
  2342  7.354451  -0.00783532  -0.00430699
  2343  7.356952  -0.00782456  -0.00429958
  2344  7.359453  -0.00781382  -0.00429219
  2345  7.361954  -0.00780309  -0.00428481
  2346  7.364455  -0.00779239  -0.00427745
  2347  7.366956  -0.00778170  -0.00427011
  2348  7.369456  -0.00777103  -0.00426278
  2349  7.371957  -0.00776038  -0.00425546
  2350  7.374458  -0.00774974  -0.00424816
  2351  7.376959  -0.00773913  -0.00424087
  2352  7.379460  -0.00772853  -0.00423360
  2353  7.381961  -0.00771795  -0.00422635
  2354  7.384461  -0.00770739  -0.00421911
  2355  7.386962  -0.00769685  -0.00421188
  2356  7.389463  -0.00768633  -0.00420467
  2357  7.391964  -0.00767582  -0.00419747
  2358  7.394465  -0.00766533  -0.00419029
  2359  7.396966  -0.00765486  -0.00418313
  2360  7.399466  -0.00764441  -0.00417597
  2361  7.401967  -0.00763398  -0.00416884
  2362  7.404468  -0.00762356  -0.00416171
  2363  7.406969  -0.00761316  -0.00415461
  2364  7.409470  -0.00760278  -0.00414751
  2365  7.411971  -0.00759242  -0.00414044
  2366  7.414471  -0.00758207  -0.00413337
  2367  7.416972  -0.00757174  -0.00412632
  2368  7.419473  -0.00756143  -0.00411929
  2369  7.421974  -0.00755114  -0.00411227
  2370  7.424475  -0.00754086  -0.00410526
  2371  7.426976  -0.00753060  -0.00409827
  2372  7.429476  -0.00752036  -0.00409129
  2373  7.431977  -0.00751014  -0.00408433
  2374  7.434478  -0.00749994  -0.00407738
  2375  7.436979  -0.00748975  -0.00407044
  2376  7.439480  -0.00747958  -0.00406352
  2377  7.441981  -0.00746942  -0.00405661
  2378  7.444481  -0.00745929  -0.00404972
  2379  7.446982  -0.00744917  -0.00404284
  2380  7.449483  -0.00743907  -0.00403598
  2381  7.451984  -0.00742898  -0.00402913
  2382  7.454485  -0.00741891  -0.00402229
  2383  7.456986  -0.00740886  -0.00401547
  2384  7.459486  -0.00739883  -0.00400866
  2385  7.461987  -0.00738881  -0.00400186
  2386  7.464488  -0.00737881  -0.00399508
  2387  7.466989  -0.00736883  -0.00398832
  2388  7.469490  -0.00735887  -0.00398156
  2389  7.471991  -0.00734892  -0.00397482
  2390  7.474491  -0.00733898  -0.00396810
  2391  7.476992  -0.00732907  -0.00396138
  2392  7.479493  -0.00731917  -0.00395469
  2393  7.481994  -0.00730929  -0.00394800
  2394  7.484495  -0.00729942  -0.00394133
  2395  7.486996  -0.00728958  -0.00393467
  2396  7.489496  -0.00727974  -0.00392803
  2397  7.491997  -0.00726993  -0.00392140
  2398  7.494498  -0.00726013  -0.00391478
  2399  7.496999  -0.00725035  -0.00390817
  2400  7.499500  -0.00724058  -0.00390158
  2401  7.502001  -0.00723083  -0.00389501
  2402  7.504502  -0.00722110  -0.00388844
  2403  7.507002  -0.00721139  -0.00388189
  2404  7.509503  -0.00720169  -0.00387535
  2405  7.512004  -0.00719200  -0.00386883
  2406  7.514505  -0.00718234  -0.00386232
  2407  7.517006  -0.00717268  -0.00385582
  2408  7.519507  -0.00716305  -0.00384934
  2409  7.522007  -0.00715343  -0.00384287
  2410  7.524508  -0.00714383  -0.00383641
  2411  7.527009  -0.00713424  -0.00382996
  2412  7.529510  -0.00712467  -0.00382353
  2413  7.532011  -0.00711512  -0.00381711
  2414  7.534512  -0.00710558  -0.00381070
  2415  7.537012  -0.00709606  -0.00380431
  2416  7.539513  -0.00708655  -0.00379793
  2417  7.542014  -0.00707706  -0.00379156
  2418  7.544515  -0.00706759  -0.00378521
  2419  7.547016  -0.00705813  -0.00377886
  2420  7.549517  -0.00704869  -0.00377253
  2421  7.552017  -0.00703926  -0.00376622
  2422  7.554518  -0.00702985  -0.00375991
  2423  7.557019  -0.00702046  -0.00375362
  2424  7.559520  -0.00701108  -0.00374734
  2425  7.562021  -0.00700171  -0.00374108
  2426  7.564522  -0.00699237  -0.00373482
  2427  7.567022  -0.00698303  -0.00372858
  2428  7.569523  -0.00697372  -0.00372235
  2429  7.572024  -0.00696441  -0.00371614
  2430  7.574525  -0.00695513  -0.00370993
  2431  7.577026  -0.00694586  -0.00370374
  2432  7.579527  -0.00693660  -0.00369756
  2433  7.582027  -0.00692737  -0.00369140
  2434  7.584528  -0.00691814  -0.00368524
  2435  7.587029  -0.00690893  -0.00367910
  2436  7.589530  -0.00689974  -0.00367297
  2437  7.592031  -0.00689056  -0.00366686
  2438  7.594532  -0.00688140  -0.00366075
  2439  7.597032  -0.00687225  -0.00365466
  2440  7.599533  -0.00686312  -0.00364858
  2441  7.602034  -0.00685400  -0.00364251
  2442  7.604535  -0.00684490  -0.00363646
  2443  7.607036  -0.00683581  -0.00363041
  2444  7.609537  -0.00682674  -0.00362438
  2445  7.612037  -0.00681769  -0.00361836
  2446  7.614538  -0.00680865  -0.00361235
  2447  7.617039  -0.00679962  -0.00360636
  2448  7.619540  -0.00679061  -0.00360037
  2449  7.622041  -0.00678161  -0.00359440
  2450  7.624542  -0.00677263  -0.00358844
  2451  7.627042  -0.00676366  -0.00358249
  2452  7.629543  -0.00675471  -0.00357656
  2453  7.632044  -0.00674577  -0.00357063
  2454  7.634545  -0.00673685  -0.00356472
  2455  7.637046  -0.00672794  -0.00355882
  2456  7.639547  -0.00671905  -0.00355293
  2457  7.642047  -0.00671017  -0.00354705
  2458  7.644548  -0.00670131  -0.00354118
  2459  7.647049  -0.00669246  -0.00353533
  2460  7.649550  -0.00668363  -0.00352949
  2461  7.652051  -0.00667481  -0.00352366
  2462  7.654552  -0.00666600  -0.00351784
  2463  7.657052  -0.00665721  -0.00351203
  2464  7.659553  -0.00664844  -0.00350623
  2465  7.662054  -0.00663968  -0.00350045
  2466  7.664555  -0.00663093  -0.00349468
  2467  7.667056  -0.00662220  -0.00348891
  2468  7.669557  -0.00661348  -0.00348316
  2469  7.672057  -0.00660478  -0.00347742
  2470  7.674558  -0.00659609  -0.00347170
  2471  7.677059  -0.00658741  -0.00346598
  2472  7.679560  -0.00657875  -0.00346028
  2473  7.682061  -0.00657010  -0.00345458
  2474  7.684562  -0.00656147  -0.00344890
  2475  7.687062  -0.00655285  -0.00344323
  2476  7.689563  -0.00654425  -0.00343757
  2477  7.692064  -0.00653566  -0.00343192
  2478  7.694565  -0.00652708  -0.00342628
  2479  7.697066  -0.00651852  -0.00342065
  2480  7.699567  -0.00650998  -0.00341504
  2481  7.702067  -0.00650144  -0.00340943
  2482  7.704568  -0.00649292  -0.00340384
  2483  7.707069  -0.00648442  -0.00339826
  2484  7.709570  -0.00647593  -0.00339269
  2485  7.712071  -0.00646745  -0.00338713
  2486  7.714572  -0.00645898  -0.00338158
  2487  7.717072  -0.00645053  -0.00337604
  2488  7.719573  -0.00644210  -0.00337051
  2489  7.722074  -0.00643368  -0.00336499
  2490  7.724575  -0.00642527  -0.00335949
  2491  7.727076  -0.00641687  -0.00335399
  2492  7.729577  -0.00640849  -0.00334851
  2493  7.732077  -0.00640013  -0.00334304
  2494  7.734578  -0.00639177  -0.00333757
  2495  7.737079  -0.00638343  -0.00333212
  2496  7.739580  -0.00637511  -0.00332668
  2497  7.742081  -0.00636679  -0.00332125
  2498  7.744582  -0.00635849  -0.00331583
  2499  7.747082  -0.00635021  -0.00331042
  2500  7.749583  -0.00634194  -0.00330502
  2501  7.752084  -0.00633368  -0.00329963
  2502  7.754585  -0.00632543  -0.00329425
  2503  7.757086  -0.00631720  -0.00328889
  2504  7.759587  -0.00630898  -0.00328353
  2505  7.762087  -0.00630078  -0.00327818
  2506  7.764588  -0.00629259  -0.00327285
  2507  7.767089  -0.00628441  -0.00326752
  2508  7.769590  -0.00627624  -0.00326221
  2509  7.772091  -0.00626809  -0.00325690
  2510  7.774592  -0.00625995  -0.00325161
  2511  7.777092  -0.00625183  -0.00324633
  2512  7.779593  -0.00624372  -0.00324105
  2513  7.782094  -0.00623562  -0.00323579
  2514  7.784595  -0.00622753  -0.00323054
  2515  7.787096  -0.00621946  -0.00322529
  2516  7.789597  -0.00621140  -0.00322006
  2517  7.792097  -0.00620335  -0.00321484
  2518  7.794598  -0.00619532  -0.00320963
  2519  7.797099  -0.00618730  -0.00320443
  2520  7.799600  -0.00617929  -0.00319923
  2521  7.802101  -0.00617130  -0.00319405
  2522  7.804602  -0.00616332  -0.00318888
  2523  7.807102  -0.00615535  -0.00318372
  2524  7.809603  -0.00614739  -0.00317857
  2525  7.812104  -0.00613945  -0.00317343
  2526  7.814605  -0.00613152  -0.00316830
  2527  7.817106  -0.00612360  -0.00316317
  2528  7.819607  -0.00611570  -0.00315806
  2529  7.822107  -0.00610781  -0.00315296
  2530  7.824608  -0.00609993  -0.00314787
  2531  7.827109  -0.00609206  -0.00314279
  2532  7.829610  -0.00608421  -0.00313771
  2533  7.832111  -0.00607637  -0.00313265
  2534  7.834612  -0.00606854  -0.00312760
  2535  7.837112  -0.00606073  -0.00312256
  2536  7.839613  -0.00605292  -0.00311753
  2537  7.842114  -0.00604513  -0.00311250
  2538  7.844615  -0.00603736  -0.00310749
  2539  7.847116  -0.00602959  -0.00310249
  2540  7.849617  -0.00602184  -0.00309749
  2541  7.852117  -0.00601410  -0.00309251
  2542  7.854618  -0.00600637  -0.00308753
  2543  7.857119  -0.00599866  -0.00308257
  2544  7.859620  -0.00599095  -0.00307761
  2545  7.862121  -0.00598326  -0.00307267
  2546  7.864622  -0.00597558  -0.00306773
  2547  7.867122  -0.00596792  -0.00306280
  2548  7.869623  -0.00596027  -0.00305789
  2549  7.872124  -0.00595262  -0.00305298
  2550  7.874625  -0.00594500  -0.00304808
  2551  7.877126  -0.00593738  -0.00304319
  2552  7.879627  -0.00592977  -0.00303831
  2553  7.882127  -0.00592218  -0.00303344
  2554  7.884628  -0.00591460  -0.00302858
  2555  7.887129  -0.00590703  -0.00302373
  2556  7.889630  -0.00589948  -0.00301889
  2557  7.892131  -0.00589193  -0.00301405
  2558  7.894632  -0.00588440  -0.00300923
  2559  7.897132  -0.00587688  -0.00300442
  2560  7.899633  -0.00586938  -0.00299961
  2561  7.902134  -0.00586188  -0.00299482
  2562  7.904635  -0.00585440  -0.00299003
  2563  7.907136  -0.00584693  -0.00298525
  2564  7.909637  -0.00583947  -0.00298049
  2565  7.912137  -0.00583202  -0.00297573
  2566  7.914638  -0.00582458  -0.00297098
  2567  7.917139  -0.00581716  -0.00296624
  2568  7.919640  -0.00580975  -0.00296150
  2569  7.922141  -0.00580235  -0.00295678
  2570  7.924642  -0.00579496  -0.00295207
  2571  7.927142  -0.00578758  -0.00294736
  2572  7.929643  -0.00578022  -0.00294267
  2573  7.932144  -0.00577286  -0.00293798
  2574  7.934645  -0.00576552  -0.00293331
  2575  7.937146  -0.00575819  -0.00292864
  2576  7.939647  -0.00575087  -0.00292398
  2577  7.942147  -0.00574357  -0.00291933
  2578  7.944648  -0.00573627  -0.00291468
  2579  7.947149  -0.00572899  -0.00291005
  2580  7.949650  -0.00572172  -0.00290543
  2581  7.952151  -0.00571446  -0.00290081
  2582  7.954652  -0.00570721  -0.00289621
  2583  7.957152  -0.00569997  -0.00289161
  2584  7.959653  -0.00569274  -0.00288702
  2585  7.962154  -0.00568553  -0.00288244
  2586  7.964655  -0.00567833  -0.00287787
  2587  7.967156  -0.00567114  -0.00287331
  2588  7.969657  -0.00566396  -0.00286875
  2589  7.972157  -0.00565679  -0.00286421
  2590  7.974658  -0.00564963  -0.00285967
  2591  7.977159  -0.00564248  -0.00285514
  2592  7.979660  -0.00563535  -0.00285062
  2593  7.982161  -0.00562823  -0.00284611
  2594  7.984662  -0.00562111  -0.00284161
  2595  7.987162  -0.00561401  -0.00283712
  2596  7.989663  -0.00560692  -0.00283263
  2597  7.992164  -0.00559985  -0.00282815
  2598  7.994665  -0.00559278  -0.00282369
  2599  7.997166  -0.00558572  -0.00281923
  2600  7.999667  -0.00557868  -0.00281477
  2601  8.002167  -0.00557164  -0.00281033
  2602  8.004668  -0.00556462  -0.00280590
  2603  8.007169  -0.00555761  -0.00280147
  2604  8.009670  -0.00555061  -0.00279705
  2605  8.012171  -0.00554362  -0.00279264
  2606  8.014672  -0.00553664  -0.00278824
  2607  8.017172  -0.00552967  -0.00278385
  2608  8.019673  -0.00552272  -0.00277947
  2609  8.022174  -0.00551577  -0.00277509
  2610  8.024675  -0.00550884  -0.00277072
  2611  8.027176  -0.00550191  -0.00276636
  2612  8.029677  -0.00549500  -0.00276201
  2613  8.032177  -0.00548810  -0.00275767
  2614  8.034678  -0.00548121  -0.00275334
  2615  8.037179  -0.00547433  -0.00274901
  2616  8.039680  -0.00546746  -0.00274469
  2617  8.042181  -0.00546060  -0.00274038
  2618  8.044682  -0.00545375  -0.00273608
  2619  8.047182  -0.00544691  -0.00273178
  2620  8.049683  -0.00544009  -0.00272750
  2621  8.052184  -0.00543327  -0.00272322
  2622  8.054685  -0.00542647  -0.00271895
  2623  8.057186  -0.00541967  -0.00271469
  2624  8.059687  -0.00541289  -0.00271044
  2625  8.062187  -0.00540612  -0.00270619
  2626  8.064688  -0.00539935  -0.00270195
  2627  8.067189  -0.00539260  -0.00269772
  2628  8.069690  -0.00538586  -0.00269350
  2629  8.072191  -0.00537913  -0.00268929
  2630  8.074692  -0.00537241  -0.00268508
  2631  8.077192  -0.00536570  -0.00268088
  2632  8.079693  -0.00535900  -0.00267669
  2633  8.082194  -0.00535231  -0.00267251
  2634  8.084695  -0.00534563  -0.00266834
  2635  8.087196  -0.00533897  -0.00266417
  2636  8.089697  -0.00533231  -0.00266001
  2637  8.092197  -0.00532566  -0.00265586
  2638  8.094698  -0.00531903  -0.00265172
  2639  8.097199  -0.00531240  -0.00264758
  2640  8.099700  -0.00530578  -0.00264346
  2641  8.102201  -0.00529918  -0.00263934
  2642  8.104702  -0.00529258  -0.00263522
  2643  8.107202  -0.00528600  -0.00263112
  2644  8.109703  -0.00527942  -0.00262702
  2645  8.112204  -0.00527286  -0.00262293
  2646  8.114705  -0.00526630  -0.00261885
  2647  8.117206  -0.00525976  -0.00261478
  2648  8.119707  -0.00525322  -0.00261071
  2649  8.122207  -0.00524670  -0.00260665
  2650  8.124708  -0.00524019  -0.00260260
  2651  8.127209  -0.00523368  -0.00259856
  2652  8.129710  -0.00522719  -0.00259452
  2653  8.132211  -0.00522071  -0.00259049
  2654  8.134712  -0.00521423  -0.00258647
  2655  8.137212  -0.00520777  -0.00258246
  2656  8.139713  -0.00520132  -0.00257845
  2657  8.142214  -0.00519487  -0.00257446
  2658  8.144715  -0.00518844  -0.00257047
  2659  8.147216  -0.00518202  -0.00256648
  2660  8.149717  -0.00517560  -0.00256251
  2661  8.152217  -0.00516920  -0.00255854
  2662  8.154718  -0.00516281  -0.00255458
  2663  8.157219  -0.00515642  -0.00255062
  2664  8.159720  -0.00515005  -0.00254667
  2665  8.162221  -0.00514368  -0.00254274
  2666  8.164722  -0.00513733  -0.00253880
  2667  8.167222  -0.00513099  -0.00253488
  2668  8.169723  -0.00512465  -0.00253096
  2669  8.172224  -0.00511833  -0.00252705
  2670  8.174725  -0.00511201  -0.00252315
  2671  8.177226  -0.00510571  -0.00251925
  2672  8.179727  -0.00509941  -0.00251536
  2673  8.182227  -0.00509313  -0.00251148
  2674  8.184728  -0.00508685  -0.00250761
  2675  8.187229  -0.00508058  -0.00250374
  2676  8.189730  -0.00507433  -0.00249988
  2677  8.192231  -0.00506808  -0.00249603
  2678  8.194732  -0.00506184  -0.00249219
  2679  8.197232  -0.00505562  -0.00248835
  2680  8.199733  -0.00504940  -0.00248452
  2681  8.202234  -0.00504319  -0.00248069
  2682  8.204735  -0.00503699  -0.00247687
  2683  8.207236  -0.00503080  -0.00247306
  2684  8.209737  -0.00502462  -0.00246926
  2685  8.212237  -0.00501845  -0.00246547
  2686  8.214738  -0.00501229  -0.00246168
  2687  8.217239  -0.00500614  -0.00245790
  2688  8.219740  -0.00500000  -0.00245412
  2689  8.222241  -0.00499386  -0.00245035
  2690  8.224742  -0.00498774  -0.00244659
  2691  8.227242  -0.00498163  -0.00244284
  2692  8.229743  -0.00497552  -0.00243909
  2693  8.232244  -0.00496943  -0.00243535
  2694  8.234745  -0.00496334  -0.00243162
  2695  8.237246  -0.00495726  -0.00242789
  2696  8.239747  -0.00495120  -0.00242417
  2697  8.242247  -0.00494514  -0.00242046
  2698  8.244748  -0.00493909  -0.00241675
  2699  8.247249  -0.00493305  -0.00241305
  2700  8.249750  -0.00492702  -0.00240936
  2701  8.252251  -0.00492100  -0.00240568
  2702  8.254752  -0.00491499  -0.00240200
  2703  8.257252  -0.00490899  -0.00239833
  2704  8.259753  -0.00490299  -0.00239466
  2705  8.262254  -0.00489701  -0.00239100
  2706  8.264755  -0.00489103  -0.00238735
  2707  8.267256  -0.00488507  -0.00238370
  2708  8.269757  -0.00487911  -0.00238007
  2709  8.272257  -0.00487316  -0.00237643
  2710  8.274758  -0.00486723  -0.00237281
  2711  8.277259  -0.00486130  -0.00236919
  2712  8.279760  -0.00485538  -0.00236558
  2713  8.282261  -0.00484946  -0.00236197
  2714  8.284762  -0.00484356  -0.00235838
  2715  8.287262  -0.00483767  -0.00235478
  2716  8.289763  -0.00483178  -0.00235120
  2717  8.292264  -0.00482591  -0.00234762
  2718  8.294765  -0.00482004  -0.00234405
  2719  8.297266  -0.00481418  -0.00234048
  2720  8.299767  -0.00480834  -0.00233692
  2721  8.302267  -0.00480250  -0.00233337
  2722  8.304768  -0.00479667  -0.00232982
  2723  8.307269  -0.00479084  -0.00232628
  2724  8.309770  -0.00478503  -0.00232275
  2725  8.312271  -0.00477923  -0.00231922
  2726  8.314772  -0.00477343  -0.00231570
  2727  8.317272  -0.00476764  -0.00231219
  2728  8.319773  -0.00476187  -0.00230868
  2729  8.322274  -0.00475610  -0.00230518
  2730  8.324775  -0.00475034  -0.00230169
  2731  8.327276  -0.00474458  -0.00229820
  2732  8.329777  -0.00473884  -0.00229471
  2733  8.332277  -0.00473311  -0.00229124
  2734  8.334778  -0.00472738  -0.00228777
  2735  8.337279  -0.00472166  -0.00228431
  2736  8.339780  -0.00471596  -0.00228085
  2737  8.342281  -0.00471026  -0.00227740
  2738  8.344782  -0.00470456  -0.00227395
  2739  8.347282  -0.00469888  -0.00227052
  2740  8.349783  -0.00469321  -0.00226708
  2741  8.352284  -0.00468754  -0.00226366
  2742  8.354785  -0.00468189  -0.00226024
  2743  8.357286  -0.00467624  -0.00225683
  2744  8.359787  -0.00467060  -0.00225342
  2745  8.362287  -0.00466497  -0.00225002
  2746  8.364788  -0.00465934  -0.00224662
  2747  8.367289  -0.00465373  -0.00224324
  2748  8.369790  -0.00464812  -0.00223985
  2749  8.372291  -0.00464253  -0.00223648
  2750  8.374792  -0.00463694  -0.00223311
  2751  8.377292  -0.00463136  -0.00222974
  2752  8.379793  -0.00462579  -0.00222639
  2753  8.382294  -0.00462022  -0.00222303
  2754  8.384795  -0.00461467  -0.00221969
  2755  8.387296  -0.00460912  -0.00221635
  2756  8.389797  -0.00460358  -0.00221301
  2757  8.392297  -0.00459805  -0.00220969
  2758  8.394798  -0.00459253  -0.00220637
  2759  8.397299  -0.00458702  -0.00220305
  2760  8.399800  -0.00458151  -0.00219974
  2761  8.402301  -0.00457601  -0.00219644
  2762  8.404802  -0.00457052  -0.00219314
  2763  8.407302  -0.00456504  -0.00218985
  2764  8.409803  -0.00455957  -0.00218656
  2765  8.412304  -0.00455411  -0.00218328
  2766  8.414805  -0.00454865  -0.00218001
  2767  8.417306  -0.00454320  -0.00217674
  2768  8.419807  -0.00453776  -0.00217348
  2769  8.422307  -0.00453233  -0.00217022
  2770  8.424808  -0.00452691  -0.00216697
  2771  8.427309  -0.00452149  -0.00216373
  2772  8.429810  -0.00451609  -0.00216049
  2773  8.432311  -0.00451069  -0.00215725
  2774  8.434812  -0.00450530  -0.00215403
  2775  8.437312  -0.00449991  -0.00215081
  2776  8.439813  -0.00449454  -0.00214759
  2777  8.442314  -0.00448917  -0.00214438
  2778  8.444815  -0.00448381  -0.00214118
  2779  8.447316  -0.00447846  -0.00213798
  2780  8.449817  -0.00447312  -0.00213479
  2781  8.452317  -0.00446779  -0.00213160
  2782  8.454818  -0.00446246  -0.00212842
  2783  8.457319  -0.00445714  -0.00212524
  2784  8.459820  -0.00445183  -0.00212207
  2785  8.462321  -0.00444653  -0.00211891
  2786  8.464822  -0.00444123  -0.00211575
  2787  8.467322  -0.00443594  -0.00211260
  2788  8.469823  -0.00443066  -0.00210945
  2789  8.472324  -0.00442539  -0.00210631
  2790  8.474825  -0.00442013  -0.00210317
  2791  8.477326  -0.00441487  -0.00210004
  2792  8.479827  -0.00440963  -0.00209692
  2793  8.482327  -0.00440439  -0.00209380
  2794  8.484828  -0.00439915  -0.00209069
  2795  8.487329  -0.00439393  -0.00208758
  2796  8.489830  -0.00438871  -0.00208448
  2797  8.492331  -0.00438350  -0.00208138
  2798  8.494832  -0.00437830  -0.00207829
  2799  8.497332  -0.00437311  -0.00207520
  2800  8.499833  -0.00436792  -0.00207212
  2801  8.502334  -0.00436274  -0.00206905
  2802  8.504835  -0.00435757  -0.00206598
  2803  8.507336  -0.00435241  -0.00206291
  2804  8.509837  -0.00434726  -0.00205986
  2805  8.512337  -0.00434211  -0.00205680
  2806  8.514838  -0.00433697  -0.00205376
  2807  8.517339  -0.00433184  -0.00205071
  2808  8.519840  -0.00432671  -0.00204768
  2809  8.522341  -0.00432159  -0.00204465
  2810  8.524842  -0.00431648  -0.00204162
  2811  8.527342  -0.00431138  -0.00203860
  2812  8.529843  -0.00430629  -0.00203558
  2813  8.532344  -0.00430120  -0.00203257
  2814  8.534845  -0.00429612  -0.00202957
  2815  8.537346  -0.00429105  -0.00202657
  2816  8.539847  -0.00428599  -0.00202358
  2817  8.542347  -0.00428093  -0.00202059
  2818  8.544848  -0.00427588  -0.00201761
  2819  8.547349  -0.00427084  -0.00201463
  2820  8.549850  -0.00426580  -0.00201166
  2821  8.552351  -0.00426078  -0.00200869
  2822  8.554852  -0.00425576  -0.00200573
  2823  8.557352  -0.00425074  -0.00200277
  2824  8.559853  -0.00424574  -0.00199982
  2825  8.562354  -0.00424074  -0.00199687
  2826  8.564855  -0.00423575  -0.00199393
  2827  8.567356  -0.00423077  -0.00199099
  2828  8.569857  -0.00422579  -0.00198806
  2829  8.572357  -0.00422082  -0.00198514
  2830  8.574858  -0.00421586  -0.00198222
  2831  8.577359  -0.00421091  -0.00197930
  2832  8.579860  -0.00420596  -0.00197639
  2833  8.582361  -0.00420103  -0.00197349
  2834  8.584862  -0.00419609  -0.00197059
  2835  8.587362  -0.00419117  -0.00196769
  2836  8.589863  -0.00418625  -0.00196480
  2837  8.592364  -0.00418134  -0.00196192
  2838  8.594865  -0.00417644  -0.00195904
  2839  8.597366  -0.00417154  -0.00195617
  2840  8.599867  -0.00416665  -0.00195330
  2841  8.602367  -0.00416177  -0.00195043
  2842  8.604868  -0.00415690  -0.00194757
  2843  8.607369  -0.00415203  -0.00194472
  2844  8.609870  -0.00414717  -0.00194187
  2845  8.612371  -0.00414232  -0.00193903
  2846  8.614872  -0.00413747  -0.00193619
  2847  8.617372  -0.00413264  -0.00193335
  2848  8.619873  -0.00412780  -0.00193052
  2849  8.622374  -0.00412298  -0.00192770
  2850  8.624875  -0.00411816  -0.00192488
  2851  8.627376  -0.00411335  -0.00192207
  2852  8.629877  -0.00410855  -0.00191926
  2853  8.632377  -0.00410375  -0.00191645
  2854  8.634878  -0.00409896  -0.00191365
  2855  8.637379  -0.00409418  -0.00191086
  2856  8.639880  -0.00408941  -0.00190807
  2857  8.642381  -0.00408464  -0.00190529
  2858  8.644882  -0.00407988  -0.00190251
  2859  8.647382  -0.00407512  -0.00189973
  2860  8.649883  -0.00407037  -0.00189696
  2861  8.652384  -0.00406563  -0.00189420
  2862  8.654885  -0.00406090  -0.00189144
  2863  8.657386  -0.00405617  -0.00188868
  2864  8.659887  -0.00405145  -0.00188593
  2865  8.662387  -0.00404674  -0.00188318
  2866  8.664888  -0.00404203  -0.00188044
  2867  8.667389  -0.00403734  -0.00187771
  2868  8.669890  -0.00403264  -0.00187497
  2869  8.672391  -0.00402796  -0.00187225
  2870  8.674892  -0.00402328  -0.00186953
  2871  8.677392  -0.00401861  -0.00186681
  2872  8.679893  -0.00401394  -0.00186410
  2873  8.682394  -0.00400928  -0.00186139
  2874  8.684895  -0.00400463  -0.00185869
  2875  8.687396  -0.00399999  -0.00185599
  2876  8.689897  -0.00399535  -0.00185329
  2877  8.692397  -0.00399072  -0.00185060
  2878  8.694898  -0.00398609  -0.00184792
  2879  8.697399  -0.00398147  -0.00184524
  2880  8.699900  -0.00397686  -0.00184257
  2881  8.702401  -0.00397226  -0.00183990
  2882  8.704902  -0.00396766  -0.00183723
  2883  8.707402  -0.00396307  -0.00183457
  2884  8.709903  -0.00395848  -0.00183191
  2885  8.712404  -0.00395391  -0.00182926
  2886  8.714905  -0.00394934  -0.00182661
  2887  8.717406  -0.00394477  -0.00182397
  2888  8.719907  -0.00394021  -0.00182133
  2889  8.722407  -0.00393566  -0.00181870
  2890  8.724908  -0.00393112  -0.00181607
  2891  8.727409  -0.00392658  -0.00181345
  2892  8.729910  -0.00392205  -0.00181083
  2893  8.732411  -0.00391752  -0.00180821
  2894  8.734912  -0.00391300  -0.00180560
  2895  8.737412  -0.00390849  -0.00180300
  2896  8.739913  -0.00390398  -0.00180040
  2897  8.742414  -0.00389948  -0.00179780
  2898  8.744915  -0.00389499  -0.00179521
  2899  8.747416  -0.00389050  -0.00179262
  2900  8.749917  -0.00388603  -0.00179003
  2901  8.752417  -0.00388155  -0.00178746
  2902  8.754918  -0.00387708  -0.00178488
  2903  8.757419  -0.00387262  -0.00178231
  2904  8.759920  -0.00386817  -0.00177975
  2905  8.762421  -0.00386372  -0.00177718
  2906  8.764922  -0.00385928  -0.00177463
  2907  8.767422  -0.00385485  -0.00177208
  2908  8.769923  -0.00385042  -0.00176953
  2909  8.772424  -0.00384600  -0.00176698
  2910  8.774925  -0.00384158  -0.00176444
  2911  8.777426  -0.00383717  -0.00176191
  2912  8.779927  -0.00383277  -0.00175938
  2913  8.782427  -0.00382837  -0.00175685
  2914  8.784928  -0.00382398  -0.00175433
  2915  8.787429  -0.00381960  -0.00175181
  2916  8.789930  -0.00381522  -0.00174930
  2917  8.792431  -0.00381085  -0.00174679
  2918  8.794932  -0.00380648  -0.00174429
  2919  8.797432  -0.00380212  -0.00174179
  2920  8.799933  -0.00379777  -0.00173929
  2921  8.802434  -0.00379342  -0.00173680
  2922  8.804935  -0.00378908  -0.00173431
  2923  8.807436  -0.00378475  -0.00173183
  2924  8.809937  -0.00378042  -0.00172935
  2925  8.812437  -0.00377610  -0.00172688
  2926  8.814938  -0.00377178  -0.00172441
  2927  8.817439  -0.00376747  -0.00172194
  2928  8.819940  -0.00376317  -0.00171948
  2929  8.822441  -0.00375887  -0.00171702
  2930  8.824942  -0.00375458  -0.00171457
  2931  8.827442  -0.00375030  -0.00171212
  2932  8.829943  -0.00374602  -0.00170968
  2933  8.832444  -0.00374175  -0.00170724
  2934  8.834945  -0.00373748  -0.00170480
  2935  8.837446  -0.00373322  -0.00170237
  2936  8.839947  -0.00372897  -0.00169994
  2937  8.842447  -0.00372472  -0.00169752
  2938  8.844948  -0.00372048  -0.00169510
  2939  8.847449  -0.00371624  -0.00169268
  2940  8.849950  -0.00371201  -0.00169027
  2941  8.852451  -0.00370779  -0.00168786
  2942  8.854952  -0.00370357  -0.00168546
  2943  8.857452  -0.00369936  -0.00168306
  2944  8.859953  -0.00369515  -0.00168066
  2945  8.862454  -0.00369095  -0.00167827
  2946  8.864955  -0.00368675  -0.00167589
  2947  8.867456  -0.00368257  -0.00167350
  2948  8.869957  -0.00367838  -0.00167113
  2949  8.872457  -0.00367421  -0.00166875
  2950  8.874958  -0.00367004  -0.00166638
  2951  8.877459  -0.00366587  -0.00166401
  2952  8.879960  -0.00366172  -0.00166165
  2953  8.882461  -0.00365756  -0.00165929
  2954  8.884962  -0.00365342  -0.00165694
  2955  8.887462  -0.00364928  -0.00165459
  2956  8.889963  -0.00364514  -0.00165224
  2957  8.892464  -0.00364101  -0.00164990
  2958  8.894965  -0.00363689  -0.00164756
  2959  8.897466  -0.00363277  -0.00164523
  2960  8.899967  -0.00362866  -0.00164290
  2961  8.902467  -0.00362455  -0.00164057
  2962  8.904968  -0.00362045  -0.00163825
  2963  8.907469  -0.00361636  -0.00163593
  2964  8.909970  -0.00361227  -0.00163361
  2965  8.912471  -0.00360819  -0.00163130
  2966  8.914972  -0.00360411  -0.00162900
  2967  8.917472  -0.00360004  -0.00162669
  2968  8.919973  -0.00359598  -0.00162440
  2969  8.922474  -0.00359192  -0.00162210
  2970  8.924975  -0.00358786  -0.00161981
  2971  8.927476  -0.00358381  -0.00161752
  2972  8.929977  -0.00357977  -0.00161524
  2973  8.932477  -0.00357574  -0.00161296
  2974  8.934978  -0.00357170  -0.00161068
  2975  8.937479  -0.00356768  -0.00160841
  2976  8.939980  -0.00356366  -0.00160614
  2977  8.942481  -0.00355965  -0.00160388
  2978  8.944982  -0.00355564  -0.00160162
  2979  8.947482  -0.00355164  -0.00159936
  2980  8.949983  -0.00354764  -0.00159711
  2981  8.952484  -0.00354365  -0.00159486
  2982  8.954985  -0.00353966  -0.00159262
  2983  8.957486  -0.00353568  -0.00159038
  2984  8.959987  -0.00353171  -0.00158814
  2985  8.962487  -0.00352774  -0.00158590
  2986  8.964988  -0.00352377  -0.00158367
  2987  8.967489  -0.00351982  -0.00158145
  2988  8.969990  -0.00351586  -0.00157923
  2989  8.972491  -0.00351192  -0.00157701
  2990  8.974992  -0.00350798  -0.00157479
  2991  8.977492  -0.00350404  -0.00157258
  2992  8.979993  -0.00350011  -0.00157037
  2993  8.982494  -0.00349619  -0.00156817
  2994  8.984995  -0.00349227  -0.00156597
  2995  8.987496  -0.00348835  -0.00156377
  2996  8.989997  -0.00348445  -0.00156158
  2997  8.992497  -0.00348054  -0.00155939
  2998  8.994998  -0.00347665  -0.00155721
  2999  8.997499  -0.00347276  -0.00155503
  3000  9.000000  -0.00346887  -0.00155285

